base_price,competitor_price,demand,inventory,time_to_event,distance,demand_ratio,final_price,season_Autumn,season_Monsoon,season_Summer,season_Winter,customer_type_New,customer_type_Premium,customer_type_Regular
960,2793,74,371,451,755,0.19946091644204852,1080.04,0,1,0,0,0,1,0
3872,725,902,213,427,735,4.234741784037559,9053.03,0,0,0,1,0,1,0
3192,4334,279,155,390,1744,1.8,5253.71,0,1,0,0,0,1,0
566,3808,546,453,334,991,1.205298013245033,792.6,0,1,0,0,0,1,0
4526,861,109,224,448,781,0.48660714285714285,5206.02,0,0,0,1,0,0,1
3544,4079,114,114,338,222,1.0,4943.91,0,0,1,0,0,0,1
3271,3629,140,358,88,288,0.39106145251396646,3768.38,0,1,0,0,0,0,1
3019,1655,398,306,269,1925,1.3006535947712419,4428.17,0,0,0,1,0,1,0
230,3733,330,365,65,524,0.9041095890410958,315.01,0,0,1,0,0,1,0
1785,775,447,78,678,1511,5.730769230769231,5194.97,0,0,1,0,1,0,0
869,4287,28,496,64,699,0.056451612903225805,914.52,0,1,0,0,0,1,0
2491,136,234,483,270,681,0.484472049689441,3066.4,0,0,1,0,1,0,0
2533,3936,627,264,657,1829,2.375,4739.3,0,1,0,0,1,0,0
1284,1887,575,240,377,324,2.3958333333333335,2341.49,0,0,1,0,0,0,1
4655,2827,999,212,329,618,4.712264150943396,12026.11,0,0,1,0,0,1,0
3485,3980,469,371,518,1200,1.2641509433962264,5222.88,0,0,1,0,0,1,0
4217,1994,403,404,633,1963,0.9975247524752475,5941.2,0,1,0,0,1,0,0
4943,236,235,257,421,861,0.914396887159533,6520.43,0,0,1,0,1,0,0
3004,3176,921,449,313,41,2.0512249443207127,5333.79,1,0,0,0,0,1,0
574,3983,369,411,309,1848,0.8978102189781022,730.68,0,0,0,1,1,0,0
1182,761,439,405,644,1349,1.0839506172839506,1720.92,0,0,0,1,0,1,0
2658,1910,934,258,189,1785,3.62015503875969,5681.11,1,0,0,0,0,1,0
2147,514,24,153,42,1291,0.1568627450980392,2347.05,0,0,1,0,1,0,0
2847,442,569,292,590,1758,1.9486301369863013,4909.99,1,0,0,0,0,0,1
1075,2829,660,365,320,393,1.8082191780821917,1698.66,0,1,0,0,0,1,0
1906,3550,555,410,657,1137,1.353658536585366,2740.26,0,0,0,1,1,0,0
289,3765,941,250,445,1308,3.764,654.91,0,0,1,0,1,0,0
2834,3837,423,350,374,1814,1.2085714285714286,4133.94,0,0,0,1,1,0,0
3105,3997,364,384,286,203,0.9479166666666666,3990.96,1,0,0,0,0,1,0
4758,4341,466,238,171,853,1.9579831932773109,7893.04,1,0,0,0,0,1,0
1999,4518,731,40,605,774,18.275,13592.33,0,0,0,1,0,1,0
1367,2269,540,118,263,1818,4.576271186440678,3331.9,0,0,0,1,1,0,0
1628,1978,205,428,535,1168,0.47897196261682246,1963.61,0,0,0,1,0,0,1
3302,4070,847,36,142,1267,23.52777777777778,27019.93,0,0,0,1,0,0,1
3656,4796,124,352,148,782,0.3522727272727273,4173.19,1,0,0,0,0,1,0
3990,4670,426,169,440,35,2.5207100591715976,7507.08,0,0,1,0,0,1,0
746,2717,361,26,628,1834,13.884615384615385,4190.08,0,0,0,1,0,1,0
2988,1615,985,276,593,53,3.568840579710145,6551.76,0,0,1,0,0,0,1
2535,674,84,138,416,503,0.6086956521739131,3020.35,0,0,0,1,0,0,1
700,4542,671,229,25,1380,2.930131004366812,1404.6,0,1,0,0,0,1,0
2463,2967,45,91,627,150,0.4945054945054945,3082.27,0,0,1,0,1,0,0
2161,3644,251,58,94,437,4.327586206896552,5217.05,0,1,0,0,0,0,1
341,4577,672,50,305,450,13.44,1800.63,1,0,0,0,0,1,0
2141,171,72,29,185,525,2.4827586206896552,4106.04,0,1,0,0,0,0,1
2924,2668,675,336,283,267,2.0089285714285716,4984.42,1,0,0,0,1,0,0
2712,3537,518,46,155,1932,11.26086956521739,12830.91,0,0,0,1,1,0,0
1463,3080,197,391,686,1633,0.5038363171355499,1793.01,1,0,0,0,0,0,1
1578,1217,744,409,685,86,1.8190709046454767,2493.03,0,0,0,1,0,1,0
2656,2486,102,48,666,309,2.125,4472.75,0,0,0,1,0,0,1
875,3608,14,118,14,265,0.11864406779661017,966.47,0,0,0,1,0,1,0
4114,1459,447,438,640,492,1.0205479452054795,5618.63,1,0,0,0,0,0,1
134,4859,175,73,341,1607,2.3972602739726026,239.68,0,0,0,1,1,0,0
3252,1615,455,184,604,1041,2.472826086956522,5677.21,0,1,0,0,0,0,1
2055,139,34,288,473,1213,0.11805555555555555,2315.96,0,1,0,0,0,1,0
1685,1482,517,41,108,522,12.609756097560975,8772.07,0,0,0,1,0,1,0
4043,2130,107,442,331,1190,0.2420814479638009,4536.53,0,0,0,1,1,0,0
3173,2721,277,218,540,1915,1.2706422018348624,4689.62,0,0,1,0,0,1,0
1121,2000,671,388,439,1575,1.7293814432989691,1732.87,1,0,0,0,0,1,0
3561,2317,402,28,709,878,14.357142857142858,19850.87,0,0,1,0,1,0,0
2713,4896,773,115,712,1369,6.721739130434782,8542.98,0,1,0,0,0,1,0
3943,4706,605,491,666,1243,1.2321792260692463,5755.15,1,0,0,0,0,1,0
1600,1383,294,215,384,94,1.3674418604651162,2362.34,0,1,0,0,0,0,1
4898,683,693,256,582,1182,2.70703125,9318.11,1,0,0,0,0,0,1
261,558,742,332,160,1899,2.2349397590361444,448.89,1,0,0,0,0,0,1
4397,2365,118,176,432,34,0.6704545454545454,5306.97,1,0,0,0,0,0,1
2081,2766,36,98,396,801,0.3673469387755102,2522.2,0,1,0,0,0,0,1
1095,915,767,325,615,416,2.36,1872.55,0,0,0,1,0,0,1
3442,2611,64,20,488,1530,3.2,6936.11,0,1,0,0,0,0,1
4651,346,986,58,189,1514,17.0,29641.02,1,0,0,0,1,0,0
3898,4925,142,408,418,524,0.3480392156862745,4442.37,0,1,0,0,0,0,1
1375,516,61,393,343,233,0.15521628498727735,1518.45,0,1,0,0,0,1,0
1116,4563,502,476,361,1623,1.0546218487394958,1536.9,0,0,1,0,1,0,0
437,3817,774,70,109,605,11.057142857142857,1934.79,1,0,0,0,0,0,1
978,207,790,180,301,107,4.388888888888889,2285.64,0,1,0,0,0,0,1
1176,2731,307,152,368,1217,2.0197368421052633,1914.54,1,0,0,0,0,1,0
4987,938,408,216,255,1492,1.8888888888888888,8192.93,0,1,0,0,1,0,0
4093,4613,600,495,316,522,1.2121212121212122,6053.52,0,0,1,0,0,1,0
4959,1521,27,472,705,637,0.057203389830508475,5094.86,0,1,0,0,0,1,0
479,4878,827,210,71,787,3.9380952380952383,1115.67,0,0,0,1,1,0,0
592,4012,779,14,269,1019,55.642857142857146,11303.82,1,0,0,0,0,1,0
2162,355,864,220,501,1303,3.9272727272727272,4839.57,0,0,1,0,1,0,0
3984,2927,628,481,209,1152,1.3056133056133057,5914.97,0,1,0,0,0,1,0
164,937,918,38,478,341,24.157894736842106,1445.44,0,0,1,0,1,0,0
2668,3062,973,199,176,697,4.889447236180905,7047.35,0,1,0,0,0,0,1
2127,2382,568,197,239,1899,2.883248730964467,4320.17,1,0,0,0,1,0,0
2795,652,255,334,610,1891,0.7634730538922155,3572.07,0,1,0,0,0,1,0
1595,280,512,264,442,59,1.9393939393939394,2584.48,0,0,1,0,0,1,0
491,4352,98,159,601,1206,0.6163522012578616,613.43,0,0,0,1,0,0,1
4614,1577,212,22,492,586,9.636363636363637,18064.95,0,0,1,0,0,0,1
4574,670,955,443,99,1538,2.1557562076749437,7783.64,0,0,0,1,0,0,1
3661,1827,249,381,329,243,0.6535433070866141,4765.53,0,0,0,1,1,0,0
2378,691,499,440,326,228,1.134090909090909,3356.63,1,0,0,0,1,0,0
3199,4616,789,375,445,560,2.104,5446.08,0,0,1,0,1,0,0
300,2360,22,166,666,518,0.13253012048192772,320.22,0,1,0,0,1,0,0
4975,3047,658,89,295,555,7.393258426966292,16410.28,0,0,0,1,1,0,0
3204,447,324,365,442,1169,0.8876712328767123,4153.23,0,0,1,0,0,1,0
4698,265,694,282,31,127,2.4609929078014185,8843.72,1,0,0,0,0,1,0
2554,4543,751,157,131,335,4.7834394904458595,6831.66,0,1,0,0,0,1,0
3745,2996,207,215,527,758,0.9627906976744186,5084.83,0,1,0,0,1,0,0
904,4593,252,123,438,1956,2.048780487804878,1471.28,0,1,0,0,0,0,1
2831,682,516,15,326,1432,34.4,34453.77,0,0,1,0,0,1,0
2873,3606,52,287,267,121,0.18118466898954705,3294.84,0,0,1,0,0,1,0
1670,4503,339,241,286,1768,1.4066390041493777,2595.87,0,1,0,0,1,0,0
2790,3138,800,146,291,1912,5.47945205479452,7840.11,1,0,0,0,1,0,0
3940,2945,600,169,368,701,3.5502958579881656,8548.87,0,1,0,0,1,0,0
1128,2866,438,353,486,1309,1.2407932011331444,1643.93,0,1,0,0,0,1,0
602,4294,800,298,555,242,2.684563758389262,1088.24,1,0,0,0,0,0,1
4593,1365,753,214,168,78,3.5186915887850465,10060.21,1,0,0,0,1,0,0
970,4353,622,492,471,1594,1.2642276422764227,1432.83,1,0,0,0,1,0,0
4588,4749,171,335,170,450,0.5104477611940299,5672.58,0,1,0,0,0,0,1
306,4846,665,314,346,1494,2.1178343949044587,528.59,1,0,0,0,0,0,1
1584,3067,968,369,78,1205,2.6233062330623307,3028.75,0,0,1,0,0,0,1
963,2374,630,167,85,1606,3.7724550898203595,2184.01,1,0,0,0,1,0,0
2890,2570,444,367,661,265,1.2098092643051772,3984.41,0,1,0,0,1,0,0
663,2390,242,409,201,1740,0.5916870415647921,850.82,0,0,0,1,0,1,0
4291,2677,120,458,589,682,0.26200873362445415,4916.5,0,0,0,1,0,1,0
1857,3760,937,115,361,295,8.147826086956522,6861.66,0,0,1,0,0,1,0
1778,1168,943,91,565,965,10.362637362637363,7555.92,0,0,0,1,0,1,0
3342,2836,241,351,302,890,0.6866096866096866,4400.88,0,0,0,1,0,1,0
4736,4929,961,483,293,247,1.989648033126294,7943.01,0,0,0,1,0,1,0
1159,2050,759,279,294,424,2.7204301075268815,2247.82,0,0,1,0,1,0,0
1822,191,718,449,109,1083,1.599109131403118,2952.79,0,0,0,1,0,1,0
3414,3193,282,430,365,1836,0.6558139534883721,4459.97,0,1,0,0,1,0,0
3257,2319,607,58,600,833,10.46551724137931,14352.23,0,0,0,1,1,0,0
2725,1487,816,215,678,1482,3.7953488372093025,5924.29,1,0,0,0,0,0,1
2829,4374,50,227,494,11,0.22026431718061673,3302.62,0,0,0,1,1,0,0
1697,2385,569,315,267,347,1.8063492063492064,2874.12,0,0,0,1,1,0,0
3160,3306,475,173,93,852,2.745664739884393,5822.48,0,1,0,0,1,0,0
2793,3024,933,445,685,1029,2.096629213483146,4754.64,0,0,1,0,0,0,1
4991,379,86,288,64,1741,0.2986111111111111,5736.26,0,0,1,0,1,0,0
3727,1718,699,331,428,1394,2.11178247734139,6144.24,0,0,0,1,0,0,1
1463,2887,499,240,638,1482,2.0791666666666666,2420.61,0,1,0,0,0,1,0
2081,470,778,208,368,245,3.7403846153846154,4653.58,0,0,0,1,1,0,0
1763,3283,126,496,105,249,0.2540322580645161,2080.09,0,0,1,0,0,1,0
1629,3934,443,438,209,945,1.0114155251141552,2129.18,0,0,1,0,1,0,0
2138,1803,28,380,574,435,0.07368421052631578,2384.65,1,0,0,0,0,0,1
3402,2368,580,223,474,1444,2.600896860986547,6600.72,1,0,0,0,0,1,0
2337,403,205,293,61,105,0.6996587030716723,3069.9,0,1,0,0,1,0,0
1406,3874,628,495,346,242,1.2686868686868686,2014.42,0,1,0,0,1,0,0
4129,1448,460,285,12,1296,1.6140350877192982,6429.1,0,0,1,0,0,0,1
2775,2522,434,442,466,519,0.9819004524886877,3737.42,0,0,1,0,1,0,0
1382,3728,403,194,649,1760,2.077319587628866,2455.82,0,0,1,0,0,1,0
809,2528,293,219,195,729,1.3378995433789955,1192.81,0,0,0,1,0,0,1
4844,3133,43,130,74,1068,0.33076923076923076,5367.6,1,0,0,0,0,1,0
4513,768,304,225,386,1050,1.3511111111111112,6516.09,1,0,0,0,0,1,0
3848,599,260,106,136,1828,2.452830188679245,6988.16,0,0,1,0,1,0,0
4879,1514,647,452,555,181,1.4314159292035398,7639.19,0,0,1,0,1,0,0
763,629,348,128,436,604,2.71875,1464.14,1,0,0,0,0,0,1
2098,3721,627,374,39,428,1.6764705882352942,3372.65,0,1,0,0,0,0,1
3545,3556,449,291,543,268,1.5429553264604812,5231.84,0,0,1,0,0,0,1
3843,854,189,412,654,858,0.4587378640776699,4755.43,0,0,1,0,0,1,0
1595,2447,631,115,320,580,5.48695652173913,4448.0,0,1,0,0,0,1,0
3404,826,237,406,556,876,0.583743842364532,4368.62,0,0,1,0,0,1,0
3863,4926,642,467,700,151,1.3747323340471092,5699.24,1,0,0,0,0,1,0
1953,2749,628,327,353,1640,1.9204892966360856,3288.48,1,0,0,0,1,0,0
4759,2146,652,391,514,600,1.6675191815856778,7475.88,0,1,0,0,0,0,1
1391,2915,32,151,483,95,0.2119205298013245,1500.52,1,0,0,0,1,0,0
3681,974,666,466,416,382,1.4291845493562232,5402.33,0,1,0,0,1,0,0
3557,3379,336,404,370,1822,0.8316831683168316,4474.38,0,1,0,0,0,1,0
1736,3084,163,332,343,1855,0.49096385542168675,2079.38,1,0,0,0,0,0,1
3796,2278,628,497,325,515,1.2635814889336017,5574.89,0,1,0,0,0,1,0
3099,3907,155,277,367,1744,0.5595667870036101,3707.43,1,0,0,0,0,1,0
3252,707,261,300,336,930,0.87,4301.87,0,1,0,0,0,0,1
798,734,311,496,296,1638,0.6270161290322581,991.62,0,1,0,0,0,0,1
2260,4679,79,375,24,1884,0.21066666666666667,2531.0,0,1,0,0,1,0,0
4197,2827,552,176,442,1713,3.1363636363636362,8296.36,1,0,0,0,0,1,0
4837,1174,102,169,104,1452,0.6035502958579881,6017.87,0,0,1,0,0,1,0
954,2014,658,240,412,1449,2.7416666666666667,1801.99,0,0,0,1,0,1,0
3574,688,895,23,574,1840,38.91304347826087,46592.24,0,0,1,0,0,0,1
1807,3331,172,202,665,199,0.8514851485148515,2401.53,0,1,0,0,0,1,0
2877,2404,90,164,294,8,0.5487804878048781,3400.25,1,0,0,0,0,1,0
1833,3938,837,110,243,1927,7.609090909090909,6559.19,0,1,0,0,0,1,0
3610,2073,597,69,342,1781,8.652173913043478,14193.77,0,0,1,0,0,1,0
302,2155,72,52,633,805,1.3846153846153846,455.68,0,0,0,1,1,0,0
3355,3580,621,202,173,1975,3.0742574257425743,6644.75,0,0,1,0,0,0,1
4318,2179,445,320,416,327,1.390625,6502.49,1,0,0,0,1,0,0
4596,3152,57,118,103,1714,0.4830508474576271,5578.55,1,0,0,0,0,0,1
866,4582,454,102,160,1618,4.450980392156863,2101.49,0,0,1,0,0,1,0
4489,1351,929,225,257,1648,4.128888888888889,10338.04,0,0,1,0,0,0,1
2427,3895,83,474,714,871,0.1751054852320675,2597.53,0,0,0,1,1,0,0
3031,3922,835,172,557,1045,4.854651162790698,7607.18,0,1,0,0,0,1,0
297,4402,713,360,576,1570,1.9805555555555556,504.39,1,0,0,0,1,0,0
2030,3489,551,243,196,255,2.2674897119341564,3713.07,1,0,0,0,1,0,0
3682,1880,166,425,391,1457,0.3905882352941176,4271.79,0,0,0,1,1,0,0
708,2704,496,412,70,1529,1.203883495145631,975.45,1,0,0,0,0,0,1
3372,3788,275,360,693,1051,0.7638888888888888,4150.06,1,0,0,0,1,0,0
1247,4988,265,176,247,520,1.5056818181818181,1883.76,0,0,1,0,0,0,1
4382,1824,48,157,329,930,0.3057324840764331,4895.17,0,0,1,0,1,0,0
3497,2884,64,37,158,530,1.7297297297297298,5482.99,0,0,0,1,1,0,0
2611,3819,37,268,698,947,0.13805970149253732,2784.86,1,0,0,0,0,0,1
1894,1777,923,425,585,500,2.171764705882353,3335.74,0,0,0,1,0,0,1
759,548,946,95,55,1257,9.957894736842105,3219.65,0,1,0,0,1,0,0
2911,4787,127,117,486,1420,1.0854700854700854,4210.99,0,1,0,0,1,0,0
1469,181,379,451,243,1331,0.8403547671840355,1968.05,0,0,0,1,0,1,0
2086,1506,218,447,353,510,0.48769574944071586,2430.64,1,0,0,0,1,0,0
246,1580,596,435,410,1727,1.3701149425287356,373.2,0,1,0,0,1,0,0
3319,1179,586,126,15,424,4.650793650793651,8093.9,1,0,0,0,0,1,0
3011,3698,858,373,147,150,2.3002680965147455,5373.09,0,0,1,0,1,0,0
1834,4614,877,24,490,1416,36.541666666666664,22108.33,0,0,0,1,1,0,0
1943,4283,621,495,656,1514,1.2545454545454546,2686.93,0,1,0,0,0,0,1
588,3780,567,220,25,668,2.577272727272727,1091.03,1,0,0,0,0,0,1
3076,2803,325,327,611,946,0.9938837920489296,4035.08,0,0,1,0,0,0,1
2059,4410,402,40,691,1071,10.05,8520.4,0,0,0,1,1,0,0
2485,3856,950,454,333,312,2.092511013215859,4182.02,0,1,0,0,0,0,1
3019,1858,453,291,174,1952,1.556701030927835,4769.68,0,0,1,0,1,0,0
4836,2699,677,462,290,139,1.4653679653679654,7193.57,0,0,0,1,0,1,0
1902,2650,761,194,570,1429,3.922680412371134,4344.94,0,1,0,0,0,0,1
4161,3953,874,413,145,922,2.116222760290557,7328.25,1,0,0,0,0,1,0
3469,2846,268,75,122,1678,3.5733333333333333,7335.04,0,0,1,0,1,0,0
362,2392,956,414,27,1871,2.3091787439613527,662.1,0,0,1,0,1,0,0
723,1601,657,380,66,14,1.7289473684210526,1189.34,1,0,0,0,0,1,0
1116,4504,891,325,101,1996,2.7415384615384615,2234.99,0,0,1,0,0,1,0
3743,330,207,72,388,1892,2.875,7280.9,0,0,1,0,0,1,0
2149,4350,708,444,94,771,1.5945945945945945,3294.79,0,0,0,1,0,1,0
3823,1298,637,237,67,1772,2.6877637130801686,7390.37,1,0,0,0,0,0,1
4648,214,454,485,250,1977,0.9360824742268041,5987.89,0,0,1,0,0,1,0
3208,1513,579,477,142,1914,1.2138364779874213,4393.59,1,0,0,0,0,0,1
4190,4506,591,110,267,1543,5.372727272727273,11310.12,0,0,0,1,0,1,0
2156,1092,614,432,552,1575,1.4212962962962963,3299.64,0,0,0,1,0,1,0
3270,2447,750,365,215,185,2.0547945205479454,5347.31,1,0,0,0,0,0,1
1782,1141,917,148,489,1139,6.195945945945946,5418.12,1,0,0,0,1,0,0
2355,111,658,128,496,110,5.140625,6148.2,0,1,0,0,1,0,0
1254,3776,626,66,480,1601,9.484848484848484,5136.45,0,0,0,1,1,0,0
4599,4925,314,140,643,743,2.242857142857143,8045.04,0,0,1,0,1,0,0
3291,3165,348,46,490,281,7.565217391304348,10884.04,0,0,0,1,0,0,1
1796,2136,538,477,1,543,1.1278825995807127,2463.14,0,0,0,1,1,0,0
4091,3146,63,489,9,86,0.12883435582822086,4342.48,0,1,0,0,0,0,1
4823,2450,121,120,380,138,1.0083333333333333,6385.35,1,0,0,0,0,0,1
4782,640,693,162,144,1490,4.277777777777778,11430.28,0,0,0,1,0,0,1
1748,2960,937,414,302,77,2.263285024154589,3215.05,0,1,0,0,0,0,1
1545,176,428,259,650,1992,1.6525096525096525,2463.02,1,0,0,0,0,0,1
4299,3167,983,251,417,1161,3.9163346613545817,10131.55,0,0,0,1,0,1,0
4023,123,314,217,179,1658,1.4470046082949308,6335.41,0,1,0,0,0,0,1
353,775,447,377,278,975,1.1856763925729443,504.44,0,0,0,1,1,0,0
3283,2494,665,179,144,776,3.7150837988826817,7107.25,0,0,1,0,0,0,1
2657,4367,94,266,339,1017,0.3533834586466165,3211.34,1,0,0,0,1,0,0
198,3498,533,288,459,97,1.8506944444444444,329.46,1,0,0,0,0,0,1
2300,2859,261,372,702,995,0.7016129032258065,3051.09,0,0,0,1,1,0,0
3061,588,737,122,331,1555,6.040983606557377,9168.87,0,1,0,0,0,0,1
4533,1585,135,417,270,798,0.3237410071942446,5358.75,0,1,0,0,0,1,0
3877,3759,619,184,187,1033,3.364130434782609,8483.61,0,0,1,0,1,0,0
2969,3335,913,98,666,83,9.316326530612244,12122.5,0,0,1,0,1,0,0
3334,2519,414,144,172,47,2.875,6558.95,0,1,0,0,0,0,1
3891,3595,313,303,404,1536,1.033003300330033,5337.35,1,0,0,0,1,0,0
1056,856,913,312,468,430,2.926282051282051,2146.33,0,0,1,0,0,0,1
4167,2624,37,368,247,1114,0.10054347826086957,4624.08,0,0,0,1,0,1,0
260,4350,857,428,523,513,2.0023364485981308,431.43,0,0,0,1,0,1,0
4593,356,275,215,559,1923,1.2790697674418605,6672.14,1,0,0,0,0,0,1
1400,1879,61,327,111,1698,0.18654434250764526,1572.22,1,0,0,0,0,0,1
4087,4869,664,82,303,1689,8.097560975609756,14055.18,0,0,1,0,0,1,0
1627,2215,653,268,473,1438,2.4365671641791047,2886.01,0,0,0,1,1,0,0
1318,3448,867,367,292,513,2.362397820163488,2308.44,1,0,0,0,1,0,0
4596,4868,520,157,252,1915,3.3121019108280256,9972.01,0,0,0,1,1,0,0
4835,1572,216,498,588,658,0.43373493975903615,5645.26,0,0,1,0,0,1,0
3204,358,583,234,175,673,2.4914529914529915,5904.0,1,0,0,0,0,0,1
2835,4175,884,114,109,1929,7.754385964912281,10214.3,0,1,0,0,0,1,0
4655,406,520,53,340,647,9.81132075471698,18833.22,0,0,0,1,1,0,0
1054,1218,653,425,14,798,1.536470588235294,1558.89,1,0,0,0,0,0,1
4665,3117,562,365,693,77,1.5397260273972602,7466.61,0,0,1,0,0,0,1
3546,4441,210,35,322,81,6.0,10628.47,0,1,0,0,1,0,0
1145,2880,620,313,43,1805,1.9808306709265175,1857.74,1,0,0,0,0,0,1
1793,1758,832,270,461,1805,3.0814814814814815,3733.37,0,0,0,1,1,0,0
3536,286,293,68,102,554,4.3088235294117645,8744.91,0,0,0,1,0,1,0
662,1897,366,70,625,636,5.228571428571429,1842.81,0,0,1,0,0,0,1
2585,1024,56,314,705,742,0.17834394904458598,2798.53,0,0,0,1,1,0,0
3454,884,146,423,9,1893,0.34515366430260047,3982.63,0,1,0,0,1,0,0
325,3544,139,410,149,1226,0.33902439024390246,382.89,0,0,1,0,0,1,0
4993,3296,204,79,338,846,2.5822784810126582,9207.17,0,0,1,0,0,0,1
1059,1460,638,451,224,1471,1.4146341463414633,1518.98,1,0,0,0,0,0,1
4648,440,373,456,110,107,0.8179824561403509,5867.58,0,0,1,0,0,0,1
3167,662,441,454,354,965,0.9713656387665198,4334.11,1,0,0,0,0,0,1
915,4846,78,456,84,1316,0.17105263157894737,998.04,0,0,1,0,0,1,0
4854,3099,467,280,555,1827,1.667857142857143,7286.65,1,0,0,0,0,1,0
4742,1293,549,266,66,686,2.06390977443609,8266.92,1,0,0,0,0,0,1
3220,3210,344,406,388,941,0.8472906403940886,4206.77,1,0,0,0,1,0,0
116,168,535,441,621,312,1.2131519274376417,163.18,0,1,0,0,0,0,1
1343,2528,567,393,614,599,1.4427480916030535,2061.58,1,0,0,0,0,0,1
2305,3698,992,427,135,1541,2.323185011709602,4089.5,0,1,0,0,1,0,0
2624,2472,918,134,86,684,6.850746268656716,8573.95,1,0,0,0,0,0,1
1169,4656,25,423,84,633,0.0591016548463357,1191.3,1,0,0,0,1,0,0
3544,943,999,28,227,668,35.67857142857143,41516.53,0,1,0,0,0,1,0
2665,673,945,128,260,599,7.3828125,9047.26,0,1,0,0,1,0,0
1160,4314,465,329,20,1450,1.4133738601823709,1814.1,0,1,0,0,0,1,0
2427,2696,519,75,35,1634,6.92,7668.78,0,1,0,0,0,0,1
3520,4841,218,254,443,415,0.8582677165354331,4728.6,1,0,0,0,1,0,0
401,1578,167,66,270,1159,2.5303030303030303,717.55,1,0,0,0,1,0,0
4376,2173,346,53,406,1543,6.528301886792453,13349.7,0,0,1,0,0,0,1
706,1613,748,21,508,772,35.61904761904762,8314.53,0,0,1,0,0,1,0
3270,1068,970,387,304,1388,2.5064599483204133,6233.43,1,0,0,0,1,0,0
799,2296,250,433,670,384,0.5773672055427251,966.5,0,0,1,0,1,0,0
1239,1611,67,245,285,1056,0.27346938775510204,1371.55,0,1,0,0,0,0,1
290,754,993,33,548,540,30.09090909090909,3120.36,0,0,1,0,0,1,0
2400,3092,825,404,29,1976,2.042079207920792,3947.49,0,1,0,0,0,0,1
1080,4750,314,459,391,1796,0.6840958605664488,1332.92,1,0,0,0,1,0,0
3075,4620,354,266,416,487,1.330827067669173,4347.27,0,0,1,0,0,0,1
1284,392,651,451,142,1780,1.4434589800443458,2017.19,0,1,0,0,0,0,1
3427,2701,738,293,646,1389,2.5187713310580206,6165.54,1,0,0,0,0,1,0
3494,4626,23,333,656,264,0.06906906906906907,3921.49,1,0,0,0,0,1,0
227,4512,368,370,341,1166,0.9945945945945946,299.92,0,1,0,0,0,0,1
2165,4593,386,260,245,30,1.4846153846153847,3135.72,0,1,0,0,0,0,1
1916,1688,252,103,5,899,2.4466019417475726,3619.88,1,0,0,0,0,0,1
669,695,154,389,449,130,0.39588688946015427,791.87,0,0,0,1,1,0,0
1995,2693,900,452,266,1802,1.991150442477876,3298.69,0,0,0,1,0,1,0
2833,2223,424,464,491,1094,0.9137931034482759,3794.93,0,1,0,0,1,0,0
3963,2043,403,389,239,119,1.0359897172236503,5330.13,0,0,1,0,0,1,0
4821,1015,847,31,250,327,27.322580645161292,47152.02,0,1,0,0,0,1,0
4114,3969,624,483,291,1936,1.2919254658385093,6060.41,1,0,0,0,1,0,0
3001,2894,738,166,543,1094,4.445783132530121,7059.7,0,1,0,0,1,0,0
1786,3178,367,98,632,208,3.7448979591836733,4137.9,0,0,0,1,0,0,1
3109,1075,942,211,79,91,4.464454976303317,7607.94,0,1,0,0,0,1,0
254,1175,585,477,521,120,1.2264150943396226,354.23,0,0,0,1,0,1,0
2637,3089,167,471,450,1996,0.35456475583864117,3007.18,0,0,1,0,0,1,0
1509,3567,683,490,556,982,1.3938775510204082,2325.38,0,0,1,0,0,0,1
4157,1551,27,206,144,207,0.13106796116504854,4486.01,0,0,1,0,0,1,0
884,3923,737,54,120,406,13.648148148148149,4756.57,0,1,0,0,0,1,0
3275,4032,840,463,565,768,1.8142548596112311,5536.8,0,0,0,1,1,0,0
4441,2128,570,479,577,547,1.1899791231732777,6419.16,0,1,0,0,1,0,0
2906,462,577,389,176,124,1.4832904884318765,4482.88,0,0,1,0,0,0,1
637,2529,356,410,70,112,0.8682926829268293,822.89,0,1,0,0,0,1,0
1941,3732,67,88,633,1010,0.7613636363636364,2543.69,0,0,0,1,0,0,1
2555,2418,164,48,203,1231,3.4166666666666665,5377.62,1,0,0,0,1,0,0
624,3185,576,433,180,983,1.3302540415704387,952.56,0,0,0,1,0,1,0
3050,2445,496,293,593,614,1.6928327645051195,4658.52,0,0,1,0,0,1,0
4231,3698,862,395,567,945,2.1822784810126583,7200.94,0,0,1,0,0,0,1
4880,4429,540,475,691,1410,1.1368421052631579,6587.53,0,0,1,0,0,1,0
4215,1831,496,164,610,706,3.024390243902439,8345.56,0,1,0,0,0,1,0
2468,126,160,158,110,1777,1.0126582278481013,3265.52,0,0,0,1,1,0,0
3947,192,368,352,424,147,1.0454545454545454,5623.12,0,1,0,0,0,0,1
4595,2764,377,400,665,1989,0.9425,6439.48,0,0,1,0,1,0,0
2801,408,629,454,503,132,1.3854625550660793,4230.65,0,0,0,1,0,0,1
1071,151,56,61,406,732,0.9180327868852459,1380.08,1,0,0,0,1,0,0
1266,418,216,260,637,850,0.8307692307692308,1635.56,0,0,1,0,0,0,1
2874,2092,884,441,91,104,2.00453514739229,5046.2,0,0,0,1,0,1,0
2082,4376,459,391,294,553,1.173913043478261,2853.6,0,0,0,1,0,1,0
953,3991,492,156,393,568,3.1538461538461537,1957.9,0,0,1,0,0,0,1
4246,4842,956,338,37,1847,2.828402366863905,8125.83,1,0,0,0,0,0,1
3836,4056,861,405,517,762,2.1259259259259258,6910.24,0,0,0,1,0,0,1
3869,2792,933,359,662,1266,2.598885793871866,7082.03,0,0,0,1,0,0,1
674,3118,649,464,316,927,1.3987068965517242,961.39,1,0,0,0,0,1,0
3361,2124,706,267,172,1663,2.644194756554307,6450.36,0,0,1,0,0,0,1
1248,4531,579,282,406,662,2.0531914893617023,2082.61,0,0,0,1,0,1,0
1815,1625,152,468,262,1355,0.3247863247863248,2122.83,0,0,1,0,0,1,0
4877,1378,409,134,484,944,3.0522388059701493,9440.5,0,1,0,0,0,0,1
3954,613,106,213,27,848,0.49765258215962443,4782.01,0,1,0,0,0,1,0
2591,4437,56,265,495,896,0.21132075471698114,2858.65,1,0,0,0,0,0,1
2760,1833,200,140,55,1924,1.4285714285714286,4154.5,0,0,1,0,0,1,0
3224,3470,149,30,249,1173,4.966666666666667,8712.91,0,0,0,1,0,0,1
3151,4021,624,87,273,169,7.172413793103448,10897.13,1,0,0,0,0,0,1
104,2600,240,344,259,557,0.6976744186046512,135.24,0,1,0,0,1,0,0
4969,3564,948,60,191,985,15.8,30709.3,0,0,1,0,1,0,0
976,2359,349,371,575,1108,0.9407008086253369,1317.63,1,0,0,0,0,0,1
1091,4863,934,370,446,520,2.5243243243243243,1935.88,1,0,0,0,1,0,0
4242,4789,500,275,502,107,1.8181818181818181,6993.13,0,0,1,0,0,1,0
4464,2759,58,125,616,885,0.464,5160.54,0,0,0,1,0,0,1
4565,355,908,64,393,1289,14.1875,24584.24,0,0,0,1,0,0,1
735,1602,633,301,408,658,2.1029900332225915,1283.53,0,0,0,1,0,0,1
1793,4756,462,60,673,31,7.7,6324.74,0,0,1,0,1,0,0
1782,2210,325,339,683,1780,0.9587020648967551,2366.64,0,1,0,0,1,0,0
4852,506,331,282,109,1571,1.173758865248227,7067.02,1,0,0,0,0,1,0
219,2949,96,263,652,247,0.3650190114068441,265.81,0,0,1,0,1,0,0
930,3276,903,482,605,926,1.8734439834024896,1531.9,0,0,0,1,1,0,0
3775,1960,483,70,103,1554,6.9,12374.64,0,0,0,1,0,1,0
1469,4454,291,356,226,1961,0.8174157303370787,1878.95,1,0,0,0,0,0,1
840,822,848,490,353,24,1.7306122448979593,1400.0,1,0,0,0,0,0,1
216,1382,773,468,160,498,1.6517094017094016,331.87,1,0,0,0,0,1,0
2938,713,83,406,404,854,0.2044334975369458,3394.9,1,0,0,0,1,0,0
1250,3431,462,458,707,304,1.0087336244541485,1779.36,1,0,0,0,0,1,0
2031,3216,56,360,324,1422,0.15555555555555556,2278.76,0,0,1,0,0,1,0
1112,2078,597,234,145,1427,2.551282051282051,2122.43,0,0,0,1,0,0,1
1764,912,105,478,465,316,0.2196652719665272,1966.34,0,0,0,1,1,0,0
1181,1886,947,345,132,1885,2.744927536231884,2351.55,0,0,1,0,0,0,1
4829,430,40,112,93,278,0.35714285714285715,5743.44,0,1,0,0,0,0,1
612,2312,543,480,273,542,1.13125,846.48,0,0,0,1,0,1,0
2949,1316,26,467,704,1167,0.055674518201284794,3008.73,0,1,0,0,0,0,1
659,4582,221,57,534,789,3.8771929824561404,1502.61,0,1,0,0,0,0,1
3772,3437,669,234,194,1434,2.858974358974359,7596.28,0,1,0,0,0,0,1
4683,2475,244,351,170,356,0.6951566951566952,6146.73,0,1,0,0,1,0,0
3443,1340,401,242,460,1548,1.6570247933884297,5585.01,0,0,0,1,1,0,0
4170,419,363,79,11,1927,4.594936708860759,10131.26,0,0,0,1,0,0,1
4899,4594,314,56,181,1227,5.607142857142857,13699.77,0,0,1,0,0,1,0
1570,2014,608,237,232,250,2.5654008438818567,2948.84,0,0,0,1,0,1,0
680,4300,559,19,29,103,29.42105263157895,7127.95,0,0,1,0,0,0,1
2394,4891,574,194,532,1492,2.9587628865979383,4670.18,0,1,0,0,1,0,0
3247,429,549,89,5,35,6.168539325842697,9896.87,0,0,1,0,0,1,0
4349,759,598,22,546,1348,27.181818181818183,42165.66,0,0,1,0,0,1,0
1779,3788,934,454,140,1922,2.05726872246696,3040.02,0,0,0,1,1,0,0
3606,3218,518,323,28,532,1.6037151702786379,5695.01,0,0,1,0,1,0,0
2844,2072,721,349,98,559,2.0659025787965617,4884.58,0,1,0,0,0,1,0
3456,1893,404,333,262,1620,1.2132132132132132,4792.52,0,0,0,1,0,0,1
4145,3318,440,93,19,1292,4.731182795698925,10905.11,0,0,0,1,0,1,0
1343,4657,694,95,12,1077,7.3052631578947365,4389.41,0,0,0,1,1,0,0
3218,2633,795,166,537,785,4.789156626506024,8425.24,1,0,0,0,1,0,0
2241,2557,571,153,525,18,3.7320261437908497,4833.86,0,1,0,0,1,0,0
3159,3200,866,72,465,1128,12.027777777777779,15519.94,0,0,1,0,1,0,0
4648,4466,186,440,588,152,0.42272727272727273,5706.56,1,0,0,0,0,0,1
3059,2833,415,52,259,1864,7.980769230769231,10393.03,0,0,0,1,0,1,0
2365,4580,310,416,24,1701,0.7451923076923077,3177.2,1,0,0,0,1,0,0
2579,4255,454,167,8,1016,2.718562874251497,4696.25,1,0,0,0,1,0,0
4746,319,748,194,228,873,3.8556701030927836,10247.34,0,0,1,0,1,0,0
1735,2918,136,295,376,1438,0.4610169491525424,2144.32,0,1,0,0,0,1,0
1857,2006,358,332,123,1108,1.0783132530120483,2631.91,1,0,0,0,1,0,0
4552,2711,30,449,90,1332,0.066815144766147,4692.37,0,1,0,0,0,1,0
2170,2693,720,33,456,1175,21.818181818181817,17908.53,0,1,0,0,0,0,1
2949,195,710,366,224,549,1.9398907103825136,4978.69,0,0,0,1,1,0,0
3351,1088,853,214,257,379,3.985981308411215,7439.81,0,0,0,1,0,0,1
3830,1212,429,371,515,458,1.15633423180593,5602.56,0,0,1,0,0,1,0
2589,2378,161,233,148,353,0.6909871244635193,3276.01,0,0,1,0,0,0,1
1731,345,169,110,387,1688,1.5363636363636364,2599.17,1,0,0,0,1,0,0
2916,2258,868,213,701,1892,4.075117370892019,7015.61,0,0,0,1,0,0,1
1115,4429,489,17,699,376,28.764705882352942,11529.65,0,1,0,0,0,0,1
1448,3449,452,481,438,208,0.9397089397089398,1971.86,0,1,0,0,0,0,1
4711,2825,105,181,700,1586,0.580110497237569,6027.83,1,0,0,0,0,0,1
3187,4177,361,217,636,1756,1.663594470046083,5189.04,0,0,0,1,0,0,1
2939,4998,995,105,37,460,9.476190476190476,11550.3,0,0,1,0,0,1,0
435,2766,84,171,661,1428,0.49122807017543857,542.96,1,0,0,0,0,1,0
4692,3299,887,300,106,1583,2.9566666666666666,9184.97,0,1,0,0,1,0,0
995,2854,603,105,615,530,5.742857142857143,2826.22,0,0,0,1,0,1,0
3646,1517,649,315,232,485,2.06031746031746,6473.21,0,0,1,0,0,1,0
951,754,368,154,146,122,2.3896103896103895,1756.82,0,0,1,0,1,0,0
1787,2542,142,267,17,794,0.5318352059925093,2138.73,0,1,0,0,0,1,0
2031,210,409,483,159,1144,0.8467908902691511,2711.97,0,1,0,0,1,0,0
3846,189,148,447,282,251,0.33109619686800895,4456.05,0,1,0,0,1,0,0
2527,862,255,309,278,1863,0.8252427184466019,3189.38,0,1,0,0,0,1,0
1668,3272,300,474,125,1323,0.6329113924050633,2160.9,0,0,1,0,0,0,1
4100,2279,121,111,685,47,1.09009009009009,5887.98,0,0,0,1,1,0,0
2838,2604,724,186,420,1621,3.89247311827957,6630.5,0,0,1,0,0,0,1
3598,1564,179,395,320,1323,0.4531645569620253,4315.68,0,1,0,0,1,0,0
4013,197,608,337,675,896,1.804154302670623,6321.61,0,0,0,1,0,1,0
1166,392,640,119,715,1696,5.378151260504202,3316.62,0,0,1,0,0,0,1
4480,1939,619,207,482,1543,2.9903381642512077,8799.0,0,0,0,1,1,0,0
2544,1834,249,402,667,245,0.6194029850746269,3022.8,0,0,1,0,0,1,0
4207,2719,346,138,324,1751,2.5072463768115942,8095.1,0,0,0,1,0,0,1
3473,4847,147,462,395,1748,0.3181818181818182,4132.14,0,0,1,0,0,1,0
4069,2296,603,368,186,724,1.638586956521739,6447.14,0,0,1,0,0,1,0
2646,3566,245,146,466,1824,1.678082191780822,3983.0,1,0,0,0,0,0,1
853,2006,657,407,57,218,1.6142506142506143,1294.92,0,1,0,0,1,0,0
2182,1821,803,36,458,763,22.305555555555557,17541.9,1,0,0,0,1,0,0
2874,3791,12,146,208,1368,0.0821917808219178,3129.83,0,0,1,0,0,1,0
2996,1916,580,173,714,1857,3.352601156069364,6434.87,0,1,0,0,1,0,0
4285,352,125,358,74,1338,0.34916201117318435,5107.0,0,0,1,0,0,0,1
875,4327,481,477,484,1717,1.0083857442348008,1203.03,1,0,0,0,0,0,1
1725,3619,140,472,85,604,0.2966101694915254,2001.76,0,0,0,1,0,1,0
3169,2007,943,365,632,1754,2.5835616438356164,6081.53,0,0,0,1,0,1,0
517,2010,907,140,14,290,6.478571428571429,1631.37,0,1,0,0,0,0,1
214,2621,492,382,641,602,1.287958115183246,325.01,1,0,0,0,0,0,1
716,3949,410,160,49,996,2.5625,1377.19,1,0,0,0,0,1,0
4074,1158,210,387,426,1221,0.5426356589147286,4817.44,0,0,1,0,0,1,0
3367,3638,301,255,359,696,1.1803921568627451,4991.27,0,1,0,0,0,0,1
925,2422,351,119,242,1602,2.9495798319327733,1779.11,0,0,0,1,0,1,0
1616,286,619,82,53,1440,7.548780487804878,5798.6,1,0,0,0,1,0,0
3246,1048,225,295,69,610,0.7627118644067796,4268.47,0,0,1,0,0,0,1
512,2390,645,284,552,306,2.2711267605633805,914.87,0,1,0,0,0,0,1
828,4459,594,367,696,1502,1.6185286103542234,1269.94,1,0,0,0,0,1,0
3448,4717,375,76,645,536,4.934210526315789,8665.78,1,0,0,0,0,1,0
2908,4978,899,59,56,1244,15.23728813559322,16405.42,0,0,0,1,0,0,1
775,4730,651,313,456,1710,2.0798722044728435,1367.63,1,0,0,0,0,1,0
3565,309,478,12,255,1923,39.833333333333336,48163.19,0,0,0,1,1,0,0
2604,2193,427,235,5,757,1.8170212765957447,4248.71,1,0,0,0,0,1,0
3067,3638,36,75,581,1650,0.48,3835.6,0,0,1,0,0,0,1
2886,1663,686,164,52,1014,4.182926829268292,6673.75,0,0,1,0,0,1,0
1222,125,464,480,329,1802,0.9666666666666667,1696.81,0,0,1,0,0,0,1
4179,274,927,371,98,1926,2.498652291105121,7655.54,0,1,0,0,1,0,0
1671,1434,589,489,161,354,1.2044989775051125,2323.21,0,1,0,0,0,0,1
2243,421,23,120,406,735,0.19166666666666668,2574.3,0,0,1,0,1,0,0
1787,4250,107,492,577,1844,0.21747967479674796,2033.03,0,0,1,0,1,0,0
4232,4147,288,305,327,235,0.9442622950819672,5482.39,0,0,1,0,1,0,0
3951,3327,949,390,243,306,2.433333333333333,7205.53,0,0,0,1,1,0,0
3540,1972,499,265,504,1134,1.8830188679245283,6011.62,0,0,1,0,1,0,0
3866,2167,994,283,367,314,3.512367491166078,7992.79,0,1,0,0,0,1,0
2426,432,970,164,442,948,5.914634146341464,7010.85,0,0,0,1,1,0,0
3014,3091,892,148,154,1037,6.027027027027027,9145.14,0,0,1,0,0,1,0
4052,1010,768,176,234,1661,4.363636363636363,10159.55,0,1,0,0,0,1,0
695,4596,633,28,652,827,22.607142857142858,5827.95,0,0,0,1,0,1,0
828,1049,216,354,333,167,0.6101694915254238,1009.51,0,0,0,1,0,0,1
1465,2175,873,400,495,53,2.1825,2547.1,0,1,0,0,0,0,1
4592,2614,855,232,115,1210,3.685344827586207,10385.67,0,1,0,0,1,0,0
798,3431,242,66,369,276,3.6666666666666665,1701.37,0,0,0,1,0,1,0
495,3129,582,395,333,447,1.4734177215189874,756.27,0,1,0,0,0,0,1
4271,200,606,303,130,352,2.0,7325.87,0,0,0,1,0,1,0
4460,4746,704,142,178,10,4.957746478873239,12036.4,0,0,0,1,0,0,1
2602,2500,248,471,95,410,0.5265392781316348,3046.66,0,0,0,1,0,1,0
1919,3471,259,347,317,147,0.7463976945244957,2426.13,0,0,0,1,0,0,1
817,2443,592,301,101,1501,1.9667774086378738,1369.42,0,0,1,0,1,0,0
2882,452,749,461,196,829,1.6247288503253796,4587.27,0,1,0,0,1,0,0
3677,3055,606,353,208,1869,1.7167138810198301,5977.39,0,0,1,0,1,0,0
243,1118,315,214,607,630,1.47196261682243,359.18,0,0,1,0,0,1,0
3240,1279,917,128,473,1954,7.1640625,10217.63,0,0,1,0,1,0,0
4591,3636,472,262,615,852,1.8015267175572518,7562.93,0,0,1,0,1,0,0
3038,3750,792,94,8,428,8.425531914893616,11691.34,0,0,0,1,0,0,1
3736,2602,922,194,136,488,4.752577319587629,9785.45,0,0,0,1,0,0,1
3322,3919,811,234,610,1554,3.465811965811966,7197.81,0,0,0,1,0,0,1
1267,1079,245,157,261,1401,1.5605095541401275,2041.99,1,0,0,0,1,0,0
2716,4934,300,398,147,1762,0.7537688442211056,3474.41,0,0,0,1,0,0,1
1162,1076,48,289,458,1136,0.16608996539792387,1283.95,0,0,1,0,0,0,1
2256,1471,727,236,697,584,3.080508474576271,4346.22,1,0,0,0,1,0,0
3082,2380,192,295,438,656,0.6508474576271186,4032.24,1,0,0,0,0,0,1
3394,4676,708,293,413,616,2.416382252559727,6195.87,1,0,0,0,0,1,0
4829,207,654,190,500,215,3.442105263157895,10199.17,0,0,0,1,0,0,1
1256,1072,39,444,232,992,0.08783783783783784,1294.84,0,0,1,0,0,1,0
832,1726,397,118,101,510,3.364406779661017,1732.34,0,0,0,1,0,0,1
4430,803,776,144,147,511,5.388888888888889,11596.0,0,1,0,0,0,0,1
4946,974,152,435,717,1613,0.34942528735632183,5641.71,1,0,0,0,0,1,0
1053,3909,624,300,507,26,2.08,1872.78,0,1,0,0,1,0,0
2639,2511,428,384,558,1766,1.1145833333333333,3575.74,1,0,0,0,0,1,0
3424,2207,83,487,104,193,0.1704312114989733,3795.36,1,0,0,0,1,0,0
3401,3653,64,299,336,1986,0.2140468227424749,3686.94,0,1,0,0,0,0,1
1642,1373,971,112,446,103,8.669642857142858,6375.85,0,1,0,0,1,0,0
1291,659,757,210,444,1229,3.604761904761905,2838.25,0,0,0,1,1,0,0
3093,216,581,126,118,411,4.611111111111111,7520.73,0,1,0,0,0,1,0
2781,3146,33,341,517,1796,0.0967741935483871,3109.63,0,1,0,0,1,0,0
1317,143,997,319,567,745,3.1253918495297808,2751.91,0,0,1,0,1,0,0
1640,608,31,38,531,51,0.8157894736842105,2235.56,0,1,0,0,0,1,0
3336,3539,437,403,88,1155,1.0843672456575681,4421.51,0,0,0,1,1,0,0
2486,4028,41,36,629,343,1.1388888888888888,3487.85,1,0,0,0,1,0,0
3819,1016,872,476,476,1602,1.8319327731092436,6509.54,1,0,0,0,0,1,0
1488,3045,348,22,682,1424,15.818181818181818,9242.74,0,0,1,0,0,1,0
1956,898,956,51,485,202,18.745098039215687,14032.61,0,0,0,1,0,1,0
1465,1860,990,430,662,1820,2.302325581395349,2630.72,1,0,0,0,1,0,0
599,2433,524,454,295,300,1.1541850220264318,863.9,0,0,1,0,0,0,1
1780,3375,521,233,381,146,2.236051502145923,3213.56,1,0,0,0,0,1,0
610,918,79,472,283,770,0.1673728813559322,646.54,0,0,0,1,0,1,0
4412,2268,681,30,686,462,22.7,36844.19,0,1,0,0,1,0,0
1424,3835,907,396,639,1964,2.29040404040404,2598.36,0,0,1,0,0,0,1
1255,3165,97,145,156,916,0.6689655172413793,1513.02,0,1,0,0,0,0,1
1927,3359,886,335,180,824,2.644776119402985,3558.61,0,0,0,1,1,0,0
3241,1006,580,230,87,504,2.5217391304347827,5877.34,0,0,0,1,0,1,0
3586,4208,773,476,406,1912,1.6239495798319328,5788.8,1,0,0,0,1,0,0
1910,702,228,154,496,1640,1.4805194805194806,2973.58,1,0,0,0,0,0,1
3023,4395,722,19,267,151,38.0,39945.81,0,0,1,0,0,1,0
2314,2733,598,234,594,1654,2.5555555555555554,4417.04,1,0,0,0,0,0,1
4286,1891,776,150,64,1340,5.173333333333333,11433.83,1,0,0,0,0,0,1
813,3627,768,484,119,199,1.5867768595041323,1305.0,0,0,0,1,0,0,1
3702,4643,279,115,341,429,2.4260869565217393,6546.23,0,0,0,1,0,0,1
4234,1911,828,277,313,303,2.9891696750902526,8596.68,0,0,1,0,0,1,0
3622,4011,660,203,163,1870,3.251231527093596,7327.76,0,1,0,0,0,1,0
4368,940,87,467,505,1957,0.18629550321199143,4630.51,0,0,1,0,0,1,0
4848,3242,601,137,293,904,4.386861313868613,11547.3,0,0,0,1,1,0,0
4949,4785,19,222,690,498,0.08558558558558559,5326.27,0,0,0,1,0,1,0
1343,2190,477,160,377,901,2.98125,2758.73,0,0,1,0,0,0,1
3809,4715,345,458,542,791,0.7532751091703057,4907.39,0,0,1,0,0,0,1
1181,1136,645,490,401,105,1.316326530612245,1676.89,0,1,0,0,0,1,0
555,824,195,393,673,10,0.4961832061068702,700.91,0,0,0,1,0,1,0
994,1087,555,189,400,1649,2.9365079365079363,1920.16,1,0,0,0,1,0,0
1484,902,130,326,399,1051,0.3987730061349693,1825.24,0,0,0,1,0,1,0
2058,2682,601,35,487,611,17.17142857142857,13845.01,1,0,0,0,1,0,0
3172,3937,727,24,515,769,30.291666666666668,33733.23,1,0,0,0,0,1,0
2096,626,574,31,24,327,18.516129032258064,13865.29,1,0,0,0,1,0,0
4385,1765,677,354,59,1519,1.9124293785310735,7380.69,0,1,0,0,0,1,0
604,1238,283,74,240,883,3.824324324324324,1406.65,0,0,1,0,0,1,0
1314,559,419,260,311,1672,1.6115384615384616,2036.07,1,0,0,0,0,1,0
1631,2652,367,419,321,907,0.8758949880668258,2108.81,0,0,1,0,1,0,0
3540,4520,656,30,672,738,21.866666666666667,28910.95,1,0,0,0,0,0,1
923,4774,950,242,481,127,3.925619834710744,2119.57,0,1,0,0,1,0,0
1028,2908,107,417,572,1140,0.2565947242206235,1129.01,1,0,0,0,0,1,0
233,2998,250,496,414,924,0.5040322580645161,293.7,0,0,1,0,0,0,1
2205,3343,566,25,322,1826,22.64,18810.32,0,1,0,0,1,0,0
3727,4168,720,425,402,171,1.6941176470588235,5827.52,0,0,1,0,1,0,0
4880,2431,812,281,59,212,2.889679715302491,9168.8,0,0,1,0,0,0,1
1952,4670,957,214,53,924,4.47196261682243,4859.1,0,0,1,0,0,1,0
4275,3785,123,307,64,1969,0.4006514657980456,4940.75,1,0,0,0,0,0,1
3033,731,496,169,633,189,2.93491124260355,5741.32,0,1,0,0,0,1,0
3384,4898,798,443,119,1514,1.8013544018058691,5677.61,0,1,0,0,0,0,1
4398,2556,250,50,286,933,5.0,12092.43,0,1,0,0,1,0,0
2911,1081,165,117,18,387,1.4102564102564104,4287.74,0,0,0,1,1,0,0
1350,4754,361,134,5,777,2.6940298507462686,2622.88,0,0,0,1,1,0,0
3612,4417,53,161,392,1012,0.32919254658385094,3994.82,0,1,0,0,0,1,0
1356,1656,601,22,160,726,27.318181818181817,12930.02,1,0,0,0,0,1,0
3476,2305,321,212,142,1625,1.5141509433962264,5109.93,0,0,0,1,0,0,1
3586,4543,147,88,397,1154,1.6704545454545454,5412.87,1,0,0,0,0,1,0
3684,4055,672,403,18,23,1.6674937965260546,5852.33,1,0,0,0,0,1,0
1496,1021,953,51,580,1203,18.686274509803923,10675.0,0,0,0,1,0,0,1
3737,504,445,178,114,401,2.5,6835.98,0,0,1,0,0,1,0
3430,4872,763,258,534,505,2.9573643410852712,6812.44,0,0,1,0,0,0,1
2803,4784,152,130,532,921,1.1692307692307693,3888.71,0,0,1,0,0,1,0
570,1720,832,396,461,1996,2.101010101010101,997.7,0,0,0,1,0,1,0
1453,3052,308,448,610,1435,0.6875,1815.97,1,0,0,0,1,0,0
2883,3218,571,281,617,1556,2.0320284697508897,4671.82,0,0,0,1,0,1,0
2931,1694,271,309,286,329,0.8770226537216829,3763.44,0,1,0,0,0,0,1
457,665,521,218,5,471,2.389908256880734,794.74,1,0,0,0,0,0,1
3119,4899,682,482,129,1444,1.4149377593360997,4636.62,0,0,0,1,1,0,0
767,2968,71,167,671,412,0.4251497005988024,870.47,1,0,0,0,0,0,1
4568,957,576,130,499,754,4.430769230769231,11498.02,0,0,0,1,1,0,0
1245,1384,432,236,276,1776,1.8305084745762712,2103.82,0,1,0,0,0,1,0
4285,684,405,430,83,29,0.9418604651162791,5632.27,0,1,0,0,1,0,0
3819,4427,893,453,118,245,1.9713024282560707,6372.59,0,1,0,0,0,1,0
2845,1345,40,470,29,1656,0.0851063829787234,3069.08,0,0,1,0,0,0,1
639,151,339,33,358,938,10.272727272727273,2865.2,0,1,0,0,1,0,0
2879,2263,958,239,650,826,4.00836820083682,6382.64,0,0,1,0,0,0,1
4236,637,811,35,157,1910,23.17142857142857,35931.83,1,0,0,0,0,0,1
4935,640,178,67,31,1568,2.656716417910448,9174.9,1,0,0,0,0,0,1
3875,914,275,274,286,1676,1.0036496350364963,5294.74,1,0,0,0,0,0,1
2608,1515,317,135,665,1694,2.348148148148148,4541.67,0,0,0,1,0,0,1
2879,2938,468,454,336,1084,1.0308370044052864,3829.73,0,0,0,1,1,0,0
1024,1752,194,284,570,139,0.6830985915492958,1263.9,0,0,1,0,0,0,1
3056,2765,343,37,313,357,9.27027027027027,11637.33,0,0,1,0,1,0,0
1681,4614,524,400,599,212,1.31,2406.75,0,0,1,0,1,0,0
3424,4162,450,310,123,1163,1.4516129032258065,5254.41,0,0,0,1,1,0,0
4585,2456,682,479,703,1392,1.4237995824634655,6969.73,0,0,0,1,0,0,1
355,3910,400,137,371,1647,2.9197080291970803,702.88,1,0,0,0,0,0,1
4904,963,781,103,314,486,7.58252427184466,16060.03,0,1,0,0,1,0,0
1938,285,944,200,28,1517,4.72,4741.1,0,1,0,0,0,0,1
2044,4456,569,430,155,1360,1.3232558139534885,3096.1,0,0,0,1,1,0,0
109,1651,263,281,230,1787,0.9359430604982206,143.4,0,1,0,0,0,0,1
2971,2307,595,493,549,1635,1.206896551724138,4415.85,1,0,0,0,0,0,1
897,861,344,14,6,178,24.571428571428573,8165.88,0,1,0,0,1,0,0
1115,4419,409,166,473,513,2.463855421686747,1969.2,0,0,1,0,0,0,1
1924,1379,175,61,318,1625,2.8688524590163933,3901.43,1,0,0,0,1,0,0
4569,4375,269,252,225,113,1.0674603174603174,6410.89,0,0,0,1,1,0,0
3236,4827,13,160,33,283,0.08125,3523.81,0,0,1,0,0,0,1
2293,3794,897,271,89,1140,3.309963099630996,4959.59,0,0,0,1,0,0,1
323,3381,128,429,334,544,0.29836829836829837,366.17,0,0,0,1,1,0,0
4258,1636,932,450,40,1798,2.071111111111111,7411.24,0,0,1,0,1,0,0
4025,3264,479,426,681,41,1.124413145539906,5742.17,1,0,0,0,1,0,0
4884,2870,479,314,375,932,1.5254777070063694,7668.38,0,0,0,1,0,1,0
4100,2063,794,434,298,1191,1.8294930875576036,6769.51,0,0,1,0,0,0,1
1733,3945,502,89,393,855,5.640449438202247,4702.82,0,0,1,0,0,1,0
2252,3535,747,192,18,1245,3.890625,5023.36,0,0,0,1,1,0,0
610,4810,873,363,527,926,2.4049586776859506,1148.81,0,0,0,1,0,1,0
484,661,509,116,132,1750,4.387931034482759,1146.18,1,0,0,0,1,0,0
504,2521,79,163,290,313,0.48466257668711654,604.54,0,0,1,0,0,1,0
4713,4817,703,302,209,1931,2.327814569536424,8289.99,0,1,0,0,0,1,0
4671,2235,874,214,327,1370,4.08411214953271,10483.77,0,1,0,0,0,0,1
2100,2161,785,125,503,471,6.28,6166.14,0,0,0,1,0,0,1
2856,2280,379,26,279,1155,14.576923076923077,15785.41,0,0,0,1,0,1,0
1768,2060,190,489,382,48,0.3885480572597137,2065.55,1,0,0,0,1,0,0
1560,3979,14,297,309,134,0.04713804713804714,1720.42,0,1,0,0,0,0,1
3736,3379,206,165,277,519,1.2484848484848485,5400.09,0,0,0,1,0,1,0
2824,3984,56,486,76,1580,0.11522633744855967,3112.08,0,0,0,1,1,0,0
4909,3370,979,34,298,999,28.794117647058822,49329.47,0,1,0,0,0,0,1
4278,4787,561,440,378,317,1.275,6428.92,0,0,0,1,0,1,0
2148,682,643,287,433,1462,2.240418118466899,3829.72,0,1,0,0,1,0,0
4246,1713,656,484,112,1459,1.3553719008264462,6026.6,0,1,0,0,1,0,0
4880,1201,149,326,72,86,0.4570552147239264,5814.1,1,0,0,0,0,1,0
816,388,871,135,317,1072,6.451851851851852,2593.57,0,1,0,0,1,0,0
4644,3959,674,309,21,1010,2.1812297734627832,8246.55,0,0,0,1,0,1,0
4683,3160,549,367,188,490,1.4959128065395095,7398.83,0,0,1,0,1,0,0
1923,3026,436,285,121,1853,1.5298245614035089,2869.43,0,0,1,0,0,1,0
2181,4202,598,374,342,1889,1.5989304812834224,3542.53,0,0,1,0,0,0,1
3519,1283,696,187,653,424,3.72192513368984,7660.57,1,0,0,0,1,0,0
1674,4435,570,353,304,387,1.614730878186969,2497.39,0,0,0,1,0,1,0
349,1546,863,440,447,926,1.9613636363636364,581.83,1,0,0,0,0,1,0
773,1849,319,56,716,240,5.696428571428571,2117.11,1,0,0,0,1,0,0
4633,2003,283,209,496,1688,1.354066985645933,6958.89,1,0,0,0,0,0,1
2265,3275,548,60,521,1475,9.133333333333333,9233.97,0,0,0,1,0,1,0
870,1177,849,448,185,258,1.8950892857142858,1490.35,0,0,0,1,0,0,1
4062,2477,399,471,332,44,0.8471337579617835,5403.56,0,0,0,1,1,0,0
4463,947,468,304,713,1192,1.5394736842105263,6873.42,0,0,1,0,0,0,1
2084,2976,742,279,576,1811,2.6594982078853047,4119.14,0,1,0,0,1,0,0
1177,1339,643,206,350,1215,3.121359223300971,2411.21,0,0,0,1,0,1,0
335,1432,370,440,320,664,0.8409090909090909,458.42,0,0,0,1,0,0,1
488,3606,78,30,537,1586,2.6,948.26,1,0,0,0,1,0,0
3137,2479,592,152,412,1300,3.8947368421052633,6999.27,0,0,0,1,0,1,0
4958,4891,671,257,156,1849,2.6108949416342413,8853.6,0,1,0,0,0,0,1
1948,4222,708,365,651,1007,1.9397260273972603,3216.91,0,0,1,0,1,0,0
4819,3337,440,362,533,1393,1.2154696132596685,7142.66,0,0,0,1,0,0,1
2914,2465,894,474,502,1330,1.8860759493670887,4944.32,0,0,1,0,0,1,0
3474,2512,767,477,486,1631,1.6079664570230607,5460.7,0,0,0,1,0,1,0
3378,3274,717,10,154,754,71.7,77229.99,0,0,1,0,1,0,0
1352,472,41,473,68,105,0.08668076109936575,1402.08,0,0,0,1,0,0,1
4081,2049,988,374,492,954,2.641711229946524,8013.62,1,0,0,0,0,0,1
4773,344,630,347,41,927,1.8155619596541788,7683.39,0,0,1,0,0,1,0
2222,1940,874,403,527,1445,2.1687344913151363,3905.4,1,0,0,0,0,0,1
4630,3527,522,416,169,1899,1.2548076923076923,6950.23,1,0,0,0,0,0,1
2250,224,191,283,646,1373,0.6749116607773852,2940.92,0,0,0,1,0,0,1
4959,4732,695,250,711,1796,2.78,9610.39,1,0,0,0,1,0,0
1429,2853,690,67,112,954,10.298507462686567,6129.1,1,0,0,0,0,1,0
1458,2019,257,135,463,1674,1.9037037037037037,2459.1,0,0,0,1,1,0,0
2582,1735,629,338,52,1343,1.8609467455621302,4164.17,1,0,0,0,0,1,0
4642,1525,891,375,649,1444,2.376,8448.05,0,0,1,0,1,0,0
2117,1640,306,487,255,695,0.6283367556468172,2521.88,0,0,1,0,1,0,0
1431,630,785,470,627,57,1.6702127659574468,2325.09,0,1,0,0,1,0,0
4444,4449,937,61,158,240,15.360655737704919,27410.2,0,1,0,0,0,0,1
4361,3203,39,232,300,981,0.16810344827586207,5018.27,0,1,0,0,0,1,0
1458,4856,311,311,427,427,1.0,1963.61,0,1,0,0,1,0,0
4737,1901,485,372,307,617,1.303763440860215,6939.76,1,0,0,0,0,0,1
4954,1136,882,278,99,577,3.172661870503597,9897.61,0,0,1,0,1,0,0
3277,3828,957,105,121,1002,9.114285714285714,12608.03,0,1,0,0,0,0,1
2228,4111,361,282,602,140,1.2801418439716312,3224.68,1,0,0,0,1,0,0
2280,3563,994,332,30,62,2.9939759036144578,4651.21,0,0,0,1,0,1,0
4992,1242,491,70,230,152,7.014285714285714,15524.31,0,0,1,0,0,1,0
237,1855,326,330,651,130,0.9878787878787879,319.34,0,0,0,1,1,0,0
3572,4940,746,190,254,431,3.9263157894736844,8212.36,0,1,0,0,1,0,0
2932,1729,406,142,404,1662,2.859154929577465,5564.12,0,1,0,0,1,0,0
3679,862,98,425,494,1464,0.23058823529411765,3964.37,0,1,0,0,1,0,0
3131,4989,243,98,31,1236,2.479591836734694,5754.69,0,0,1,0,0,0,1
4264,4939,177,182,162,400,0.9725274725274725,5859.37,0,0,0,1,0,1,0
2693,4057,752,321,432,674,2.3426791277258565,4879.59,0,0,0,1,0,0,1
4400,657,135,14,156,1741,9.642857142857142,17739.35,0,0,1,0,0,1,0
3918,4721,582,366,323,1938,1.5901639344262295,5924.44,0,1,0,0,1,0,0
4238,939,129,352,629,541,0.3664772727272727,4807.61,0,1,0,0,0,1,0
3923,102,437,213,191,182,2.051643192488263,6363.26,1,0,0,0,1,0,0
4142,1151,199,171,176,1075,1.1637426900584795,5691.27,0,0,1,0,1,0,0
2006,1504,642,70,517,1771,9.17142857142857,8141.4,0,0,0,1,0,0,1
860,256,437,480,524,526,0.9104166666666667,1095.22,1,0,0,0,0,1,0
3545,2037,569,473,571,350,1.2029598308668077,4845.52,0,0,0,1,0,0,1
999,610,211,199,339,1082,1.0603015075376885,1333.5,0,0,0,1,0,0,1
4555,3504,68,334,605,419,0.20359281437125748,5036.32,1,0,0,0,0,0,1
3047,4882,706,72,319,1161,9.805555555555555,12411.09,0,0,0,1,0,0,1
1819,1237,232,53,111,640,4.377358490566038,4282.55,1,0,0,0,0,1,0
380,4014,501,248,473,37,2.0201612903225805,617.07,1,0,0,0,0,1,0
3366,3421,20,37,17,494,0.5405405405405406,4279.11,1,0,0,0,0,0,1
1987,4766,802,207,220,359,3.8743961352657004,4688.05,0,1,0,0,0,1,0
3366,814,710,278,487,1804,2.553956834532374,6403.88,0,1,0,0,1,0,0
766,2386,521,180,305,1109,2.8944444444444444,1467.21,0,0,1,0,0,1,0
4288,2754,823,39,517,1746,21.102564102564102,32451.86,0,0,1,0,0,0,1
771,1090,319,163,129,651,1.9570552147239264,1305.14,1,0,0,0,1,0,0
2069,4529,758,218,624,539,3.477064220183486,4350.52,0,0,1,0,1,0,0
4256,2260,43,72,24,344,0.5972222222222222,5284.83,0,1,0,0,1,0,0
3222,4557,349,338,541,745,1.032544378698225,4494.9,0,1,0,0,1,0,0
4799,2244,656,66,132,171,9.93939393939394,20100.86,1,0,0,0,1,0,0
4877,2163,490,329,556,1714,1.4893617021276595,7347.7,0,1,0,0,0,0,1
4000,2703,583,217,321,866,2.686635944700461,7475.28,1,0,0,0,0,0,1
623,2077,834,442,497,20,1.8868778280542986,1051.54,0,0,1,0,1,0,0
2493,475,748,317,719,1933,2.359621451104101,4572.41,0,1,0,0,0,0,1
3217,841,102,72,382,303,1.4166666666666667,4903.39,1,0,0,0,0,1,0
2693,4585,637,257,216,776,2.4785992217898833,4871.39,1,0,0,0,0,0,1
2068,2767,853,475,543,997,1.7957894736842106,3428.96,0,0,0,1,0,1,0
1853,1340,142,150,11,1221,0.9466666666666667,2607.11,1,0,0,0,0,0,1
2396,3570,853,102,82,327,8.362745098039216,8986.38,1,0,0,0,0,1,0
2361,2467,998,116,156,576,8.60344827586207,8799.69,0,1,0,0,0,1,0
2386,2343,428,374,166,1580,1.1443850267379678,3460.44,0,0,0,1,1,0,0
4302,3649,477,97,208,1780,4.917525773195877,11297.38,0,0,0,1,0,0,1
2978,517,814,310,24,1036,2.6258064516129034,5791.16,0,0,0,1,1,0,0
4243,706,453,117,691,361,3.871794871794872,9825.5,0,1,0,0,0,1,0
3744,667,714,55,332,772,12.981818181818182,19736.07,0,0,1,0,0,0,1
4532,643,921,86,562,296,10.709302325581396,20366.66,1,0,0,0,0,0,1
2155,983,39,226,519,1427,0.17256637168141592,2287.42,0,0,0,1,1,0,0
4820,4898,978,178,511,1462,5.49438202247191,13384.12,0,0,0,1,0,0,1
1376,1323,307,311,612,769,0.9871382636655949,1793.57,0,1,0,0,0,0,1
2866,2993,70,138,593,1399,0.5072463768115942,3449.92,0,1,0,0,0,0,1
402,2168,467,210,241,1771,2.223809523809524,718.21,0,0,0,1,0,1,0
738,3809,982,205,181,759,4.790243902439024,1874.33,0,0,1,0,1,0,0
155,1886,313,357,293,653,0.876750700280112,195.8,0,1,0,0,0,1,0
4921,1557,967,277,83,818,3.490974729241877,10446.77,0,0,0,1,1,0,0
625,2014,349,97,566,693,3.597938144329897,1308.42,0,0,1,0,0,1,0
4669,177,870,262,90,500,3.3206106870229006,10047.71,0,1,0,0,0,1,0
4223,3713,457,247,439,1450,1.8502024291497976,7081.71,0,0,1,0,0,1,0
2225,1408,962,82,715,1901,11.731707317073171,10866.8,0,0,0,1,0,1,0
3387,747,845,428,543,1689,1.9742990654205608,5409.44,0,0,1,0,1,0,0
464,2287,311,367,193,1068,0.8474114441416893,583.84,0,0,0,1,0,0,1
4721,652,890,364,488,1133,2.4450549450549453,8923.31,0,1,0,0,1,0,0
1746,381,549,170,612,1122,3.2294117647058824,3480.08,1,0,0,0,0,0,1
1018,1381,494,67,349,1763,7.373134328358209,3488.86,1,0,0,0,1,0,0
2897,1946,86,393,89,1469,0.21882951653944022,3332.76,0,0,0,1,1,0,0
1631,2587,642,382,123,1105,1.6806282722513088,2563.21,1,0,0,0,1,0,0
3445,2893,524,300,374,1242,1.7466666666666666,5537.09,0,0,0,1,1,0,0
2006,3811,558,439,47,149,1.2710706150341686,2833.94,1,0,0,0,0,1,0
3186,4299,953,349,433,947,2.7306590257879657,6331.28,1,0,0,0,1,0,0
4680,4961,668,75,146,1100,8.906666666666666,17703.6,0,1,0,0,1,0,0
2175,2876,101,437,3,1616,0.2311212814645309,2376.47,0,0,0,1,0,0,1
813,1696,860,35,530,564,24.571428571428573,7163.56,0,0,1,0,0,1,0
1162,579,794,307,314,63,2.586319218241042,2102.91,0,1,0,0,0,1,0
2076,3412,475,86,327,1620,5.523255813953488,5894.65,0,0,1,0,1,0,0
1396,3318,475,295,81,1974,1.6101694915254237,2176.99,0,1,0,0,1,0,0
225,2063,898,381,153,394,2.356955380577428,389.77,0,0,0,1,0,1,0
4732,2242,608,425,402,1879,1.4305882352941177,6808.34,0,0,1,0,0,1,0
3696,3998,49,45,488,1527,1.0888888888888888,4970.51,0,1,0,0,1,0,0
3383,2172,699,28,67,1391,24.964285714285715,29111.63,1,0,0,0,1,0,0
1703,1395,338,287,89,1502,1.1777003484320558,2376.79,0,0,1,0,1,0,0
166,1038,294,330,135,1279,0.8909090909090909,227.9,0,1,0,0,0,0,1
332,861,956,322,202,59,2.968944099378882,631.3,0,1,0,0,0,1,0
2256,4849,563,276,428,520,2.039855072463768,3683.15,0,0,1,0,0,0,1
1269,1769,806,291,179,819,2.7697594501718212,2393.82,1,0,0,0,0,1,0
2258,3962,75,441,339,389,0.17006802721088435,2504.52,0,0,1,0,0,1,0
4306,2785,645,28,79,588,23.035714285714285,36662.18,0,0,1,0,0,1,0
1593,3999,666,348,597,1450,1.9137931034482758,2738.6,0,0,1,0,0,1,0
4818,2031,641,149,533,1014,4.302013422818792,11490.92,0,1,0,0,0,1,0
4107,4039,118,76,378,1614,1.5526315789473684,6083.71,1,0,0,0,1,0,0
2572,1226,424,321,165,636,1.320872274143302,3667.86,0,0,1,0,0,0,1
2760,3397,101,27,540,1526,3.740740740740741,6025.58,0,0,1,0,0,0,1
2839,4770,377,378,697,524,0.9973544973544973,3978.39,0,0,1,0,0,1,0
1861,1303,829,270,155,280,3.0703703703703704,3820.68,0,0,1,0,0,0,1
3614,4235,432,121,123,1069,3.5702479338842976,7641.3,0,0,1,0,0,0,1
2075,3872,581,417,599,565,1.3932853717026379,3189.11,0,0,1,0,1,0,0
2462,619,871,471,202,1205,1.8492569002123143,4156.73,1,0,0,0,0,1,0
976,2383,748,124,40,1425,6.032258064516129,2984.23,1,0,0,0,1,0,0
3912,4658,249,175,169,1985,1.4228571428571428,5735.37,1,0,0,0,0,0,1
3548,582,444,76,70,1398,5.842105263157895,9896.94,0,0,0,1,0,1,0
1412,2577,221,264,330,234,0.8371212121212122,1784.97,0,0,0,1,0,1,0
1560,3193,409,79,440,186,5.177215189873418,4142.29,0,1,0,0,0,1,0
2809,442,619,469,399,805,1.3198294243070363,4089.57,1,0,0,0,0,1,0
2424,1562,535,317,493,75,1.6876971608832807,3968.3,1,0,0,0,0,1,0
1833,1302,739,212,354,938,3.4858490566037736,3850.27,1,0,0,0,0,1,0
1705,1721,477,136,328,710,3.5073529411764706,3718.36,0,0,1,0,1,0,0
2663,2498,179,432,498,1615,0.41435185185185186,3230.02,0,0,1,0,1,0,0
3521,3696,828,452,419,233,1.831858407079646,5602.84,0,1,0,0,0,0,1
3617,3635,801,419,503,1192,1.9116945107398569,5843.42,1,0,0,0,0,1,0
2497,2977,884,330,539,535,2.6787878787878787,4805.05,0,0,1,0,0,1,0
3835,2490,219,89,345,1431,2.460674157303371,7150.05,1,0,0,0,1,0,0
2970,3451,265,185,643,1254,1.4324324324324325,4653.84,1,0,0,0,0,0,1
1260,3013,692,122,377,1841,5.672131147540983,3693.39,0,0,1,0,0,0,1
4954,1289,82,120,295,896,0.6833333333333333,6460.3,0,0,1,0,0,1,0
342,2440,156,318,288,972,0.49056603773584906,419.49,0,0,0,1,0,0,1
2690,3680,349,146,254,647,2.3904109589041096,4673.79,0,0,1,0,0,0,1
1163,1703,326,142,434,293,2.295774647887324,2122.93,0,0,0,1,0,1,0
4424,3397,627,381,501,1424,1.6456692913385826,7226.21,0,0,1,0,0,1,0
2695,697,615,337,85,38,1.824925816023739,4333.4,1,0,0,0,0,1,0
1019,744,584,198,521,1256,2.9494949494949494,1980.9,0,0,1,0,1,0,0
105,4643,163,286,562,1891,0.5699300699300699,129.38,0,1,0,0,0,1,0
567,3002,264,234,513,168,1.1282051282051282,831.49,1,0,0,0,0,0,1
4270,863,360,112,516,1309,3.2142857142857144,8430.14,0,1,0,0,1,0,0
103,4930,556,116,516,103,4.793103448275862,268.91,1,0,0,0,0,0,1
745,1742,844,72,497,145,11.722222222222221,3639.05,0,0,1,0,1,0,0
217,2397,321,413,602,755,0.7772397094430993,288.71,0,0,1,0,0,1,0
3028,4796,817,451,162,660,1.811529933481153,4938.48,0,0,1,0,0,0,1
2651,2272,774,254,667,366,3.047244094488189,5541.61,0,0,0,1,1,0,0
4389,2260,678,182,527,153,3.7252747252747254,9419.1,0,0,1,0,0,0,1
946,3849,143,415,365,828,0.344578313253012,1069.38,0,1,0,0,0,1,0
2862,3022,957,342,544,422,2.7982456140350878,5426.17,0,0,0,1,1,0,0
1241,679,138,496,425,319,0.2782258064516129,1345.75,0,0,1,0,0,0,1
1910,3904,445,340,575,1831,1.3088235294117647,2758.55,0,0,0,1,1,0,0
823,4978,289,219,364,1662,1.3196347031963471,1167.27,0,0,0,1,0,1,0
324,2468,367,200,108,1728,1.835,538.76,1,0,0,0,1,0,0
4727,4032,939,167,14,485,5.622754491017964,13227.64,0,0,0,1,1,0,0
4308,4727,892,328,23,83,2.7195121951219514,8373.77,0,0,0,1,0,0,1
4754,3460,261,234,623,1557,1.1153846153846154,6531.08,1,0,0,0,1,0,0
2148,4807,144,181,321,1312,0.7955801104972375,2695.77,0,0,1,0,0,1,0
4849,1200,852,332,510,1820,2.566265060240964,8695.42,0,1,0,0,0,0,1
4515,1770,532,451,672,1895,1.1796008869179602,6237.02,0,0,0,1,1,0,0
1673,2320,813,458,41,1513,1.775109170305677,2593.47,0,1,0,0,0,1,0
1928,316,669,45,304,1292,14.866666666666667,10759.05,0,0,0,1,0,1,0
2017,475,328,143,656,1657,2.2937062937062938,3602.08,0,1,0,0,1,0,0
4334,1709,89,46,415,1647,1.934782608695652,7025.18,1,0,0,0,1,0,0
2126,4206,200,102,450,79,1.9607843137254901,3492.39,0,0,0,1,0,0,1
3844,3939,462,84,394,1884,5.5,10240.32,0,0,0,1,0,1,0
1001,3039,353,253,665,1400,1.3952569169960474,1546.69,0,0,1,0,0,1,0
4885,4162,39,192,594,1621,0.203125,5254.28,0,0,1,0,0,1,0
2139,1713,423,214,365,1616,1.9766355140186915,3526.21,0,0,0,1,1,0,0
109,3779,880,468,429,151,1.8803418803418803,176.96,1,0,0,0,1,0,0
360,1396,377,196,152,756,1.9234693877551021,611.57,0,1,0,0,1,0,0
1773,4096,750,175,259,730,4.285714285714286,4248.53,0,0,1,0,0,0,1
2319,4886,605,124,591,15,4.879032258064516,5932.14,0,0,1,0,0,1,0
2160,1255,511,418,707,101,1.222488038277512,3157.61,0,0,1,0,0,1,0
3813,4979,671,216,223,780,3.1064814814814814,7806.3,0,0,1,0,1,0,0
1719,2466,882,254,266,1412,3.47244094488189,3537.16,1,0,0,0,0,0,1
420,2991,710,342,230,1059,2.0760233918128654,702.89,0,0,0,1,0,0,1
1442,2072,30,499,439,351,0.06012024048096192,1611.67,0,1,0,0,0,0,1
2476,884,558,170,150,957,3.2823529411764705,5151.65,0,0,1,0,0,0,1
2932,4592,255,22,457,283,11.590909090909092,13684.22,1,0,0,0,0,0,1
2924,1181,292,303,136,637,0.9636963696369637,3825.86,1,0,0,0,1,0,0
2094,2133,623,451,635,1760,1.3813747228381374,3210.29,0,0,1,0,1,0,0
3058,1714,940,481,399,1697,1.9542619542619544,4915.51,0,1,0,0,1,0,0
2138,4655,815,413,622,525,1.973365617433414,3439.48,0,0,1,0,0,1,0
3590,2516,241,245,143,165,0.9836734693877551,4853.53,1,0,0,0,0,0,1
3777,4741,325,282,70,428,1.1524822695035462,5304.82,0,1,0,0,0,0,1
1218,3753,847,388,54,1282,2.1829896907216493,2213.5,1,0,0,0,0,1,0
1704,596,809,123,403,934,6.5772357723577235,5130.89,0,0,0,1,0,0,1
4127,604,345,161,552,1829,2.142857142857143,7108.11,1,0,0,0,0,0,1
335,3486,997,35,709,443,28.485714285714284,3262.17,0,0,1,0,0,0,1
2069,2308,985,177,27,626,5.564971751412429,5910.77,0,1,0,0,0,0,1
4529,4913,420,41,299,1144,10.24390243902439,19169.95,0,0,1,0,0,0,1
2008,3316,254,230,692,69,1.1043478260869566,2846.61,0,0,0,1,1,0,0
475,3766,396,215,558,274,1.841860465116279,762.42,0,1,0,0,0,0,1
3630,1508,698,430,654,560,1.6232558139534883,5702.45,0,1,0,0,1,0,0
2735,4464,734,351,320,849,2.091168091168091,4659.61,0,1,0,0,1,0,0
1670,4177,367,107,445,1346,3.4299065420560746,3515.23,1,0,0,0,1,0,0
2660,1577,623,100,98,1969,6.23,8041.75,0,0,1,0,1,0,0
3491,2497,807,485,126,1386,1.663917525773196,5434.49,0,1,0,0,0,1,0
3065,209,31,386,58,570,0.08031088082901554,3391.84,0,1,0,0,1,0,0
3743,3654,28,223,177,1955,0.12556053811659193,4076.34,0,1,0,0,0,1,0
3950,749,296,197,719,590,1.50253807106599,6248.05,0,0,0,1,0,1,0
972,1599,285,66,285,499,4.318181818181818,2280.89,0,1,0,0,1,0,0
1352,695,668,116,666,204,5.758620689655173,3729.04,1,0,0,0,0,0,1
1414,1078,907,451,27,1978,2.011086474501109,2353.47,1,0,0,0,0,0,1
4920,830,561,204,451,1761,2.75,9143.91,0,1,0,0,1,0,0
2998,156,688,31,323,775,22.193548387096776,23861.44,1,0,0,0,1,0,0
177,2343,612,195,675,1530,3.1384615384615384,350.78,1,0,0,0,0,1,0
2721,1801,81,377,250,1639,0.21485411140583555,3147.85,0,1,0,0,0,1,0
4327,1386,374,94,700,1133,3.978723404255319,10030.82,1,0,0,0,0,0,1
700,211,959,89,370,1289,10.775280898876405,3110.24,0,0,0,1,0,1,0
1165,4906,804,338,90,1861,2.378698224852071,2153.62,0,1,0,0,0,1,0
2236,1301,344,86,131,388,4.0,4983.33,0,0,1,0,1,0,0
2549,1047,661,339,525,416,1.9498525073746313,4386.29,1,0,0,0,0,1,0
2443,4221,760,392,29,901,1.9387755102040816,4050.67,0,1,0,0,0,1,0
1963,857,599,442,544,1592,1.3552036199095023,2798.75,0,0,1,0,0,1,0
1418,3488,208,386,662,312,0.538860103626943,1782.21,0,0,0,1,0,0,1
4811,1941,26,350,86,252,0.07428571428571429,5144.84,0,0,0,1,1,0,0
3697,3635,227,186,58,1836,1.2204301075268817,5355.94,0,1,0,0,0,0,1
3862,2393,750,435,57,1608,1.7241379310344827,6383.2,0,1,0,0,1,0,0
4770,1204,861,433,394,1677,1.9884526558891455,8293.78,0,0,0,1,1,0,0
2290,761,659,464,25,1412,1.4202586206896552,3557.29,0,0,0,1,0,1,0
1092,1008,156,183,190,1716,0.8524590163934426,1428.44,0,0,0,1,0,0,1
2812,4717,219,415,76,203,0.5277108433734939,3501.34,0,0,1,0,0,0,1
2292,1956,679,91,371,1807,7.461538461538462,7595.7,0,0,1,0,0,1,0
1348,2411,423,30,506,1912,14.1,7636.02,0,1,0,0,0,0,1
3154,889,674,188,183,110,3.5851063829787235,6769.93,0,0,1,0,1,0,0
4698,271,865,407,154,82,2.1253071253071254,8050.31,1,0,0,0,1,0,0
4133,4460,339,339,269,1620,1.0,5851.84,0,0,0,1,1,0,0
2097,2086,904,234,278,769,3.8632478632478633,4892.16,0,1,0,0,0,1,0
3787,1985,971,274,340,193,3.5437956204379564,8557.31,0,0,1,0,0,0,1
2251,575,879,411,23,139,2.1386861313868613,3829.57,0,1,0,0,1,0,0
4118,1149,361,278,432,221,1.2985611510791366,5808.7,0,0,1,0,0,1,0
3210,4229,172,260,526,1213,0.6615384615384615,4197.3,0,1,0,0,1,0,0
2070,2411,828,282,606,861,2.9361702127659575,4085.36,0,0,0,1,1,0,0
297,1261,110,391,343,1880,0.2813299232736573,350.71,0,0,0,1,0,0,1
2726,915,336,352,52,340,0.9545454545454546,3763.34,0,0,0,1,0,1,0
1302,3866,336,418,339,478,0.8038277511961722,1757.34,0,0,1,0,1,0,0
2135,3022,164,447,41,959,0.3668903803131991,2525.16,0,1,0,0,1,0,0
577,853,19,281,676,1446,0.06761565836298933,636.53,0,1,0,0,0,1,0
1354,4761,362,289,518,1221,1.2525951557093427,1885.22,0,1,0,0,0,1,0
1022,561,948,232,407,813,4.086206896551724,2495.1,1,0,0,0,0,0,1
519,3339,192,84,138,1610,2.2857142857142856,890.72,0,0,1,0,1,0,0
2304,2802,464,160,99,198,2.9,4319.04,0,0,0,1,0,0,1
2697,180,655,434,341,1348,1.5092165898617511,4126.08,0,0,0,1,1,0,0
1220,2904,15,368,316,1284,0.04076086956521739,1322.83,0,1,0,0,0,0,1
3168,969,342,351,542,199,0.9743589743589743,4387.33,0,1,0,0,1,0,0
1050,4794,953,426,225,816,2.2370892018779345,1814.21,1,0,0,0,0,1,0
2436,906,342,114,261,1889,3.0,4977.3,0,0,1,0,0,0,1
2343,2034,267,51,247,1161,5.235294117647059,6530.35,0,1,0,0,0,1,0
2745,803,220,185,79,1370,1.1891891891891893,3951.48,0,1,0,0,1,0,0
1957,2623,60,254,697,1524,0.23622047244094488,2176.58,0,0,1,0,0,1,0
4712,2739,454,262,692,175,1.7328244274809161,7600.93,0,1,0,0,0,0,1
1965,4682,668,283,473,489,2.360424028268551,3645.88,0,0,0,1,0,0,1
3012,4009,386,456,77,1493,0.8464912280701754,4116.99,0,0,1,0,0,1,0
2953,4901,649,343,262,316,1.8921282798833818,4643.83,0,0,0,1,1,0,0
3328,1264,495,101,2,820,4.900990099009901,8321.77,1,0,0,0,0,0,1
3819,719,779,20,17,380,38.95,48465.88,0,1,0,0,1,0,0
3328,3166,60,161,344,1878,0.37267080745341613,3882.28,0,1,0,0,0,0,1
2471,4972,163,198,12,1953,0.8232323232323232,3215.73,0,0,1,0,1,0,0
2991,546,591,457,694,442,1.2932166301969366,4377.99,1,0,0,0,1,0,0
3856,2437,797,173,7,865,4.606936416184971,9813.25,0,0,1,0,0,1,0
4325,308,800,135,246,1840,5.925925925925926,12453.34,1,0,0,0,1,0,0
194,2560,319,220,157,133,1.45,284.2,0,0,1,0,0,0,1
2774,3542,408,470,174,981,0.8680851063829788,3634.47,0,0,1,0,0,1,0
2055,2811,143,106,487,1051,1.349056603773585,2889.29,0,1,0,0,0,0,1
893,2437,229,318,693,937,0.720125786163522,1175.99,0,1,0,0,0,1,0
1934,1391,172,348,281,1281,0.4942528735632184,2305.98,1,0,0,0,0,1,0
2216,2298,980,56,309,1587,17.5,14712.56,0,0,0,1,1,0,0
4206,1500,657,317,237,656,2.0725552050473186,7042.65,0,0,0,1,1,0,0
3425,2755,578,233,157,1891,2.48068669527897,6341.19,0,0,1,0,0,0,1
3019,4112,511,472,251,1380,1.0826271186440677,4215.68,0,1,0,0,0,0,1
2697,804,955,66,221,236,14.469696969696969,14704.85,0,0,1,0,1,0,0
3305,925,698,84,338,1696,8.30952380952381,12265.76,1,0,0,0,0,0,1
4907,1104,124,263,223,989,0.4714828897338403,5662.47,0,0,1,0,0,0,1
914,3560,508,160,211,1383,3.175,1870.44,0,0,1,0,1,0,0
445,476,481,68,337,815,7.073529411764706,1489.33,0,0,1,0,0,1,0
2449,1072,158,334,134,919,0.47305389221556887,2950.1,1,0,0,0,1,0,0
462,4313,250,449,495,1295,0.5567928730512249,579.41,1,0,0,0,0,0,1
2543,3176,132,95,547,1690,1.3894736842105264,3701.45,0,0,1,0,0,1,0
2365,543,813,179,183,1573,4.5418994413407825,5614.75,0,1,0,0,1,0,0
2288,854,848,155,161,1534,5.470967741935484,6077.1,1,0,0,0,0,1,0
3105,3704,78,336,605,1753,0.23214285714285715,3410.49,0,0,0,1,0,0,1
3381,4835,835,42,387,439,19.88095238095238,24506.15,0,0,1,0,0,1,0
1084,2271,72,12,197,1666,6.0,3198.34,0,1,0,0,0,0,1
1739,2805,742,293,718,588,2.532423208191126,3292.02,1,0,0,0,1,0,0
927,3565,25,266,484,1939,0.09398496240601503,1033.16,0,0,1,0,0,1,0
2830,2811,399,135,502,1824,2.9555555555555557,5709.64,0,1,0,0,0,1,0
3631,2507,599,456,489,1495,1.3135964912280702,5296.37,0,0,0,1,0,1,0
4551,722,643,122,352,1733,5.270491803278689,12057.49,1,0,0,0,0,0,1
3035,1823,957,312,530,1335,3.0673076923076925,6077.1,1,0,0,0,1,0,0
3976,3422,267,302,234,1241,0.8841059602649006,5168.1,0,0,0,1,1,0,0
226,2019,226,351,578,611,0.6438746438746439,286.49,1,0,0,0,0,0,1
3277,1018,488,57,409,1336,8.56140350877193,12650.5,0,1,0,0,0,1,0
3156,4315,123,373,276,1821,0.3297587131367292,3647.93,1,0,0,0,0,0,1
703,681,891,284,711,230,3.137323943661972,1370.92,0,0,1,0,0,0,1
3549,3981,982,407,459,1645,2.4127764127764126,6692.81,0,0,0,1,1,0,0
4246,1786,389,204,453,340,1.9068627450980393,6871.4,0,0,1,0,0,0,1
3633,4009,667,348,413,1519,1.9166666666666667,6245.26,1,0,0,0,0,1,0
3467,2099,986,234,18,164,4.213675213675214,8487.87,0,0,1,0,0,0,1
3468,2811,246,222,72,116,1.1081081081081081,4811.78,0,1,0,0,0,0,1
3897,500,485,330,667,71,1.4696969696969697,5647.06,0,0,1,0,0,0,1
1892,3748,981,291,378,1750,3.3711340206185567,4166.1,0,1,0,0,0,1,0
2961,2728,940,147,682,850,6.394557823129252,9210.79,0,1,0,0,0,0,1
3576,1756,607,364,355,1077,1.6675824175824177,5498.92,0,1,0,0,1,0,0
3517,720,688,342,151,1621,2.0116959064327484,5940.43,0,0,0,1,0,0,1
1745,346,138,79,261,342,1.7468354430379747,2828.44,0,0,1,0,0,0,1
1305,3439,519,308,80,935,1.6850649350649352,2009.23,0,1,0,0,1,0,0
3130,3110,174,79,106,588,2.2025316455696204,5246.8,0,1,0,0,1,0,0
2972,4819,286,492,523,779,0.5813008130081301,3583.64,0,0,1,0,1,0,0
3172,2468,266,217,403,1784,1.2258064516129032,4359.13,1,0,0,0,1,0,0
1954,4094,141,498,130,332,0.28313253012048195,2134.81,0,0,0,1,1,0,0
4121,1939,579,209,171,1822,2.770334928229665,7664.12,0,1,0,0,1,0,0
4762,3003,266,68,406,1103,3.911764705882353,10514.3,1,0,0,0,0,1,0
2808,4495,150,268,33,968,0.5597014925373134,3360.81,1,0,0,0,0,0,1
3602,4598,695,398,536,107,1.7462311557788945,6003.53,1,0,0,0,0,1,0
1432,3791,696,350,197,1973,1.9885714285714287,2417.94,0,1,0,0,0,1,0
301,3941,218,360,46,82,0.6055555555555555,370.71,0,1,0,0,1,0,0
3607,4448,725,343,274,1226,2.1137026239067054,6226.55,0,1,0,0,0,0,1
4312,1492,528,366,133,392,1.4426229508196722,6181.71,0,0,1,0,0,1,0
674,3850,60,348,264,230,0.1724137931034483,772.29,0,1,0,0,0,0,1
636,4355,512,174,597,1763,2.942528735632184,1261.18,0,0,0,1,0,0,1
1725,3108,268,254,367,20,1.0551181102362204,2373.59,0,0,1,0,1,0,0
2222,4400,187,93,5,780,2.010752688172043,3897.8,0,0,0,1,0,0,1
485,3438,931,445,269,1347,2.0921348314606742,847.06,1,0,0,0,0,1,0
3381,3614,552,459,706,1492,1.2026143790849673,4756.05,0,0,1,0,0,1,0
574,859,365,386,421,1714,0.9455958549222798,805.81,0,0,1,0,1,0,0
517,2868,327,456,346,1918,0.7171052631578947,681.75,0,0,1,0,0,1,0
3700,3188,675,400,69,652,1.6875,6105.1,0,0,0,1,1,0,0
1054,2215,972,490,358,1334,1.9836734693877551,1697.42,0,0,0,1,0,1,0
4958,4328,373,318,688,472,1.1729559748427674,7342.95,1,0,0,0,0,1,0
1305,1823,64,123,386,592,0.5203252032520326,1590.61,0,1,0,0,1,0,0
4859,3066,165,243,325,1916,0.6790123456790124,6241.96,0,0,0,1,0,0,1
4220,529,53,271,481,1718,0.19557195571955718,4562.41,1,0,0,0,1,0,0
2090,2455,602,400,179,74,1.505,3076.23,0,1,0,0,0,0,1
4905,2559,687,181,256,1683,3.7955801104972378,10573.48,0,0,1,0,0,0,1
3672,4292,551,27,419,1769,20.40740740740741,27257.27,0,1,0,0,1,0,0
4480,1818,331,244,211,654,1.3565573770491803,6442.73,0,0,0,1,1,0,0
4258,1365,657,319,584,1460,2.0595611285266457,6945.11,1,0,0,0,1,0,0
4857,1408,23,392,367,462,0.058673469387755105,5414.53,0,0,1,0,0,0,1
2813,1150,366,166,577,1174,2.2048192771084336,5016.41,0,0,1,0,0,0,1
2303,3573,492,220,166,1668,2.2363636363636363,4047.38,0,1,0,0,0,0,1
3220,2349,627,290,214,1775,2.1620689655172414,5703.17,0,1,0,0,0,0,1
1066,2909,368,328,529,1908,1.1219512195121952,1511.92,0,0,0,1,1,0,0
3532,3021,327,205,173,315,1.5951219512195123,5315.16,0,0,1,0,1,0,0
788,4776,84,124,129,1698,0.6774193548387096,1008.2,0,1,0,0,0,0,1
4343,4141,968,406,3,1856,2.3842364532019706,7956.74,0,0,1,0,0,1,0
3801,2517,600,169,70,1274,3.5502958579881656,8035.8,1,0,0,0,1,0,0
441,632,203,164,52,640,1.2378048780487805,624.12,1,0,0,0,0,1,0
1824,998,372,60,437,274,6.2,5416.59,0,0,0,1,0,1,0
4522,2754,105,427,378,482,0.2459016393442623,5148.16,0,0,1,0,0,1,0
1892,1569,49,293,94,82,0.16723549488054607,2012.12,0,1,0,0,0,0,1
1859,3020,777,82,559,1256,9.475609756097562,7674.65,1,0,0,0,1,0,0
3312,1352,406,337,587,31,1.2047477744807122,4665.06,1,0,0,0,0,1,0
1089,869,116,350,603,746,0.3314285714285714,1280.1,0,0,0,1,0,0,1
2362,933,26,119,86,1108,0.2184873949579832,2751.61,1,0,0,0,1,0,0
2582,2309,536,295,518,996,1.8169491525423729,4336.44,0,0,0,1,0,0,1
1051,4749,938,230,430,42,4.078260869565217,2509.24,0,0,1,0,1,0,0
822,3524,793,18,43,1738,44.05555555555556,11912.02,0,1,0,0,1,0,0
3489,1191,508,406,710,251,1.251231527093596,5149.96,0,0,1,0,0,0,1
2179,1296,534,91,370,1534,5.868131868131868,6397.42,0,0,1,0,0,1,0
2817,4014,768,329,404,387,2.3343465045592704,5159.79,0,0,1,0,1,0,0
2432,1760,735,303,303,1621,2.4257425742574257,4566.88,0,1,0,0,1,0,0
3476,4754,672,384,182,996,1.75,5466.01,0,0,1,0,0,1,0
4624,360,813,31,169,1719,26.225806451612904,43646.37,0,0,1,0,1,0,0
1600,2364,52,424,203,266,0.12264150943396226,1704.51,0,0,0,1,0,1,0
385,1285,955,108,706,1607,8.842592592592593,1455.02,0,0,0,1,1,0,0
3595,2549,635,179,543,22,3.547486033519553,7807.33,0,0,0,1,0,1,0
2165,3633,851,199,102,1431,4.276381909547739,5157.1,0,1,0,0,1,0,0
868,4470,602,115,576,76,5.234782608695652,2365.15,1,0,0,0,1,0,0
3157,4401,359,329,346,1511,1.0911854103343466,4508.42,1,0,0,0,1,0,0
4389,3444,662,467,603,1805,1.417558886509636,6633.97,0,0,1,0,0,1,0
2261,966,39,274,442,680,0.14233576642335766,2586.18,1,0,0,0,1,0,0
3393,192,450,391,250,891,1.1508951406649617,4901.41,0,0,1,0,0,0,1
1046,3278,551,360,183,1933,1.5305555555555554,1676.63,0,0,0,1,0,0,1
3435,1451,464,437,302,865,1.0617848970251715,4865.89,0,0,1,0,0,0,1
4250,464,787,456,280,1375,1.7258771929824561,6778.13,0,1,0,0,1,0,0
4995,3818,620,177,717,240,3.5028248587570623,10665.02,1,0,0,0,0,1,0
4973,2024,971,353,89,51,2.7507082152974505,9744.52,0,0,1,0,0,1,0
1581,3195,103,434,425,960,0.23732718894009217,1809.93,0,0,0,1,1,0,0
2001,2638,732,122,285,476,6.0,5977.5,0,1,0,0,0,0,1
3551,1396,304,337,671,1619,0.9020771513353115,4837.65,0,0,1,0,0,1,0
4164,2376,558,315,130,864,1.7714285714285714,6933.04,0,0,1,0,1,0,0
154,102,908,157,248,1626,5.7834394904458595,430.79,0,0,1,0,0,1,0
1923,3592,98,346,652,894,0.2832369942196532,2204.26,0,1,0,0,0,0,1
3562,1853,939,229,189,525,4.100436681222708,8422.97,0,0,1,0,0,0,1
3179,1010,512,463,91,157,1.1058315334773219,4357.62,0,0,0,1,0,1,0
932,406,776,435,568,199,1.7839080459770116,1572.13,0,0,0,1,1,0,0
4508,4331,223,42,165,1024,5.309523809523809,12606.78,0,0,0,1,1,0,0
2906,4115,431,229,548,1455,1.8820960698689957,4692.88,0,0,0,1,0,1,0
2590,1538,535,328,330,666,1.6310975609756098,3995.62,0,1,0,0,0,0,1
427,972,201,194,541,1734,1.0360824742268042,599.92,0,0,0,1,1,0,0
3410,1241,816,202,80,736,4.03960396039604,7551.18,0,0,0,1,0,1,0
3400,765,703,370,169,1142,1.9,5585.7,1,0,0,0,0,1,0
3775,308,651,189,545,1687,3.4444444444444446,7939.2,0,0,0,1,0,0,1
3154,1051,233,364,93,1780,0.6401098901098901,4080.75,0,1,0,0,0,0,1
2243,1157,564,481,624,75,1.1725571725571726,3271.94,1,0,0,0,1,0,0
1411,4844,702,15,379,952,46.8,21926.2,1,0,0,0,1,0,0
3291,4822,396,400,209,725,0.99,4637.56,0,1,0,0,1,0,0
2638,4720,690,18,194,1811,38.333333333333336,35987.6,1,0,0,0,0,0,1
4083,4108,785,366,264,1890,2.1448087431693987,7080.89,0,0,1,0,0,1,0
4647,1968,483,70,247,1009,6.9,14493.46,0,0,0,1,1,0,0
264,4964,617,473,630,367,1.3044397463002113,395.61,0,0,1,0,1,0,0
4377,871,212,427,448,756,0.4964871194379391,5189.53,0,1,0,0,1,0,0
922,4935,456,172,521,1202,2.6511627906976742,1742.59,0,0,1,0,0,1,0
1043,4130,842,108,711,108,7.796296296296297,3498.34,0,1,0,0,1,0,0
4525,621,856,157,479,1827,5.452229299363057,12522.83,0,0,1,0,1,0,0
874,3455,909,67,277,689,13.567164179104477,4599.82,0,0,0,1,0,0,1
2298,1500,77,224,129,1503,0.34375,2708.9,0,1,0,0,0,0,1
3256,3838,101,325,302,1710,0.31076923076923074,3574.08,0,1,0,0,0,0,1
4342,4443,787,499,574,93,1.5771543086172344,6796.14,0,1,0,0,0,1,0
3795,3823,852,191,514,966,4.460732984293194,9558.54,1,0,0,0,0,0,1
3552,3347,187,44,360,100,4.25,8091.13,0,0,0,1,1,0,0
1014,1958,672,312,357,181,2.1538461538461537,1794.38,1,0,0,0,1,0,0
1408,4881,838,55,466,671,15.236363636363636,7945.97,1,0,0,0,0,1,0
4277,4164,568,96,172,96,5.916666666666667,12697.18,0,0,0,1,0,1,0
613,4781,12,13,88,232,0.9230769230769231,818.39,0,1,0,0,1,0,0
2020,2498,112,275,500,251,0.4072727272727273,2391.93,1,0,0,0,0,1,0
3694,242,282,116,83,1876,2.4310344827586206,6603.57,1,0,0,0,1,0,0
4941,2951,543,84,517,1942,6.464285714285714,14879.5,0,1,0,0,0,0,1
1509,3569,125,49,551,1603,2.5510204081632653,2682.77,0,0,0,1,1,0,0
4902,3795,868,136,322,904,6.382352941176471,15523.35,0,0,0,1,0,1,0
4666,817,921,192,465,1773,4.796875,12075.37,0,0,0,1,0,0,1
3290,742,473,128,587,19,3.6953125,7619.07,1,0,0,0,1,0,0
4591,3540,113,82,613,1311,1.3780487804878048,7040.84,0,0,0,1,0,1,0
1655,2648,268,49,141,1824,5.469387755102041,4750.63,0,0,0,1,0,1,0
904,3793,317,213,605,207,1.488262910798122,1385.79,1,0,0,0,0,0,1
1379,469,376,474,631,311,0.7932489451476793,1720.99,0,0,0,1,1,0,0
3677,3750,938,105,621,103,8.933333333333334,14767.31,0,0,1,0,1,0,0
3001,886,819,288,555,159,2.84375,5626.79,0,0,0,1,0,1,0
1487,1049,651,152,136,1731,4.282894736842105,3573.3,0,0,0,1,0,0,1
4788,621,816,124,330,1587,6.580645161290323,15460.64,0,1,0,0,1,0,0
2861,3043,311,485,395,378,0.6412371134020619,3572.53,1,0,0,0,0,0,1
2779,454,569,381,156,1248,1.4934383202099737,4090.75,0,1,0,0,0,1,0
2206,2435,36,495,39,714,0.07272727272727272,2338.25,0,0,1,0,1,0,0
4323,1582,517,142,282,92,3.640845070422535,9938.79,0,0,0,1,0,1,0
4931,1747,536,177,538,667,3.0282485875706215,10351.53,0,1,0,0,1,0,0
2868,3145,784,411,544,176,1.9075425790754257,4829.78,0,1,0,0,0,1,0
4053,4731,374,254,46,1134,1.4724409448818898,6362.23,0,0,1,0,1,0,0
3286,2315,962,286,668,1835,3.3636363636363638,6631.06,0,0,0,1,0,0,1
3380,4816,307,472,244,735,0.6504237288135594,4151.01,0,1,0,0,1,0,0
2673,527,786,268,547,179,2.9328358208955225,5210.24,0,0,0,1,1,0,0
4716,2637,370,55,450,738,6.7272727272727275,14250.82,0,0,1,0,0,1,0
2699,644,655,355,278,453,1.8450704225352113,4351.01,0,0,1,0,1,0,0
4133,2864,513,344,406,1099,1.4912790697674418,6037.69,0,0,0,1,1,0,0
336,3865,962,392,46,583,2.454081632653061,613.56,0,0,1,0,1,0,0
1404,758,597,246,520,1864,2.426829268292683,2427.25,1,0,0,0,0,1,0
3530,2927,39,62,271,1745,0.6290322580645161,4309.63,0,1,0,0,1,0,0
1401,2158,448,157,556,492,2.8535031847133756,2825.59,1,0,0,0,0,0,1
2641,3427,349,196,238,1970,1.780612244897959,4138.11,1,0,0,0,0,0,1
2151,830,135,30,167,957,4.5,5087.63,0,0,1,0,0,1,0
541,1932,605,99,376,103,6.111111111111111,1571.11,0,0,1,0,1,0,0
2176,508,575,242,588,41,2.37603305785124,4035.51,0,0,0,1,0,1,0
3280,4279,375,224,669,435,1.6741071428571428,5216.65,1,0,0,0,1,0,0
2757,3347,804,378,201,1358,2.126984126984127,4780.91,0,1,0,0,0,1,0
3898,4902,861,60,232,1304,14.35,20680.08,0,0,0,1,1,0,0
904,233,452,162,446,1566,2.7901234567901234,1739.09,0,0,0,1,1,0,0
174,4983,272,333,418,1530,0.8168168168168168,222.39,0,0,0,1,0,1,0
2275,766,945,125,154,1267,7.56,7684.66,0,0,1,0,0,1,0
4024,376,881,403,368,1588,2.1861042183622827,7061.97,0,0,1,0,0,1,0
2189,3407,231,223,87,946,1.0358744394618835,3120.13,0,0,0,1,1,0,0
140,981,849,460,530,1593,1.8456521739130434,221.47,0,0,1,0,0,1,0
2181,2160,11,348,703,702,0.031609195402298854,2370.82,0,0,1,0,1,0,0
4783,2182,919,360,54,1103,2.5527777777777776,8487.28,0,0,0,1,0,0,1
1722,1337,403,146,42,1909,2.76027397260274,3250.81,0,1,0,0,0,0,1
441,2552,315,294,349,437,1.0714285714285714,595.51,0,1,0,0,1,0,0
4152,258,155,430,230,708,0.36046511627906974,5022.26,0,0,1,0,1,0,0
2174,2696,539,375,694,1485,1.4373333333333334,3166.81,0,1,0,0,0,1,0
745,3915,537,80,436,1221,6.7125,2375.16,0,1,0,0,1,0,0
4926,4474,317,254,141,1055,1.2480314960629921,6881.9,0,0,1,0,1,0,0
4363,2626,974,47,288,1868,20.72340425531915,32978.76,0,1,0,0,0,0,1
709,210,957,225,322,30,4.253333333333333,1680.39,0,0,1,0,0,1,0
554,641,680,136,594,1137,5.0,1390.73,1,0,0,0,0,1,0
3053,1238,349,81,442,1674,4.308641975308642,7577.33,0,0,0,1,1,0,0
1808,3383,928,235,167,1758,3.948936170212766,4258.04,0,1,0,0,0,1,0
3572,3710,361,324,566,986,1.1141975308641976,4898.4,0,0,0,1,0,0,1
3069,4555,819,450,463,684,1.82,5035.99,0,0,0,1,0,0,1
3128,3657,218,483,456,390,0.45134575569358176,3680.35,0,0,1,0,0,0,1
4897,2519,967,453,73,1691,2.1346578366445916,8650.95,0,1,0,0,1,0,0
2781,1856,214,293,683,276,0.7303754266211604,3625.13,0,1,0,0,1,0,0
3729,3186,634,421,270,1244,1.505938242280285,5462.67,1,0,0,0,0,0,1
4325,2406,699,311,219,1300,2.247588424437299,7852.54,0,1,0,0,0,0,1
3167,1075,982,255,648,12,3.850980392156863,6948.29,0,1,0,0,0,1,0
1486,822,730,80,547,1517,9.125,5650.62,0,0,1,0,0,1,0
3876,2670,645,204,658,1621,3.161764705882353,8106.66,0,0,0,1,0,1,0
2966,424,24,479,183,1758,0.05010438413361169,3065.75,1,0,0,0,0,1,0
4888,1629,867,448,78,49,1.9352678571428572,7820.44,0,1,0,0,0,0,1
3463,2045,437,47,308,1716,9.297872340425531,13562.93,0,1,0,0,0,1,0
4989,4586,485,126,328,10,3.8492063492063493,11651.73,1,0,0,0,0,0,1
4224,2530,307,247,421,261,1.242914979757085,5901.55,0,0,1,0,0,0,1
248,4211,566,373,236,320,1.517426273458445,373.13,0,1,0,0,1,0,0
3950,3610,103,411,589,186,0.25060827250608275,4368.54,0,1,0,0,0,1,0
2158,945,116,213,462,229,0.5446009389671361,2599.97,1,0,0,0,0,0,1
1236,667,428,360,585,1928,1.1888888888888889,1796.61,0,0,0,1,1,0,0
286,3788,287,328,539,670,0.875,375.72,0,1,0,0,1,0,0
2954,2279,137,368,38,785,0.37228260869565216,3533.36,0,1,0,0,0,0,1
1350,2119,979,14,426,835,69.92857142857143,31571.22,0,0,0,1,0,0,1
1433,3419,468,437,598,21,1.070938215102975,1961.77,0,1,0,0,0,1,0
4293,2420,47,498,434,16,0.09437751004016064,4605.36,0,0,0,1,0,1,0
4250,1746,618,166,359,480,3.7228915662650603,9629.71,0,0,1,0,0,0,1
2811,4103,207,116,31,1819,1.7844827586206897,4546.65,0,0,0,1,0,0,1
4953,4009,713,237,205,1651,3.0084388185654007,10241.5,0,0,0,1,1,0,0
4601,3520,366,151,705,6,2.423841059602649,8688.19,0,1,0,0,1,0,0
1885,2631,16,323,181,298,0.04953560371517028,2050.31,0,1,0,0,1,0,0
850,456,565,181,40,912,3.1215469613259668,1808.82,1,0,0,0,1,0,0
1862,3181,341,155,423,941,2.2,3275.3,0,1,0,0,1,0,0
4020,2380,528,16,157,259,33.0,43992.53,0,1,0,0,0,1,0
4560,4231,203,352,168,1014,0.5767045454545454,5618.97,0,0,0,1,1,0,0
581,2560,325,362,670,1064,0.8977900552486188,754.45,0,0,1,0,0,0,1
253,2887,10,455,642,276,0.02197802197802198,263.17,0,1,0,0,0,1,0
1624,4309,71,310,82,744,0.22903225806451613,1820.64,0,0,0,1,1,0,0
2220,1297,352,25,668,519,14.08,11939.46,1,0,0,0,1,0,0
2443,1378,610,329,687,827,1.8541033434650456,3919.59,1,0,0,0,1,0,0
1340,565,27,46,600,1931,0.5869565217391305,1639.31,0,0,1,0,0,0,1
160,4100,629,162,102,605,3.882716049382716,356.29,0,0,1,0,1,0,0
1038,3448,656,274,718,1535,2.394160583941606,1813.77,0,0,1,0,0,0,1
1739,1587,380,192,89,1332,1.9791666666666667,2983.71,0,0,0,1,0,0,1
4220,4697,831,165,345,1923,5.036363636363636,11014.8,0,1,0,0,1,0,0
4326,4636,588,146,310,1557,4.027397260273973,10347.31,0,0,0,1,1,0,0
3669,425,614,405,608,949,1.5160493827160493,5808.88,1,0,0,0,0,1,0
1352,1865,659,411,440,480,1.6034063260340632,2152.71,1,0,0,0,0,1,0
4303,4262,710,484,159,414,1.4669421487603307,6442.48,0,1,0,0,0,1,0
271,403,580,99,114,999,5.858585858585859,801.21,0,0,1,0,0,0,1
1558,4679,708,449,536,1547,1.576837416481069,2330.64,1,0,0,0,1,0,0
3649,1540,244,227,163,1489,1.0748898678414096,5144.72,0,0,1,0,0,1,0
4297,248,78,339,286,1433,0.23008849557522124,4780.12,0,0,0,1,0,0,1
2422,3134,456,195,55,1074,2.3384615384615386,4391.33,0,0,1,0,0,1,0
1736,2731,619,390,576,777,1.587179487179487,2756.03,0,0,0,1,0,1,0
3215,195,17,218,33,45,0.0779816513761468,3475.35,0,1,0,0,1,0,0
4190,3555,471,60,558,1821,7.85,14960.61,0,0,1,0,1,0,0
3104,4477,320,297,196,830,1.0774410774410774,4195.02,0,1,0,0,0,0,1
429,2469,143,97,448,1295,1.4742268041237114,655.41,0,0,1,0,1,0,0
3740,3567,394,441,591,275,0.8934240362811792,4960.8,1,0,0,0,0,1,0
3994,628,65,145,92,1935,0.4482758620689655,4725.08,0,1,0,0,0,0,1
4207,2410,369,167,608,1447,2.2095808383233533,7282.76,0,0,1,0,0,0,1
1441,4775,980,291,228,1059,3.3676975945017182,2986.93,0,1,0,0,0,0,1
3763,1763,123,417,286,1528,0.2949640287769784,4221.05,0,0,1,0,0,0,1
315,3464,97,164,235,1512,0.5914634146341463,396.84,0,0,0,1,1,0,0
438,2441,147,472,102,653,0.3114406779661017,505.64,0,1,0,0,0,1,0
4162,792,117,229,140,144,0.5109170305676856,4814.31,1,0,0,0,1,0,0
2808,4430,509,468,655,835,1.0876068376068375,3742.27,0,1,0,0,1,0,0
3252,1051,544,176,266,757,3.090909090909091,6624.81,0,0,0,1,0,0,1
1850,1460,153,331,342,1887,0.4622356495468278,2284.81,0,0,0,1,1,0,0
2521,638,878,188,573,1847,4.670212765957447,6079.7,1,0,0,0,1,0,0
809,919,665,338,535,193,1.967455621301775,1351.75,0,0,0,1,0,1,0
3826,3262,65,59,523,547,1.1016949152542372,5523.8,1,0,0,0,0,0,1
3742,4025,629,310,16,784,2.029032258064516,6022.47,0,0,1,0,1,0,0
4093,371,872,96,561,1921,9.083333333333334,15666.91,0,0,0,1,0,0,1
588,1128,15,42,336,178,0.35714285714285715,710.89,0,0,1,0,0,1,0
146,3765,551,284,390,782,1.9401408450704225,232.86,0,0,1,0,1,0,0
3459,1342,456,150,170,318,3.04,7015.05,0,0,0,1,0,1,0
4973,1241,394,215,119,1415,1.8325581395348838,8098.03,1,0,0,0,0,1,0
4906,692,316,233,42,151,1.3562231759656653,7006.78,1,0,0,0,0,0,1
500,1705,883,122,10,611,7.237704918032787,1592.39,1,0,0,0,0,0,1
4090,4310,866,287,430,1471,3.0174216027874565,8184.01,0,0,0,1,0,0,1
3257,3477,648,413,468,541,1.569007263922518,5142.21,0,0,1,0,1,0,0
4445,4171,311,362,49,150,0.8591160220994475,5689.72,0,1,0,0,0,0,1
490,4402,642,14,207,1232,45.857142857142854,7730.89,0,1,0,0,1,0,0
3953,3794,414,391,679,1373,1.0588235294117647,5493.25,0,0,0,1,0,1,0
4530,2450,620,221,514,262,2.8054298642533935,8641.12,0,1,0,0,0,0,1
728,4307,687,265,580,1746,2.5924528301886793,1380.18,0,0,1,0,0,1,0
4332,1540,846,343,210,413,2.4664723032069973,7682.13,0,1,0,0,0,0,1
3030,3726,840,484,139,1113,1.7355371900826446,4818.14,1,0,0,0,0,1,0
1621,1982,762,483,37,1773,1.5776397515527951,2519.39,0,0,1,0,1,0,0
926,3811,571,425,218,1784,1.3435294117647059,1358.83,0,0,0,1,0,1,0
4922,284,789,39,456,1282,20.23076923076923,36177.85,0,0,0,1,1,0,0
1600,320,846,356,512,492,2.3764044943820224,2943.73,1,0,0,0,0,0,1
3394,3288,519,419,278,1728,1.2386634844868736,4960.64,0,1,0,0,0,0,1
2519,1193,82,91,180,1632,0.9010989010989011,3404.59,0,0,0,1,0,0,1
1034,3045,821,480,517,1572,1.7104166666666667,1704.1,0,0,0,1,1,0,0
3142,2574,573,245,130,1120,2.3387755102040817,5877.71,0,0,1,0,0,0,1
4597,2715,274,353,645,1001,0.7762039660056658,5988.92,0,0,1,0,1,0,0
1566,2112,236,397,611,1428,0.5944584382871536,1909.54,0,0,1,0,1,0,0
3661,2590,202,370,672,1463,0.5459459459459459,4592.46,0,0,1,0,0,1,0
714,700,383,332,659,37,1.1536144578313252,974.76,0,0,0,1,0,0,1
1282,1260,760,262,359,1770,2.900763358778626,2520.61,0,0,1,0,0,1,0
3323,4699,19,127,627,1638,0.14960629921259844,3654.26,1,0,0,0,1,0,0
2767,4413,311,436,4,481,0.713302752293578,3689.47,1,0,0,0,0,1,0
230,2835,368,39,599,180,9.435897435897436,968.39,0,0,1,0,0,0,1
3083,2318,749,120,558,1349,6.241666666666666,9563.69,0,0,1,0,1,0,0
4378,4807,963,409,83,582,2.354523227383863,7823.79,0,1,0,0,0,1,0
4559,1252,814,263,154,1430,3.0950570342205324,9273.24,0,0,1,0,0,0,1
138,156,61,208,506,1493,0.2932692307692308,154.94,0,0,0,1,0,0,1
4059,1304,761,304,509,979,2.5032894736842106,7697.05,1,0,0,0,0,1,0
3687,4441,108,351,623,1643,0.3076923076923077,4328.0,1,0,0,0,1,0,0
1020,243,602,306,629,1295,1.9673202614379084,1747.13,0,0,0,1,0,0,1
2869,467,22,296,97,354,0.07432432432432433,2973.64,0,0,1,0,1,0,0
4211,1582,399,442,282,1583,0.9027149321266968,5564.72,0,1,0,0,0,0,1
592,715,963,406,701,967,2.37192118226601,1067.7,1,0,0,0,1,0,0
1231,3738,366,498,600,1489,0.7349397590361446,1521.14,0,1,0,0,1,0,0
3621,3428,649,434,599,1644,1.4953917050691243,5438.8,1,0,0,0,0,0,1
410,3327,825,253,538,364,3.260869565217391,818.18,0,1,0,0,0,1,0
838,1688,937,230,429,69,4.073913043478261,2040.74,1,0,0,0,0,1,0
3341,2589,20,165,543,308,0.12121212121212122,3722.62,0,1,0,0,0,1,0
645,3103,90,392,126,423,0.22959183673469388,732.22,0,0,1,0,1,0,0
2561,798,270,245,710,514,1.1020408163265305,3477.51,0,0,1,0,0,1,0
4446,2923,15,329,301,219,0.04559270516717325,4657.4,0,0,0,1,0,1,0
4954,1044,467,382,543,1069,1.2225130890052356,6868.73,0,0,0,1,0,0,1
1904,3981,382,28,367,1944,13.642857142857142,10216.66,0,1,0,0,1,0,0
3312,1022,490,224,45,1257,2.1875,5935.59,0,1,0,0,0,1,0
3910,1846,231,376,493,1725,0.6143617021276596,4639.46,1,0,0,0,0,0,1
913,4220,926,123,316,367,7.528455284552845,3005.78,0,0,0,1,1,0,0
4224,2953,819,209,189,1884,3.9186602870813396,9400.49,0,0,0,1,0,0,1
2132,1659,90,34,52,122,2.6470588235294117,4098.19,1,0,0,0,0,1,0
4672,1183,932,431,564,495,2.1624129930394433,8391.46,0,1,0,0,1,0,0
4513,3638,524,130,332,577,4.030769230769231,10721.03,0,0,0,1,1,0,0
344,533,69,239,499,1973,0.28870292887029286,393.42,0,1,0,0,0,1,0
4943,3026,230,108,318,884,2.1296296296296298,8186.18,0,0,1,0,0,0,1
4892,1189,971,355,410,1173,2.7352112676056337,9578.54,0,1,0,0,1,0,0
371,3057,358,12,323,1785,29.833333333333332,3730.45,0,0,1,0,1,0,0
3611,2712,570,395,591,895,1.4430379746835442,5354.15,0,0,1,0,1,0,0
1871,4291,237,270,561,1500,0.8777777777777778,2436.5,1,0,0,0,0,1,0
1362,3859,299,454,230,579,0.6585903083700441,1689.69,1,0,0,0,0,0,1
2524,4363,302,263,344,350,1.1482889733840305,3505.31,0,0,1,0,0,1,0
4461,2189,819,29,371,1921,28.24137931034483,45506.72,1,0,0,0,1,0,0
1020,2002,202,213,556,1595,0.9483568075117371,1332.7,0,0,0,1,0,0,1
3530,2667,965,303,292,115,3.184818481848185,7486.59,0,0,0,1,0,0,1
4535,2098,483,473,437,628,1.0211416490486258,6432.72,0,1,0,0,0,1,0
4584,3214,266,366,247,237,0.726775956284153,5857.57,0,0,1,0,0,1,0
2724,3094,964,137,219,47,7.036496350364963,8564.18,0,1,0,0,1,0,0
3860,2110,515,367,534,1645,1.4032697547683923,5800.6,0,0,1,0,0,1,0
2150,4944,397,301,642,274,1.318936877076412,3247.05,0,0,1,0,0,1,0
3600,1991,624,183,519,113,3.4098360655737703,7493.44,0,1,0,0,0,1,0
1265,930,407,230,472,545,1.7695652173913043,2098.78,0,1,0,0,0,1,0
475,148,375,364,350,399,1.0302197802197801,663.9,0,1,0,0,0,1,0
2133,4310,667,378,44,792,1.7645502645502646,3584.19,0,1,0,0,1,0,0
245,1278,299,46,65,1316,6.5,782.36,0,0,0,1,0,0,1
4488,3133,778,319,246,316,2.438871473354232,7928.3,0,0,1,0,0,1,0
531,170,318,158,585,1186,2.0126582278481013,889.85,1,0,0,0,0,0,1
804,166,287,414,71,1114,0.6932367149758454,981.26,0,0,1,0,0,0,1
2732,1877,473,101,709,51,4.683168316831683,6616.1,0,0,0,1,0,1,0
4594,2328,198,79,701,1448,2.5063291139240507,8616.47,0,0,1,0,0,1,0
1063,1889,927,93,158,1430,9.96774193548387,4628.95,0,0,0,1,0,0,1
2334,712,187,453,475,144,0.41280353200883,2878.42,0,0,1,0,1,0,0
2141,1986,537,429,25,1640,1.2517482517482517,3024.65,0,0,0,1,0,0,1
1928,1722,933,214,583,1706,4.359813084112149,4539.5,1,0,0,0,1,0,0
2208,796,997,497,223,528,2.006036217303823,3734.94,1,0,0,0,0,0,1
4168,1337,384,276,160,1157,1.391304347826087,6026.35,1,0,0,0,0,1,0
1038,2506,607,97,75,1523,6.257731958762887,3075.04,1,0,0,0,1,0,0
4905,348,769,261,138,390,2.946360153256705,10014.21,0,0,0,1,0,0,1
906,737,463,220,479,1194,2.1045454545454545,1597.8,0,0,1,0,1,0,0
1563,1049,226,352,553,1566,0.6420454545454546,2030.9,1,0,0,0,0,1,0
3515,2004,51,40,303,1184,1.275,5093.83,1,0,0,0,1,0,0
110,3687,203,366,387,1973,0.5546448087431693,135.54,0,0,1,0,0,1,0
1968,1211,336,430,472,1683,0.7813953488372093,2616.54,0,0,1,0,0,1,0
4967,275,382,325,334,819,1.1753846153846155,6879.19,0,1,0,0,1,0,0
984,822,474,70,309,749,6.771428571428571,3228.45,0,0,1,0,0,1,0
3664,3942,172,76,528,412,2.263157894736842,6162.46,0,0,1,0,0,1,0
1489,3774,285,235,701,1711,1.2127659574468086,2192.73,0,0,1,0,0,1,0
3501,4966,373,422,540,1608,0.8838862559241706,4773.02,0,1,0,0,1,0,0
4421,2047,651,460,163,384,1.4152173913043478,6488.06,0,0,1,0,0,1,0
924,802,784,344,55,875,2.2790697674418605,1669.0,0,0,0,1,0,0,1
2365,2228,489,336,455,1663,1.4553571428571428,3470.28,1,0,0,0,0,1,0
1036,1026,698,76,305,897,9.18421052631579,4114.63,0,0,0,1,0,0,1
2900,4333,988,137,102,708,7.211678832116788,9816.89,0,1,0,0,1,0,0
2653,3604,469,120,554,1209,3.908333333333333,6175.57,0,1,0,0,0,0,1
3945,2617,274,281,388,1686,0.9750889679715302,5600.22,0,1,0,0,0,1,0
1896,2497,548,310,683,214,1.767741935483871,2954.3,0,1,0,0,0,1,0
153,1249,983,43,208,1118,22.86046511627907,1260.1,0,1,0,0,0,1,0
826,3480,395,221,315,570,1.7873303167420815,1380.58,1,0,0,0,0,1,0
2836,1978,94,309,49,219,0.3042071197411003,3268.6,0,0,1,0,0,1,0
3270,1353,717,382,572,219,1.8769633507853403,5559.25,0,0,0,1,0,1,0
2013,1583,325,134,518,13,2.425373134328358,3628.63,0,0,0,1,1,0,0
1696,409,252,112,148,423,2.25,3066.74,0,0,1,0,0,1,0
2014,4052,478,490,211,1819,0.9755102040816327,2829.91,0,1,0,0,0,0,1
2566,3149,889,215,372,1447,4.134883720930232,6235.65,0,0,1,0,0,0,1
2837,1664,351,129,662,486,2.7209302325581395,5601.78,0,1,0,0,0,0,1
949,1600,186,179,597,1401,1.0391061452513966,1272.16,1,0,0,0,1,0,0
2209,4965,139,44,672,968,3.159090909090909,4491.4,0,0,0,1,0,0,1
102,115,666,391,47,1676,1.7033248081841432,156.81,0,0,0,1,0,0,1
4355,705,92,340,674,1432,0.27058823529411763,4793.53,1,0,0,0,0,0,1
4169,1481,369,255,499,786,1.4470588235294117,6270.5,1,0,0,0,1,0,0
4976,3483,97,349,155,119,0.27793696275071633,5908.48,0,1,0,0,0,0,1
992,994,541,423,230,271,1.2789598108747045,1453.87,0,0,1,0,0,0,1
2130,1667,751,318,300,1980,2.361635220125786,3949.81,0,1,0,0,1,0,0
3260,513,981,67,158,912,14.64179104477612,19227.21,0,1,0,0,0,1,0
2476,4220,994,421,673,1121,2.36104513064133,4266.4,0,0,0,1,0,0,1
4775,2104,647,408,247,842,1.5857843137254901,7160.84,0,1,0,0,0,1,0
2033,415,480,431,568,1071,1.1136890951276102,2791.12,0,0,1,0,0,0,1
1480,4766,507,315,151,664,1.6095238095238096,2329.99,0,1,0,0,1,0,0
3781,4920,516,150,299,1024,3.44,7730.42,0,0,0,1,0,1,0
1390,3155,363,120,54,173,3.025,2860.0,0,0,1,0,1,0,0
1740,1949,425,172,223,787,2.4709302325581395,3049.15,0,0,1,0,0,1,0
2782,2053,60,120,580,347,0.5,3249.99,0,0,0,1,1,0,0
1087,488,609,161,565,237,3.782608695652174,2409.08,0,0,0,1,0,1,0
1318,2869,691,385,467,937,1.7948051948051948,2140.75,0,1,0,0,0,1,0
1455,4639,72,74,486,543,0.972972972972973,2045.4,0,0,0,1,0,1,0
4365,3146,98,115,552,1237,0.8521739130434782,6009.13,1,0,0,0,0,0,1
4716,2515,710,225,444,1296,3.1555555555555554,9992.62,0,0,0,1,0,1,0
4235,2489,199,100,138,407,1.99,6835.69,1,0,0,0,0,1,0
1660,403,908,411,650,78,2.2092457420924574,2934.44,0,0,0,1,0,0,1
1518,863,610,451,292,1815,1.352549889135255,2228.21,1,0,0,0,0,0,1
1054,2073,357,35,210,1577,10.2,4333.07,1,0,0,0,1,0,0
1083,915,853,166,684,1170,5.13855421686747,2905.31,0,0,0,1,1,0,0
1074,977,547,81,697,1956,6.753086419753086,3365.75,0,0,1,0,0,0,1
4233,4898,185,53,211,12,3.490566037735849,8965.32,0,0,1,0,0,0,1
4072,2426,373,99,663,1784,3.7676767676767677,8756.52,1,0,0,0,0,0,1
1013,2529,785,142,388,229,5.528169014084507,2956.62,0,0,1,0,0,0,1
4649,2160,910,170,396,843,5.352941176470588,12994.23,0,0,0,1,0,0,1
136,4498,916,241,124,965,3.800829875518672,299.23,1,0,0,0,1,0,0
3487,1679,563,389,561,1715,1.4473007712082262,5459.85,0,1,0,0,0,0,1
1811,4355,492,270,124,1365,1.8222222222222222,3066.57,1,0,0,0,0,0,1
3120,2301,996,392,68,672,2.5408163265306123,5943.76,0,1,0,0,1,0,0
895,3697,128,378,475,1757,0.3386243386243386,1050.92,0,1,0,0,0,1,0
4136,1303,178,120,358,839,1.4833333333333334,6201.46,1,0,0,0,1,0,0
4788,2524,629,173,456,164,3.6358381502890174,10445.32,0,1,0,0,1,0,0
3211,3975,156,86,346,1704,1.813953488372093,5183.99,0,0,1,0,0,0,1
1424,2923,697,218,521,382,3.197247706422018,3054.56,0,1,0,0,0,1,0
417,3385,446,22,637,731,20.272727272727273,3177.59,0,0,1,0,1,0,0
2496,2163,448,418,624,582,1.0717703349282297,3394.86,1,0,0,0,0,1,0
2262,2079,897,67,498,1446,13.388059701492537,12055.93,0,1,0,0,1,0,0
2845,4448,198,395,328,1462,0.5012658227848101,3467.2,0,1,0,0,0,0,1
1691,3231,169,353,330,772,0.47875354107648727,2090.93,0,0,1,0,1,0,0
3211,3192,823,45,566,942,18.288888888888888,21027.2,0,0,1,0,1,0,0
4030,4926,869,34,427,1087,25.558823529411764,37380.2,1,0,0,0,1,0,0
2096,3764,941,43,443,995,21.88372093023256,16381.6,1,0,0,0,0,1,0
1412,2436,411,149,601,1994,2.7583892617449663,2613.9,0,1,0,0,0,1,0
1385,3714,595,284,95,246,2.0950704225352115,2420.55,0,0,0,1,0,0,1
4411,597,873,379,451,998,2.3034300791556728,7706.51,0,1,0,0,0,1,0
2483,3917,27,371,317,50,0.07277628032345014,2722.46,0,1,0,0,0,1,0
3339,4743,149,231,487,1822,0.645021645021645,4049.85,1,0,0,0,0,1,0
2239,231,124,46,678,1258,2.6956521739130435,4448.94,1,0,0,0,0,0,1
1804,957,337,372,648,1993,0.9059139784946236,2478.6,0,1,0,0,0,0,1
462,620,234,138,577,1552,1.6956521739130435,717.17,0,0,1,0,0,0,1
2704,129,567,325,5,1972,1.7446153846153847,4424.27,1,0,0,0,0,0,1
1816,3496,448,332,632,1540,1.3493975903614457,2585.8,0,1,0,0,1,0,0
4551,4704,559,442,371,1306,1.2647058823529411,6687.91,0,0,0,1,0,0,1
4386,1360,727,227,555,669,3.202643171806167,8651.33,0,1,0,0,0,0,1
3838,1658,395,344,188,220,1.1482558139534884,5332.13,0,0,0,1,1,0,0
2569,115,530,439,26,907,1.2072892938496582,3841.87,0,0,0,1,1,0,0
4895,3705,262,257,162,1372,1.0194552529182879,6469.36,0,0,0,1,0,1,0
656,1707,629,120,130,364,5.241666666666666,1788.38,0,1,0,0,0,1,0
925,3617,910,313,533,992,2.9073482428115014,1744.02,1,0,0,0,0,0,1
2908,2116,107,229,410,920,0.4672489082969432,3537.58,0,0,1,0,0,1,0
4621,3674,796,205,640,563,3.8829268292682926,10282.67,0,0,1,0,1,0,0
2819,1843,80,156,588,42,0.5128205128205128,3353.52,0,1,0,0,0,1,0
3608,3891,560,353,73,423,1.5864022662889519,5505.01,0,1,0,0,0,1,0
3841,3734,819,49,233,135,16.714285714285715,23574.8,0,0,0,1,0,0,1
1674,1188,922,143,106,786,6.4475524475524475,5374.5,1,0,0,0,1,0,0
4098,1461,456,473,9,1283,0.9640591966173362,5761.78,0,1,0,0,1,0,0
2229,3472,99,361,631,1215,0.2742382271468144,2622.26,0,0,1,0,0,1,0
2503,4573,439,487,50,1280,0.9014373716632443,3213.74,0,1,0,0,0,1,0
3429,575,228,200,522,748,1.14,4709.14,1,0,0,0,0,1,0
688,1389,116,172,625,1518,0.6744186046511628,877.84,1,0,0,0,0,0,1
2112,428,485,465,442,1812,1.043010752688172,3041.92,0,1,0,0,0,1,0
1647,4144,925,70,590,1890,13.214285714285714,8670.69,0,1,0,0,0,1,0
394,1939,463,14,36,73,33.07142857142857,4443.8,1,0,0,0,0,0,1
2085,1286,913,46,202,1098,19.847826086956523,15685.04,1,0,0,0,1,0,0
3217,4633,617,469,118,635,1.3155650319829424,4547.41,0,0,0,1,0,0,1
1790,3514,924,226,702,1606,4.088495575221239,4336.94,0,1,0,0,0,1,0
1236,3636,553,234,169,401,2.3632478632478633,2318.17,0,1,0,0,0,1,0
2164,1873,135,496,512,1103,0.2721774193548387,2567.2,0,1,0,0,1,0,0
4555,2163,156,225,230,993,0.6933333333333334,5583.71,0,0,1,0,0,0,1
4895,1944,289,148,560,1272,1.9527027027027026,8189.18,0,0,0,1,0,1,0
4643,2658,33,115,150,1211,0.28695652173913044,5337.66,1,0,0,0,1,0,0
4870,1362,961,108,208,1974,8.898148148148149,18218.52,0,0,0,1,0,1,0
1107,3391,730,177,61,1677,4.124293785310734,2612.1,0,0,1,0,1,0,0
2614,1118,129,458,117,1834,0.2816593886462882,3018.16,0,0,0,1,0,1,0
3626,1889,795,273,239,1580,2.912087912087912,7017.26,0,0,1,0,0,1,0
4781,3624,661,96,48,1783,6.885416666666667,15119.44,0,0,0,1,1,0,0
1347,3604,306,93,448,470,3.2903225806451615,2692.74,0,0,0,1,1,0,0
4002,906,864,233,468,1872,3.708154506437768,9262.91,0,0,0,1,0,1,0
1535,2766,953,20,293,1762,47.65,25364.54,0,1,0,0,1,0,0
671,504,91,336,425,579,0.2708333333333333,780.62,1,0,0,0,0,1,0
2482,693,457,195,517,456,2.3435897435897437,4236.24,0,0,0,1,0,1,0
1345,4049,921,359,612,1300,2.565459610027855,2528.76,0,1,0,0,0,0,1
2184,4207,729,388,205,1789,1.8788659793814433,3476.72,0,1,0,0,0,1,0
377,3380,928,441,180,1839,2.1043083900226756,655.69,0,1,0,0,0,1,0
1987,2312,479,240,529,1816,1.9958333333333333,3374.04,0,0,1,0,1,0,0
4679,1642,432,150,90,1203,2.88,9464.68,0,0,0,1,0,0,1
1365,713,554,115,500,914,4.817391304347826,3422.98,1,0,0,0,1,0,0
4926,968,33,262,108,1815,0.12595419847328243,5126.17,0,0,0,1,1,0,0
1140,911,70,453,190,129,0.1545253863134658,1301.89,0,0,0,1,0,1,0
1017,1922,832,58,180,379,14.344827586206897,5883.69,1,0,0,0,0,1,0
985,4962,710,460,20,1139,1.5434782608695652,1506.79,0,1,0,0,0,1,0
2852,4277,93,272,359,1346,0.34191176470588236,3169.09,0,0,0,1,1,0,0
121,1844,234,214,609,389,1.0934579439252337,168.69,0,1,0,0,1,0,0
4669,2356,689,366,656,786,1.8825136612021858,7688.67,0,1,0,0,0,1,0
3291,4142,195,418,7,464,0.4665071770334928,4059.86,0,1,0,0,1,0,0
2453,3767,384,416,322,1226,0.9230769230769231,3356.91,1,0,0,0,0,0,1
4899,621,81,60,268,1653,1.35,6931.83,0,1,0,0,0,0,1
786,1625,83,184,427,989,0.45108695652173914,955.31,0,0,0,1,0,0,1
384,1569,906,234,296,547,3.871794871794872,841.3,0,1,0,0,1,0,0
4911,2775,350,270,513,409,1.2962962962962963,6881.86,0,0,1,0,0,0,1
3847,1613,162,489,570,618,0.3312883435582822,4397.92,0,0,1,0,0,1,0
862,4976,105,231,387,761,0.45454545454545453,987.12,0,0,1,0,0,1,0
2528,1551,574,232,264,1176,2.4741379310344827,4769.63,0,1,0,0,0,1,0
2607,4754,454,278,90,653,1.6330935251798562,4064.13,0,0,0,1,0,0,1
128,3530,695,307,488,1429,2.263843648208469,227.55,0,0,0,1,0,0,1
1006,3107,119,390,587,1002,0.30512820512820515,1161.43,0,1,0,0,1,0,0
3204,3224,467,398,261,491,1.1733668341708543,4755.54,0,1,0,0,0,1,0
4099,1853,837,416,488,807,2.012019230769231,7175.14,1,0,0,0,1,0,0
3094,1712,60,327,341,1186,0.1834862385321101,3541.49,0,1,0,0,0,0,1
2606,3375,386,394,329,147,0.9796954314720813,3501.16,0,0,1,0,1,0,0
4765,655,774,83,401,1436,9.325301204819278,18358.08,1,0,0,0,0,1,0
3709,4351,82,123,357,256,0.6666666666666666,4714.23,1,0,0,0,1,0,0
3653,2149,221,228,499,1627,0.9692982456140351,4922.87,0,1,0,0,1,0,0
1553,924,441,63,435,370,7.0,4922.88,0,1,0,0,0,0,1
4933,2949,733,209,119,1754,3.507177033492823,10222.17,1,0,0,0,0,0,1
3456,3130,772,381,47,651,2.026246719160105,5799.14,1,0,0,0,0,0,1
615,1181,177,140,168,1713,1.2642857142857142,903.47,1,0,0,0,0,0,1
138,3425,784,348,348,1315,2.2528735632183907,245.73,1,0,0,0,0,1,0
3442,592,340,201,504,1364,1.691542288557214,5590.25,1,0,0,0,0,1,0
986,4864,990,188,539,76,5.26595744680851,2662.35,0,0,0,1,1,0,0
2944,174,751,395,296,569,1.90126582278481,4771.9,1,0,0,0,0,1,0
2304,3091,760,314,513,1564,2.4203821656050954,4191.21,1,0,0,0,1,0,0
1198,3460,796,296,174,1858,2.689189189189189,2375.53,0,0,0,1,0,0,1
1923,470,503,249,395,505,2.0200803212851404,3102.31,0,0,1,0,1,0,0
3301,4782,152,254,679,1345,0.5984251968503937,4099.46,0,0,1,0,1,0,0
3255,428,591,339,530,1993,1.7433628318584071,5120.62,0,0,1,0,0,1,0
3193,4785,454,126,603,662,3.6031746031746033,6714.48,0,0,1,0,1,0,0
3630,1890,833,217,303,1016,3.838709677419355,8149.85,0,1,0,0,0,1,0
3878,876,403,494,202,1331,0.8157894736842105,5136.59,0,1,0,0,1,0,0
2996,2122,521,221,533,347,2.3574660633484164,5385.04,1,0,0,0,0,1,0
3553,4774,695,268,156,1417,2.593283582089552,6335.61,1,0,0,0,0,0,1
3611,4416,857,389,14,1223,2.203084832904884,6344.93,0,0,1,0,0,1,0
1088,1287,630,172,20,1700,3.6627906976744184,2336.51,0,0,1,0,0,0,1
4216,1603,724,235,457,182,3.0808510638297872,8389.69,0,0,0,1,0,1,0
4126,3391,706,350,173,240,2.0171428571428573,6829.59,0,0,0,1,0,0,1
4279,3425,812,429,445,1958,1.8927738927738929,7284.71,0,0,0,1,0,0,1
1782,287,337,73,122,1778,4.616438356164384,4270.17,0,0,1,0,0,1,0
4765,1314,613,425,497,66,1.4423529411764706,7064.42,0,0,0,1,0,0,1
4063,3386,268,255,184,171,1.0509803921568628,5555.03,1,0,0,0,1,0,0
1033,3546,843,27,580,1669,31.22222222222222,11371.46,0,0,1,0,1,0,0
3698,1209,446,43,671,1617,10.372093023255815,16404.41,0,1,0,0,0,0,1
3333,2621,727,321,49,165,2.264797507788162,6004.89,0,0,1,0,0,0,1
2080,3979,573,495,181,954,1.1575757575757575,3013.24,0,1,0,0,0,0,1
1955,630,358,332,394,63,1.0783132530120483,2637.21,0,1,0,0,0,1,0
3156,1170,702,190,393,355,3.694736842105263,7260.86,0,0,1,0,1,0,0
892,3236,959,460,348,51,2.0847826086956522,1509.93,0,0,0,1,0,0,1
891,1062,824,356,476,584,2.3146067415730336,1511.37,1,0,0,0,0,0,1
1909,1505,524,203,141,43,2.58128078817734,3613.6,0,0,1,0,0,1,0
2355,3237,458,201,530,1859,2.2786069651741294,4204.31,0,0,0,1,1,0,0
3710,616,408,76,652,963,5.368421052631579,9807.04,0,1,0,0,0,0,1
1707,3264,605,218,584,1345,2.7752293577981653,3428.46,0,1,0,0,1,0,0
1084,1591,223,375,471,1342,0.5946666666666667,1349.12,0,1,0,0,0,1,0
3776,3789,555,176,263,1240,3.153409090909091,7693.01,0,1,0,0,1,0,0
3480,4328,571,255,143,1215,2.23921568627451,6049.36,0,0,1,0,0,0,1
619,4509,298,254,707,670,1.1732283464566928,854.43,1,0,0,0,0,0,1
690,690,850,175,146,1514,4.857142857142857,1856.97,0,1,0,0,1,0,0
1150,1643,268,305,294,90,0.8786885245901639,1555.18,0,0,0,1,0,1,0
3733,3156,267,412,538,1446,0.6480582524271845,4711.84,0,0,0,1,0,1,0
4544,2306,397,220,509,1515,1.8045454545454545,7446.05,1,0,0,0,0,1,0
1059,3439,793,142,422,616,5.584507042253521,3071.31,1,0,0,0,0,1,0
792,2808,703,206,571,563,3.412621359223301,1704.73,1,0,0,0,0,0,1
3999,4129,554,407,564,1278,1.3611793611793612,5696.54,0,1,0,0,1,0,0
4573,847,274,356,417,1131,0.7696629213483146,6021.4,0,0,1,0,0,0,1
3046,900,322,58,661,1318,5.551724137931035,8577.79,0,1,0,0,1,0,0
626,1597,49,73,107,1535,0.6712328767123288,824.73,0,1,0,0,1,0,0
3324,1479,829,121,318,1260,6.851239669421488,10901.23,0,0,0,1,0,1,0
2353,779,219,365,59,1522,0.6,2872.05,0,0,1,0,0,1,0
3444,3870,281,194,258,835,1.4484536082474226,5007.44,0,0,1,0,1,0,0
4065,3442,145,113,425,1869,1.2831858407079646,5901.36,0,0,0,1,1,0,0
1975,996,608,428,531,356,1.4205607476635513,3008.03,0,0,0,1,1,0,0
1863,1646,69,222,166,617,0.3108108108108108,2072.82,0,0,0,1,0,0,1
620,3226,519,14,25,767,37.07142857142857,8003.36,1,0,0,0,1,0,0
1116,783,685,128,4,304,5.3515625,3147.77,0,0,1,0,0,0,1
216,1395,524,353,3,1932,1.4844192634560907,317.09,0,0,0,1,1,0,0
2533,1485,24,258,418,1556,0.09302325581395349,2787.45,0,0,0,1,0,1,0
683,1042,623,176,362,1895,3.539772727272727,1417.91,0,0,0,1,1,0,0
494,3380,264,392,369,1516,0.673469387755102,594.28,0,1,0,0,1,0,0
3888,1133,746,251,539,584,2.9721115537848606,7378.67,0,0,1,0,0,0,1
2868,2886,731,289,346,1141,2.5294117647058822,5362.86,0,0,1,0,1,0,0
4267,2333,544,433,44,367,1.25635103926097,6447.13,1,0,0,0,0,0,1
3960,3745,244,372,564,1666,0.6559139784946236,5104.8,0,1,0,0,0,0,1
373,1720,140,247,153,459,0.5668016194331984,447.53,0,0,1,0,0,1,0
2113,3635,679,315,202,120,2.1555555555555554,3504.35,1,0,0,0,0,1,0
4533,3305,694,214,321,1237,3.2429906542056073,9494.63,1,0,0,0,0,1,0
1489,2982,26,495,464,1765,0.052525252525252523,1512.95,0,0,0,1,0,1,0
3666,270,891,323,11,1207,2.7585139318885448,7230.83,1,0,0,0,0,0,1
4802,1653,963,10,580,1670,96.3,147021.33,1,0,0,0,1,0,0
265,3997,835,180,227,1363,4.638888888888889,652.76,0,1,0,0,0,0,1
1667,1695,887,176,633,1502,5.0397727272727275,4331.43,0,0,0,1,0,1,0
828,1723,194,403,333,1518,0.4813895781637717,1019.93,0,0,0,1,1,0,0
2143,4222,400,267,469,1255,1.4981273408239701,3188.69,0,0,0,1,0,0,1
4297,1191,432,72,15,1920,6.0,12373.86,1,0,0,0,1,0,0
3596,2937,855,281,57,364,3.0427046263345194,7250.59,0,0,0,1,0,0,1
878,507,451,46,330,1470,9.804347826086957,3620.68,0,0,1,0,1,0,0
313,4269,705,25,64,1969,28.2,3243.92,0,1,0,0,1,0,0
3862,779,664,263,230,484,2.5247148288973382,6965.91,0,1,0,0,0,1,0
1676,336,565,352,11,852,1.6051136363636365,2505.87,1,0,0,0,0,1,0
2548,2874,21,355,633,950,0.059154929577464786,2733.51,0,0,0,1,1,0,0
3036,3537,529,345,224,246,1.5333333333333334,4514.35,0,1,0,0,1,0,0
3217,3457,89,36,637,1930,2.4722222222222223,5834.69,1,0,0,0,0,1,0
691,2977,818,456,660,1944,1.793859649122807,1082.76,1,0,0,0,0,0,1
2820,2523,683,120,542,764,5.691666666666666,8307.78,0,1,0,0,1,0,0
813,4814,311,242,506,1249,1.2851239669421488,1163.33,0,0,0,1,0,0,1
1035,3247,225,487,522,1181,0.4620123203285421,1269.77,0,0,0,1,0,1,0
4437,1132,257,73,54,631,3.5205479452054793,9988.63,0,0,1,0,1,0,0
101,2954,550,106,698,1630,5.188679245283019,282.5,0,0,1,0,0,0,1
2948,3040,281,425,719,1764,0.6611764705882353,3718.14,0,0,0,1,0,1,0
4144,3801,142,402,157,365,0.35323383084577115,5033.78,0,0,1,0,1,0,0
2049,4170,14,276,641,902,0.050724637681159424,2216.63,0,0,1,0,0,0,1
1017,3232,765,494,570,186,1.548582995951417,1508.61,0,1,0,0,1,0,0
3274,3560,551,335,405,1519,1.644776119402985,5323.87,0,0,0,1,0,0,1
2341,2023,638,423,399,1870,1.508274231678487,3559.63,0,1,0,0,0,0,1
189,733,699,241,707,1209,2.900414937759336,358.85,0,1,0,0,1,0,0
1809,4203,782,408,403,1411,1.9166666666666667,3074.66,1,0,0,0,0,1,0
2269,1492,756,452,588,280,1.6725663716814159,3620.28,0,0,0,1,1,0,0
4338,3546,150,57,89,1939,2.6315789473684212,8447.5,0,1,0,0,0,1,0
3141,3198,492,359,593,742,1.3704735376044568,4799.1,0,0,1,0,0,0,1
205,161,314,219,186,1506,1.4337899543378996,302.56,1,0,0,0,0,0,1
986,2569,354,85,79,1289,4.1647058823529415,2274.77,0,0,1,0,0,0,1
527,1917,571,256,145,1694,2.23046875,944.19,1,0,0,0,0,1,0
1995,732,279,325,641,352,0.8584615384615385,2652.62,0,0,1,0,0,0,1
416,4987,117,77,14,589,1.5194805194805194,609.86,0,0,1,0,1,0,0
734,2698,567,322,631,82,1.7608695652173914,1142.12,0,0,1,0,0,0,1
2025,3551,483,73,2,1964,6.616438356164384,6135.97,0,1,0,0,0,1,0
2156,1400,91,191,516,1205,0.47643979057591623,2609.5,0,0,0,1,0,1,0
3244,2753,647,89,66,1366,7.269662921348314,10407.33,1,0,0,0,1,0,0
2370,1554,93,352,246,196,0.26420454545454547,2610.98,0,1,0,0,1,0,0
1539,1238,299,212,602,60,1.4103773584905661,2309.62,1,0,0,0,0,1,0
652,3292,80,191,430,151,0.418848167539267,743.69,0,1,0,0,0,1,0
815,4720,184,452,690,1085,0.40707964601769914,937.24,1,0,0,0,1,0,0
4011,2310,837,481,572,1671,1.7401247401247402,6658.48,1,0,0,0,1,0,0
1813,4982,851,223,232,428,3.8161434977578477,4159.68,0,0,1,0,1,0,0
3489,3859,472,432,436,951,1.0925925925925926,4774.78,1,0,0,0,1,0,0
1207,3129,858,129,353,331,6.651162790697675,3932.58,1,0,0,0,0,1,0
4306,1460,404,408,688,1063,0.9901960784313726,5724.92,0,0,1,0,0,0,1
350,2526,875,250,679,1277,3.5,759.77,0,1,0,0,0,1,0
2530,4368,100,344,383,890,0.29069767441860467,2852.0,0,1,0,0,1,0,0
2154,163,478,211,710,955,2.265402843601896,3890.02,0,0,0,1,0,1,0
558,1445,872,421,60,1642,2.07125890736342,938.35,0,0,0,1,1,0,0
307,1074,443,301,470,1257,1.4717607973421927,453.56,0,0,0,1,0,1,0
999,4261,258,63,411,354,4.095238095238095,2361.64,0,0,0,1,1,0,0
3561,3728,653,154,83,901,4.240259740259741,8693.91,1,0,0,0,1,0,0
3485,1722,690,365,74,1194,1.8904109589041096,5754.36,1,0,0,0,0,1,0
121,557,964,95,311,217,10.147368421052631,524.4,0,0,0,1,1,0,0
509,3430,581,480,454,348,1.2104166666666667,723.11,0,0,1,0,0,0,1
994,1840,890,486,26,1550,1.831275720164609,1662.59,0,0,0,1,1,0,0
614,3126,858,31,426,411,27.677419354838708,6046.36,0,1,0,0,1,0,0
4209,2054,250,340,377,1552,0.7352941176470589,5238.28,1,0,0,0,1,0,0
2234,379,711,301,243,731,2.362126245847176,4157.11,0,0,1,0,0,0,1
3695,2491,505,245,628,898,2.061224489795918,6480.28,0,1,0,0,0,1,0
3056,1140,349,38,323,915,9.18421052631579,12582.28,0,0,1,0,0,0,1
1660,1061,802,192,180,1943,4.177083333333333,3953.01,0,0,1,0,0,0,1
1366,3945,753,435,626,1705,1.7310344827586206,2215.62,0,0,0,1,0,0,1
2269,1317,480,169,266,1550,2.8402366863905324,4565.26,0,1,0,0,0,1,0
3738,3320,472,407,550,1967,1.1597051597051597,5064.99,0,0,0,1,1,0,0
849,474,810,27,380,243,30.0,9264.46,0,1,0,0,0,0,1
3527,4230,284,47,77,1855,6.042553191489362,10189.64,1,0,0,0,1,0,0
4880,1492,834,110,614,8,7.581818181818182,16070.94,0,1,0,0,0,0,1
2027,2176,24,299,524,1307,0.0802675585284281,2125.13,1,0,0,0,0,0,1
3904,874,50,386,49,623,0.12953367875647667,4293.52,1,0,0,0,0,0,1
3802,4416,974,182,254,1576,5.351648351648351,9953.49,0,0,0,1,0,0,1
2456,3524,217,352,380,924,0.6164772727272727,2910.44,1,0,0,0,0,0,1
4890,2223,69,425,249,580,0.1623529411764706,5456.05,0,0,0,1,0,0,1
2435,4689,374,375,72,1659,0.9973333333333333,3306.98,0,0,1,0,0,1,0
406,3693,249,76,447,1853,3.276315789473684,873.03,0,0,1,0,1,0,0
3765,379,617,200,506,166,3.085,7436.22,0,0,1,0,1,0,0
2089,4941,799,448,709,1227,1.7834821428571428,3296.72,0,1,0,0,0,1,0
761,2911,948,52,253,1664,18.23076923076923,4961.26,1,0,0,0,0,0,1
4744,2442,169,132,299,364,1.2803030303030303,6919.72,0,0,0,1,0,1,0
411,1574,406,287,60,1176,1.4146341463414633,606.85,0,0,1,0,0,1,0
3020,1957,943,352,357,1948,2.678977272727273,5632.2,0,0,0,1,0,1,0
1182,2989,803,205,157,1449,3.9170731707317072,2688.65,0,0,1,0,1,0,0
3071,1159,509,342,342,658,1.4883040935672514,4819.62,1,0,0,0,0,1,0
854,2022,218,134,202,1585,1.626865671641791,1284.17,0,0,1,0,0,0,1
4230,3899,142,105,35,1493,1.3523809523809525,6257.51,0,0,0,1,0,1,0
4640,4692,390,387,535,1434,1.0077519379844961,6161.49,0,0,1,0,1,0,0
452,2573,442,166,456,515,2.6626506024096384,830.32,0,0,0,1,1,0,0
1002,4239,618,49,165,1275,12.612244897959183,4916.3,0,0,1,0,0,0,1
3988,1951,740,369,28,1101,2.005420054200542,6680.72,0,0,0,1,0,1,0
258,3641,398,182,372,1446,2.1868131868131866,448.38,0,0,1,0,0,0,1
2077,4649,592,384,314,732,1.5416666666666667,3302.34,1,0,0,0,0,1,0
1056,694,441,403,565,910,1.0942928039702233,1527.81,0,0,1,0,0,0,1
2171,606,283,470,284,1409,0.6021276595744681,2713.54,0,1,0,0,0,0,1
503,4989,360,182,298,1884,1.978021978021978,824.04,0,0,0,1,0,0,1
4711,120,143,129,475,1403,1.1085271317829457,6791.47,0,0,1,0,1,0,0
2879,1499,75,282,597,1252,0.26595744680851063,3355.19,0,1,0,0,1,0,0
1487,3301,648,367,349,118,1.7656675749318802,2456.17,0,0,0,1,0,1,0
3553,2561,214,395,636,1010,0.5417721518987342,4137.24,0,0,1,0,1,0,0
1055,3778,307,410,445,1291,0.748780487804878,1389.39,0,0,1,0,0,0,1
1812,436,126,373,207,1259,0.3378016085790885,2165.8,1,0,0,0,1,0,0
4803,1767,957,355,417,1192,2.695774647887324,9212.95,0,0,1,0,1,0,0
1373,3676,276,384,439,772,0.71875,1794.44,0,0,0,1,0,1,0
3911,1009,803,431,165,930,1.863109048723898,6570.22,0,1,0,0,0,0,1
2725,375,158,430,559,1729,0.3674418604651163,3178.64,0,0,1,0,1,0,0
2482,991,203,328,420,696,0.6189024390243902,3182.27,0,1,0,0,1,0,0
1541,112,689,270,371,522,2.551851851851852,2936.28,0,0,0,1,0,1,0
3079,4157,833,290,668,337,2.872413793103448,6257.38,0,0,0,1,0,1,0
1897,3125,895,338,266,1351,2.6479289940828403,3717.57,0,0,1,0,0,0,1
4490,1073,188,133,279,1383,1.413533834586466,6732.73,1,0,0,0,0,1,0
4109,4370,157,485,482,448,0.3237113402061856,4522.24,0,0,1,0,0,0,1
4950,4070,474,287,517,653,1.651567944250871,7416.72,1,0,0,0,0,0,1
1494,1508,985,102,82,1558,9.656862745098039,6368.87,0,0,1,0,1,0,0
4381,2043,578,456,119,1848,1.2675438596491229,6250.93,0,1,0,0,1,0,0
1369,2388,14,44,637,890,0.3181818181818182,1556.3,1,0,0,0,1,0,0
4832,646,535,320,303,1729,1.671875,7596.49,1,0,0,0,1,0,0
3814,1318,289,137,215,604,2.1094890510948905,6393.21,0,1,0,0,1,0,0
629,1520,508,29,28,1121,17.517241379310345,4166.8,0,0,1,0,0,0,1
3723,1554,845,270,498,653,3.1296296296296298,7784.86,0,0,0,1,1,0,0
3058,3477,445,176,537,1793,2.528409090909091,5515.95,0,0,0,1,1,0,0
3014,2872,825,328,519,1574,2.5152439024390243,5681.24,0,0,1,0,1,0,0
4989,4198,225,245,194,759,0.9183673469387755,6791.16,0,1,0,0,0,0,1
3691,2838,696,41,592,1280,16.975609756097562,23670.03,0,0,0,1,0,1,0
2247,3847,837,240,442,442,3.4875,4747.56,0,1,0,0,0,1,0
4673,1942,978,200,36,409,4.89,12534.45,0,0,1,0,1,0,0
3469,846,524,339,258,810,1.5457227138643068,5282.16,0,1,0,0,0,1,0
1039,2916,896,433,113,85,2.069284064665127,1747.09,0,1,0,0,0,0,1
625,971,146,154,294,1441,0.948051948051948,854.25,0,1,0,0,1,0,0
101,594,987,110,714,953,8.972727272727273,407.19,0,0,0,1,0,0,1
474,3544,621,88,14,1573,7.056818181818182,1552.54,0,1,0,0,0,0,1
2440,4823,604,466,667,1526,1.296137339055794,3633.68,1,0,0,0,1,0,0
4105,1175,289,169,597,697,1.7100591715976332,6494.71,0,1,0,0,0,0,1
3152,4094,141,264,140,98,0.5340909090909091,3737.06,0,1,0,0,1,0,0
4748,4337,402,288,371,1854,1.3958333333333333,6819.72,0,0,1,0,0,0,1
2465,145,490,468,427,1923,1.047008547008547,3283.42,0,1,0,0,0,1,0
1625,3156,522,197,97,542,2.649746192893401,2922.97,0,1,0,0,0,1,0
4576,2157,637,470,697,1527,1.3553191489361702,6792.46,0,0,0,1,0,1,0
1746,763,428,219,488,1475,1.9543378995433789,2805.99,1,0,0,0,0,0,1
113,4768,211,250,342,191,0.844,153.87,0,0,1,0,1,0,0
4699,2129,661,65,492,1874,10.169230769230769,20905.47,1,0,0,0,0,1,0
2378,2796,667,146,500,1815,4.568493150684931,5916.69,0,1,0,0,1,0,0
3255,739,471,115,432,968,4.095652173913043,7580.62,0,0,0,1,0,1,0
229,2763,787,78,189,1225,10.08974358974359,954.26,1,0,0,0,0,1,0
3914,2845,211,199,82,1346,1.0603015075376885,5488.16,1,0,0,0,0,0,1
3316,4502,923,201,180,1725,4.592039800995025,8363.54,1,0,0,0,0,1,0
3038,2695,161,287,415,258,0.5609756097560976,3671.15,1,0,0,0,1,0,0
4028,3527,906,41,105,155,22.097560975609756,31785.27,1,0,0,0,1,0,0
2140,494,231,184,381,944,1.2554347826086956,3135.95,0,0,0,1,0,1,0
127,3697,88,267,329,1511,0.3295880149812734,147.3,0,1,0,0,1,0,0
2213,4944,209,132,249,1855,1.5833333333333333,3498.72,0,0,0,1,1,0,0
1352,2432,771,94,72,228,8.202127659574469,5119.24,0,0,0,1,1,0,0
4456,429,108,485,673,517,0.22268041237113403,5124.27,0,0,0,1,1,0,0
2146,2197,987,445,133,641,2.2179775280898877,3682.71,0,0,0,1,1,0,0
4655,872,921,225,240,1535,4.093333333333334,11158.65,0,1,0,0,0,1,0
4123,1745,222,225,78,1942,0.9866666666666667,5583.87,0,1,0,0,1,0,0
4496,1832,152,23,570,74,6.608695652173913,14452.63,0,0,0,1,1,0,0
3474,4573,711,46,461,365,15.456521739130435,21318.94,1,0,0,0,0,1,0
3566,1887,398,36,125,24,11.055555555555555,15777.97,0,1,0,0,0,0,1
3181,1723,822,161,11,1851,5.105590062111801,8245.45,0,1,0,0,1,0,0
3878,1099,383,73,468,463,5.2465753424657535,10413.71,0,0,0,1,0,0,1
729,1948,61,79,407,481,0.7721518987341772,902.5,1,0,0,0,0,0,1
369,1661,976,163,27,1970,5.987730061349693,1102.59,1,0,0,0,0,1,0
2739,873,633,447,207,1815,1.4161073825503356,4195.19,0,0,0,1,0,0,1
2093,1903,144,262,222,1742,0.549618320610687,2522.32,0,0,0,1,0,0,1
2991,1198,420,280,312,1682,1.5,4538.74,0,1,0,0,0,0,1
3532,2150,994,38,382,1113,26.157894736842106,33093.7,0,1,0,0,0,1,0
1380,1698,479,493,315,1558,0.9716024340770791,1795.36,0,0,1,0,1,0,0
2460,847,121,83,208,1324,1.4578313253012047,3787.39,0,0,1,0,0,1,0
675,4073,534,293,621,44,1.8225255972696246,1099.05,0,0,0,1,0,1,0
1407,2422,794,68,296,1061,11.676470588235293,6731.15,0,0,1,0,0,1,0
3292,1653,754,252,402,1543,2.992063492063492,6699.14,1,0,0,0,1,0,0
3278,1715,53,338,435,1498,0.15680473372781065,3664.07,1,0,0,0,0,0,1
2834,3854,406,158,573,1304,2.569620253164557,5066.53,1,0,0,0,1,0,0
2312,4524,995,19,122,461,52.36842105263158,41658.26,0,1,0,0,0,0,1
2452,2402,594,141,106,1193,4.212765957446808,5889.54,0,0,1,0,1,0,0
3668,4321,270,71,36,70,3.8028169014084505,8413.99,0,0,1,0,0,1,0
1755,4962,752,397,550,213,1.894206549118388,2824.27,0,0,0,1,0,1,0
1679,3755,554,392,72,1607,1.413265306122449,2443.8,0,1,0,0,0,0,1
2303,3495,397,271,568,914,1.4649446494464944,3588.99,0,1,0,0,0,1,0
1490,316,485,227,167,1743,2.1365638766519823,2540.5,0,1,0,0,0,1,0
1842,3416,419,241,221,72,1.7385892116182573,2964.0,1,0,0,0,1,0,0
2025,1459,589,345,76,828,1.7072463768115942,3231.06,0,1,0,0,0,0,1
719,3874,25,81,211,180,0.30864197530864196,831.54,0,0,1,0,1,0,0
1374,4377,671,485,228,208,1.3835051546391752,1957.79,0,0,0,1,1,0,0
1056,4529,813,25,453,177,32.52,11701.9,0,0,1,0,0,1,0
2039,4706,111,47,487,707,2.3617021276595747,3506.81,0,1,0,0,1,0,0
4053,4578,195,186,668,1325,1.0483870967741935,5583.55,0,0,0,1,0,0,1
2481,1996,960,454,474,1929,2.1145374449339207,4420.64,1,0,0,0,0,1,0
1068,4527,940,330,661,884,2.8484848484848486,2057.74,0,0,0,1,0,0,1
1416,999,34,391,490,751,0.08695652173913043,1566.62,0,1,0,0,0,0,1
1143,741,81,92,376,1178,0.8804347826086957,1486.41,0,1,0,0,0,0,1
381,4829,602,443,231,154,1.3589164785553047,582.25,0,0,0,1,0,0,1
2944,3727,582,26,702,30,22.384615384615383,23666.96,0,1,0,0,1,0,0
1158,295,27,378,225,1051,0.07142857142857142,1224.83,0,1,0,0,0,1,0
4393,1993,763,165,475,976,4.624242424242424,11218.76,0,1,0,0,1,0,0
2632,3375,579,181,577,1264,3.1988950276243093,5422.32,0,1,0,0,0,1,0
3928,4150,341,405,620,1779,0.8419753086419753,5086.15,0,0,0,1,1,0,0
1108,4653,898,79,80,644,11.367088607594937,4914.81,0,0,0,1,0,1,0
1329,2404,578,80,645,691,7.225,4279.76,0,0,1,0,0,0,1
1135,3700,106,264,686,1875,0.4015151515151515,1369.93,1,0,0,0,0,0,1
4685,3443,736,465,576,98,1.5827956989247312,7545.81,1,0,0,0,1,0,0
375,2156,840,140,210,326,6.0,1067.73,0,0,1,0,1,0,0
2840,2908,21,58,297,237,0.3620689655172414,3327.77,0,0,0,1,0,0,1
2389,1324,20,30,610,1871,0.6666666666666666,2876.6,0,0,1,0,1,0,0
1339,986,918,401,172,138,2.28927680798005,2324.29,0,1,0,0,1,0,0
225,492,172,329,89,630,0.5227963525835866,271.97,0,1,0,0,0,1,0
4165,1775,292,229,226,618,1.275109170305677,6181.99,1,0,0,0,0,1,0
4412,3290,738,196,143,1572,3.7653061224489797,9437.2,0,0,0,1,0,1,0
3968,2546,881,423,708,1070,2.08274231678487,6950.98,1,0,0,0,1,0,0
1308,4005,844,41,691,1640,20.585365853658537,9575.9,0,0,1,0,0,0,1
3349,3438,250,212,54,390,1.179245283018868,4878.14,1,0,0,0,0,0,1
1018,3691,866,285,196,1388,3.0385964912280703,2067.7,1,0,0,0,0,0,1
4023,3866,54,251,489,360,0.2151394422310757,4428.08,0,1,0,0,0,0,1
4503,2627,979,25,298,582,39.16,61558.88,1,0,0,0,0,1,0
2069,2281,602,418,430,207,1.4401913875598087,3032.95,0,0,1,0,0,1,0
2893,3864,264,325,537,1757,0.8123076923076923,3677.06,0,0,0,1,1,0,0
991,454,76,182,579,601,0.4175824175824176,1122.03,1,0,0,0,0,0,1
4570,2731,927,146,675,979,6.3493150684931505,13796.72,0,0,0,1,1,0,0
2133,1621,623,188,500,1998,3.3138297872340425,4295.08,0,0,1,0,0,0,1
1464,2772,983,368,624,515,2.671195652173913,2747.82,1,0,0,0,0,0,1
228,3278,612,70,206,1970,8.742857142857142,826.82,0,0,0,1,1,0,0
1114,2437,51,433,137,810,0.11778290993071594,1171.25,0,1,0,0,0,1,0
1899,728,797,113,408,1390,7.053097345132743,6468.85,0,1,0,0,1,0,0
4712,2779,825,326,279,1998,2.5306748466257667,8948.83,0,0,1,0,1,0,0
1618,4522,795,204,445,438,3.8970588235294117,3592.52,1,0,0,0,0,0,1
4281,1538,393,265,677,1255,1.4830188679245282,6629.95,0,0,1,0,0,1,0
1298,1521,598,473,271,1447,1.2642706131078225,1909.99,0,0,0,1,1,0,0
3973,1226,243,85,441,469,2.8588235294117648,7511.01,0,0,0,1,0,1,0
2574,2783,975,280,228,630,3.482142857142857,5458.2,0,0,1,0,0,1,0
3585,1880,723,190,127,1335,3.805263157894737,8379.06,0,0,0,1,0,1,0
4149,1631,494,141,270,395,3.50354609929078,9138.5,0,0,1,0,0,1,0
3819,2014,742,160,487,114,4.6375,9826.55,0,0,1,0,0,0,1
402,1332,783,164,548,1226,4.774390243902439,1032.93,0,1,0,0,0,0,1
4052,2056,48,368,155,463,0.13043478260869565,4490.79,0,0,0,1,0,0,1
4783,492,20,244,657,542,0.08196721311475409,5149.93,0,0,1,0,0,0,1
1086,925,633,257,19,1388,2.463035019455253,2028.37,0,1,0,0,0,0,1
1963,3063,418,174,425,247,2.4022988505747125,3625.21,0,0,1,0,1,0,0
4540,2495,117,214,58,1617,0.5467289719626168,5301.07,0,0,0,1,0,1,0
3172,4245,103,436,423,1270,0.23623853211009174,3611.41,0,1,0,0,0,0,1
3224,4995,832,174,548,1208,4.781609195402299,8343.1,0,0,0,1,0,1,0
1427,1892,93,497,660,1437,0.18712273641851107,1517.25,1,0,0,0,0,0,1
2508,3164,67,222,102,273,0.30180180180180183,2847.32,1,0,0,0,0,0,1
3773,1463,302,422,76,545,0.7156398104265402,4994.95,1,0,0,0,1,0,0
3391,2448,25,263,580,1638,0.09505703422053231,3820.23,1,0,0,0,0,1,0
4133,3651,486,166,66,1301,2.927710843373494,8370.3,0,1,0,0,0,0,1
803,3728,847,186,151,623,4.553763440860215,1928.78,0,0,0,1,0,0,1
674,3436,614,84,437,1523,7.309523809523809,2232.62,0,0,1,0,1,0,0
3332,1665,978,444,68,718,2.2027027027027026,5634.84,0,0,1,0,0,1,0
4883,3767,174,187,235,778,0.93048128342246,6653.39,0,0,1,0,0,1,0
2732,2313,446,293,715,1021,1.522184300341297,4287.26,0,0,0,1,0,0,1
3928,4196,736,339,675,490,2.1710914454277286,7059.66,0,1,0,0,1,0,0
3330,1119,665,142,98,215,4.683098591549296,8697.66,0,0,0,1,1,0,0
588,1384,795,134,9,1127,5.932835820895522,1650.77,1,0,0,0,0,0,1
1447,162,412,321,504,1831,1.2834890965732086,2029.35,0,0,1,0,0,1,0
3781,2630,949,329,490,590,2.884498480243161,7694.47,0,0,0,1,0,0,1
3273,3492,395,136,427,175,2.9044117647058822,6641.65,1,0,0,0,0,1,0
4689,3372,963,386,227,1878,2.494818652849741,8575.9,1,0,0,0,1,0,0
1767,2369,147,354,587,52,0.4152542372881356,2072.58,0,1,0,0,0,0,1
1737,4347,725,234,17,297,3.0982905982905984,3536.79,0,0,1,0,0,0,1
4214,743,823,26,563,175,31.653846153846153,46869.76,0,0,0,1,0,0,1
3653,4821,731,490,228,969,1.4918367346938775,5422.33,1,0,0,0,0,1,0
1100,316,540,482,706,343,1.120331950207469,1529.05,1,0,0,0,0,1,0
950,295,815,362,238,1735,2.251381215469613,1690.28,0,0,1,0,1,0,0
1488,3964,302,320,381,600,0.94375,1948.67,0,0,0,1,0,1,0
3812,3373,484,255,387,171,1.8980392156862744,6580.16,0,0,0,1,0,1,0
1467,2794,889,146,669,1061,6.089041095890411,4264.12,0,0,1,0,0,0,1
921,3312,471,484,254,1659,0.9731404958677686,1255.61,1,0,0,0,1,0,0
554,2855,822,226,308,1225,3.6371681415929205,1222.7,0,1,0,0,1,0,0
1724,1621,382,205,314,1088,1.8634146341463416,2809.11,0,0,1,0,0,0,1
2872,1180,171,210,301,1510,0.8142857142857143,3659.91,1,0,0,0,0,1,0
3826,821,651,375,118,455,1.736,6147.54,0,1,0,0,0,1,0
3247,1662,53,216,50,1724,0.24537037037037038,3517.74,0,0,1,0,0,0,1
4189,739,874,25,564,727,34.96,49985.25,0,0,1,0,0,0,1
4906,4360,92,409,181,1433,0.22493887530562348,5354.51,1,0,0,0,0,1,0
2290,4410,901,22,543,887,40.95454545454545,30803.59,0,0,1,0,1,0,0
1016,3887,645,87,327,1006,7.413793103448276,3578.89,0,0,0,1,0,0,1
4086,3836,548,223,503,755,2.4573991031390134,7595.12,0,0,0,1,0,1,0
2975,189,825,350,496,150,2.357142857142857,5164.49,0,1,0,0,0,0,1
1540,3021,871,338,246,1526,2.576923076923077,2989.77,0,0,1,0,1,0,0
4500,1351,528,456,602,1963,1.1578947368421053,6194.12,0,0,0,1,1,0,0
835,1202,420,128,543,636,3.28125,1695.99,1,0,0,0,0,1,0
3668,4803,350,434,102,967,0.8064516129032258,4616.13,1,0,0,0,1,0,0
3438,448,720,190,230,710,3.789473684210526,7881.18,1,0,0,0,0,0,1
3115,4013,633,333,388,1572,1.9009009009009008,5170.63,0,0,0,1,1,0,0
2989,4152,98,339,609,1838,0.2890855457227139,3267.14,0,0,1,0,0,1,0
1061,3041,649,364,579,278,1.782967032967033,1632.64,0,0,1,0,0,0,1
3089,345,239,382,704,35,0.6256544502617801,3864.22,0,0,1,0,1,0,0
3948,371,27,146,211,1649,0.18493150684931506,4438.53,0,1,0,0,1,0,0
1126,2130,810,188,649,175,4.308510638297872,2793.83,0,0,1,0,1,0,0
3965,4598,682,441,430,1057,1.5464852607709751,6082.16,0,0,0,1,0,1,0
2963,3287,873,217,339,1749,4.023041474654378,6981.47,0,0,0,1,0,1,0
2601,3606,899,442,184,715,2.0339366515837103,4495.34,0,0,1,0,1,0,0
2047,1565,290,411,56,1421,0.7055961070559611,2632.36,1,0,0,0,0,0,1
1277,1295,919,403,282,254,2.2803970223325063,2226.37,0,1,0,0,1,0,0
4860,3187,431,478,572,568,0.9016736401673641,6256.08,0,1,0,0,0,0,1
111,3108,687,380,128,323,1.8078947368421052,182.29,0,0,0,1,0,0,1
4499,3923,781,63,717,13,12.396825396825397,22863.01,0,1,0,0,0,1,0
3464,1714,885,88,639,50,10.056818181818182,14179.19,1,0,0,0,1,0,0
3122,1226,711,280,508,1784,2.539285714285714,5772.49,0,0,1,0,0,1,0
3471,4479,347,404,584,1257,0.8589108910891089,4538.8,0,1,0,0,1,0,0
2930,616,275,433,216,953,0.6351039260969977,3560.01,0,1,0,0,0,0,1
142,2765,812,127,90,994,6.393700787401575,424.54,0,0,0,1,0,1,0
1043,1401,364,377,314,1564,0.9655172413793104,1377.08,1,0,0,0,0,1,0
2490,711,369,115,233,616,3.208695652173913,5091.62,0,0,0,1,0,1,0
2645,849,800,114,575,866,7.017543859649122,8534.12,0,0,0,1,0,0,1
2511,1956,226,312,247,96,0.7243589743589743,3226.05,0,1,0,0,0,1,0
1104,499,330,127,442,343,2.5984251968503935,1982.91,0,0,0,1,1,0,0
120,1626,859,391,135,856,2.1969309462915603,210.66,0,0,0,1,1,0,0
506,2124,728,238,2,193,3.0588235294117645,972.45,0,1,0,0,0,0,1
1114,419,674,157,161,1944,4.292993630573249,2614.32,0,1,0,0,0,1,0
4531,435,702,363,140,511,1.9338842975206612,7519.25,0,1,0,0,1,0,0
1938,2198,221,159,304,1475,1.389937106918239,2934.75,0,0,1,0,0,1,0
3288,273,794,313,460,1149,2.536741214057508,6236.82,1,0,0,0,1,0,0
814,4119,962,265,714,1105,3.630188679245283,1706.54,0,0,1,0,0,0,1
4246,1741,212,91,125,7,2.32967032967033,7601.25,0,1,0,0,1,0,0
3954,600,726,25,347,330,29.04,39762.33,1,0,0,0,1,0,0
4519,3746,994,398,594,83,2.4974874371859297,8454.16,0,0,0,1,1,0,0
4984,2463,925,202,324,1560,4.579207920792079,12166.57,1,0,0,0,0,0,1
240,1956,905,220,407,905,4.113636363636363,576.06,0,1,0,0,1,0,0
4665,3252,162,83,469,626,1.9518072289156627,7842.0,0,0,1,0,0,0,1
4982,1996,691,286,164,527,2.4160839160839163,9271.65,1,0,0,0,0,0,1
1063,1818,438,70,240,1137,6.257142857142857,3359.47,0,0,0,1,1,0,0
472,1878,762,470,213,440,1.6212765957446809,765.32,0,0,1,0,0,1,0
3735,4892,296,448,149,890,0.6607142857142857,4740.85,0,0,1,0,1,0,0
2641,3157,766,33,584,1878,23.21212121212121,22911.72,0,0,1,0,0,0,1
3710,4927,330,32,103,762,10.3125,15420.32,0,0,1,0,0,1,0
1792,2813,445,352,183,1024,1.2642045454545454,2482.27,0,0,0,1,1,0,0
205,3928,601,404,505,1681,1.4876237623762376,312.3,0,1,0,0,1,0,0
1781,4847,505,440,696,19,1.1477272727272727,2627.52,0,0,0,1,1,0,0
4197,1194,613,267,525,9,2.295880149812734,7590.79,0,1,0,0,1,0,0
4116,145,158,207,380,1856,0.7632850241545893,5212.86,0,1,0,0,1,0,0
2736,1545,551,62,662,1209,8.887096774193548,10701.34,1,0,0,0,0,1,0
2237,2296,644,148,24,1062,4.351351351351352,5177.77,0,0,0,1,1,0,0
3516,3301,908,280,701,723,3.242857142857143,7263.01,0,1,0,0,0,0,1
4545,555,491,210,133,904,2.3380952380952382,7916.46,0,0,0,1,0,0,1
3630,1762,335,405,50,134,0.8271604938271605,4553.07,0,0,0,1,0,1,0
1386,3024,948,387,695,1969,2.449612403100775,2464.64,0,1,0,0,0,0,1
3279,1065,38,388,26,1126,0.0979381443298969,3619.2,0,1,0,0,0,1,0
3754,1628,268,173,650,1965,1.5491329479768785,5801.71,0,0,1,0,0,0,1
2459,3076,707,101,11,1173,7.0,7640.76,1,0,0,0,0,1,0
544,3171,938,32,102,93,29.3125,5546.1,0,1,0,0,1,0,0
135,4969,84,420,11,802,0.2,153.86,0,1,0,0,0,0,1
1575,2621,566,97,112,1164,5.835051546391752,4745.6,0,1,0,0,0,0,1
4057,1226,590,407,606,1319,1.4496314496314497,6330.34,1,0,0,0,0,1,0
1898,3504,507,191,167,864,2.654450261780105,3409.96,0,0,0,1,0,1,0
1945,4592,425,364,407,774,1.1675824175824177,2683.72,0,0,1,0,0,1,0
1508,2443,888,292,45,1617,3.041095890410959,2943.7,0,0,1,0,0,0,1
1808,206,731,30,717,544,24.366666666666667,15645.13,0,0,0,1,0,1,0
3038,2677,760,58,359,188,13.10344827586207,15947.85,1,0,0,0,1,0,0
1400,3254,349,199,554,136,1.7537688442211055,2169.29,1,0,0,0,0,1,0
1343,4483,317,214,285,166,1.4813084112149533,2117.44,0,1,0,0,1,0,0
4076,4153,713,465,400,1501,1.5333333333333334,6413.42,1,0,0,0,1,0,0
3197,4901,893,53,451,991,16.849056603773583,20168.63,1,0,0,0,0,1,0
4716,314,624,309,612,1171,2.0194174757281553,8015.33,0,1,0,0,1,0,0
109,4539,250,137,444,245,1.8248175182481752,177.81,0,0,0,1,1,0,0
2525,4389,262,491,388,1207,0.5336048879837068,3099.75,0,0,1,0,1,0,0
1760,4353,945,198,356,1033,4.7727272727272725,4648.13,0,0,0,1,0,1,0
2731,564,229,179,425,1460,1.2793296089385475,3854.78,0,0,0,1,0,1,0
4915,2472,406,288,6,1180,1.4097222222222223,7471.8,0,1,0,0,1,0,0
1172,691,995,210,554,830,4.738095238095238,2868.29,0,0,0,1,0,0,1
3325,2288,345,394,441,688,0.8756345177664975,4391.22,1,0,0,0,1,0,0
1416,983,738,134,356,114,5.507462686567164,3994.36,0,0,0,1,0,1,0
4245,4258,723,301,588,1779,2.4019933554817277,7313.07,0,0,0,1,1,0,0
3783,403,38,320,554,167,0.11875,3960.11,0,1,0,0,1,0,0
3373,4591,503,375,268,488,1.3413333333333333,4773.47,0,1,0,0,0,1,0
245,433,968,25,217,437,38.72,3206.73,0,0,1,0,0,1,0
3140,2933,733,354,64,223,2.0706214689265536,5407.16,1,0,0,0,0,0,1
1562,4606,511,283,442,191,1.8056537102473498,2647.97,1,0,0,0,1,0,0
4776,2431,163,491,691,1811,0.3319755600814664,5385.09,0,0,1,0,1,0,0
1684,4661,240,303,541,1825,0.7920792079207921,2112.49,0,0,1,0,1,0,0
582,179,111,460,275,576,0.24130434782608695,650.02,0,1,0,0,0,0,1
3279,3863,836,29,470,794,28.82758620689655,32098.51,0,0,1,0,0,0,1
1349,2931,186,28,216,173,6.642857142857143,4047.27,0,0,0,1,1,0,0
4868,2077,702,22,566,1281,31.90909090909091,54370.62,0,0,1,0,0,1,0
730,832,993,26,592,1739,38.19230769230769,9894.01,0,0,0,1,1,0,0
761,4076,936,215,194,450,4.3534883720930235,1905.97,0,0,1,0,1,0,0
3603,1917,241,39,712,1525,6.17948717948718,10386.04,0,1,0,0,1,0,0
2952,1484,21,479,13,1955,0.04384133611691023,3034.93,1,0,0,0,0,1,0
2566,2224,195,308,222,77,0.6331168831168831,3203.33,0,0,0,1,0,0,1
1087,1298,770,313,705,615,2.4600638977635785,1958.7,1,0,0,0,0,0,1
1646,2392,941,52,396,226,18.096153846153847,11325.87,0,0,0,1,1,0,0
749,4317,275,102,270,1250,2.696078431372549,1421.86,1,0,0,0,1,0,0
1068,284,911,379,298,739,2.4036939313984167,1841.84,0,1,0,0,1,0,0
2737,4227,144,75,611,1632,1.92,4436.26,0,0,0,1,0,1,0
1200,1097,766,128,616,941,5.984375,3656.77,0,0,1,0,1,0,0
540,2086,40,318,432,76,0.12578616352201258,589.04,0,1,0,0,0,1,0
869,2909,868,81,408,1057,10.716049382716049,3954.94,1,0,0,0,1,0,0
1443,4764,465,343,65,1618,1.3556851311953353,2111.54,0,0,0,1,1,0,0
4458,2457,268,171,657,69,1.567251461988304,6997.73,0,1,0,0,1,0,0
3829,1779,113,470,38,1875,0.2404255319148936,4174.56,1,0,0,0,0,0,1
4006,3139,440,339,28,415,1.2979351032448379,5975.8,0,0,0,1,1,0,0
1677,4986,391,337,289,731,1.1602373887240356,2438.54,0,0,0,1,1,0,0
4108,2611,478,464,237,1472,1.0301724137931034,5426.06,0,1,0,0,1,0,0
3451,3627,522,278,126,362,1.8776978417266188,5493.88,1,0,0,0,1,0,0
4895,3126,950,227,384,870,4.185022026431718,11551.77,1,0,0,0,0,1,0
2449,2845,959,263,326,1394,3.6463878326996197,5454.88,0,0,0,1,0,1,0
3702,4273,955,449,85,1423,2.1269487750556793,6450.78,1,0,0,0,1,0,0
1341,2681,216,68,246,1838,3.176470588235294,2793.89,0,0,1,0,0,1,0
1225,4303,656,41,388,1144,16.0,7612.59,0,0,1,0,1,0,0
2701,2911,456,348,266,1072,1.3103448275862069,3953.08,0,0,0,1,1,0,0
1290,4190,792,129,205,68,6.1395348837209305,3876.74,1,0,0,0,0,1,0
4231,469,98,472,228,1363,0.2076271186440678,4498.32,0,0,0,1,0,1,0
4939,3843,204,319,240,1109,0.6394984326018809,5984.62,0,0,1,0,1,0,0
4548,2104,423,11,73,1918,38.45454545454545,59857.96,0,0,0,1,0,0,1
172,1803,131,127,671,936,1.031496062992126,242.02,0,0,0,1,1,0,0
2014,3424,471,46,388,377,10.23913043478261,8863.84,0,1,0,0,1,0,0
2572,540,125,476,378,1409,0.26260504201680673,2976.88,0,1,0,0,0,0,1
3146,3357,205,106,212,276,1.9339622641509433,5213.08,0,0,1,0,0,1,0
807,3006,45,368,648,768,0.12228260869565218,860.14,1,0,0,0,0,0,1
1904,326,76,379,676,1942,0.20052770448548812,2108.31,0,0,1,0,1,0,0
3813,2501,654,426,649,950,1.5352112676056338,5574.3,1,0,0,0,0,1,0
2664,4818,290,266,171,205,1.0902255639097744,3746.71,1,0,0,0,0,0,1
2575,1124,488,137,152,745,3.562043795620438,5366.4,0,1,0,0,0,0,1
3710,3591,20,368,677,1089,0.05434782608695652,3825.31,0,1,0,0,1,0,0
4355,4356,977,165,104,911,5.921212121212121,12847.94,0,0,1,0,0,0,1
2923,970,739,154,222,1853,4.798701298701299,7140.5,0,0,1,0,1,0,0
1835,3299,331,66,282,1103,5.015151515151516,4859.44,0,0,1,0,0,1,0
1685,1845,677,79,388,1550,8.569620253164556,6401.05,0,1,0,0,0,0,1
166,543,249,445,372,325,0.5595505617977528,209.15,0,1,0,0,0,1,0
3161,4658,69,53,129,378,1.3018867924528301,4425.48,0,0,0,1,0,1,0
2528,572,659,221,404,817,2.981900452488688,4790.88,0,0,1,0,1,0,0
4253,179,571,184,220,1926,3.1032608695652173,8842.23,0,0,0,1,0,0,1
441,339,688,150,173,681,4.586666666666667,1078.21,1,0,0,0,0,1,0
2874,4752,174,85,472,671,2.0470588235294116,5050.55,0,0,1,0,0,0,1
2917,689,840,167,453,628,5.029940119760479,7454.07,0,1,0,0,0,0,1
2761,1460,198,94,608,1370,2.106382978723404,4769.53,0,0,1,0,0,0,1
1332,1984,496,331,502,1018,1.498489425981873,1951.92,0,0,1,0,0,0,1
3974,2416,990,318,52,1728,3.1132075471698113,7995.06,0,1,0,0,0,1,0
2501,4530,101,27,94,1881,3.740740740740741,5775.85,0,1,0,0,0,0,1
1594,411,815,293,576,435,2.781569965870307,3102.04,1,0,0,0,1,0,0
4311,1176,897,397,21,1979,2.2594458438287153,7731.95,0,0,1,0,1,0,0
761,133,298,51,106,1719,5.8431372549019605,2142.33,0,0,1,0,0,0,1
3983,1941,518,391,200,885,1.3248081841432224,6079.62,0,0,1,0,0,0,1
3719,4581,84,382,352,1402,0.2198952879581152,4211.51,0,0,1,0,1,0,0
1968,348,566,143,281,1969,3.958041958041958,4350.41,1,0,0,0,0,0,1
2434,1234,437,111,282,1767,3.936936936936937,5317.01,0,0,1,0,0,1,0
3474,4989,394,146,612,1704,2.6986301369863015,6296.52,1,0,0,0,0,0,1
1116,475,62,413,539,1039,0.15012106537530268,1172.23,1,0,0,0,0,0,1
4506,823,184,231,245,1478,0.7965367965367965,6091.69,0,1,0,0,0,1,0
307,2013,682,238,575,1217,2.865546218487395,591.38,0,0,1,0,0,0,1
2765,4397,588,303,429,1257,1.9405940594059405,4505.19,0,1,0,0,0,1,0
2593,2592,483,461,38,1287,1.0477223427331888,3549.98,1,0,0,0,0,1,0
732,2042,920,495,419,446,1.8585858585858586,1186.84,0,0,0,1,1,0,0
2202,4104,370,315,302,54,1.1746031746031746,3048.96,0,0,0,1,1,0,0
3059,2444,279,325,639,692,0.8584615384615385,3882.13,0,0,1,0,0,0,1
3183,1431,416,406,71,1971,1.0246305418719213,4206.62,0,0,0,1,1,0,0
4852,4688,133,128,646,4,1.0390625,6745.81,0,1,0,0,0,0,1
2031,437,703,108,525,257,6.5092592592592595,6235.08,0,0,0,1,0,0,1
3819,1965,385,359,174,1385,1.0724233983286908,5503.21,0,0,0,1,1,0,0
2662,3237,401,435,90,834,0.9218390804597701,3555.77,1,0,0,0,1,0,0
1779,891,191,333,368,1264,0.5735735735735735,2190.1,0,1,0,0,0,0,1
336,3711,45,418,207,482,0.1076555023923445,379.05,0,0,1,0,0,0,1
4543,3800,221,168,62,1699,1.3154761904761905,6653.7,0,1,0,0,0,0,1
4825,1616,905,248,319,461,3.649193548387097,10614.57,0,1,0,0,0,1,0
1640,4053,957,405,551,849,2.362962962962963,2904.36,0,0,1,0,0,0,1
4043,4008,143,329,60,1162,0.43465045592705165,4894.86,0,1,0,0,0,0,1
463,2773,874,344,105,1475,2.5406976744186047,847.9,1,0,0,0,0,0,1
2468,2222,933,198,239,1348,4.712121212121212,6307.31,0,0,1,0,1,0,0
385,3885,699,318,462,473,2.19811320754717,667.47,1,0,0,0,1,0,0
248,158,687,258,127,1765,2.6627906976744184,469.7,0,1,0,0,0,1,0
4137,2533,935,35,83,1638,26.714285714285715,40376.26,0,0,0,1,0,0,1
4651,2162,500,198,220,1501,2.525252525252525,8512.69,0,0,1,0,0,0,1
1866,1354,858,403,408,193,2.129032258064516,3128.19,0,0,1,0,0,0,1
4995,3788,850,149,617,307,5.704697986577181,14315.9,0,0,0,1,0,0,1
1112,3848,997,415,586,1566,2.402409638554217,2092.83,0,0,0,1,0,0,1
2931,4230,447,497,647,1831,0.8993963782696177,3979.84,0,0,1,0,0,0,1
2607,4357,848,190,430,759,4.463157894736842,6285.66,0,0,0,1,1,0,0
1623,3129,55,30,574,906,1.8333333333333333,2757.91,1,0,0,0,0,1,0
2885,2946,677,172,513,221,3.936046511627907,6507.27,0,1,0,0,1,0,0
2656,570,410,80,79,172,5.125,7402.27,1,0,0,0,1,0,0
3825,4135,497,91,65,1184,5.461538461538462,10285.87,0,1,0,0,1,0,0
4676,2999,441,164,183,172,2.6890243902439024,9292.68,0,1,0,0,0,1,0
1701,1546,437,325,66,1087,1.3446153846153845,2405.28,0,0,0,1,0,0,1
2508,4543,757,364,208,1597,2.07967032967033,4363.23,0,0,0,1,0,1,0
440,4889,837,56,54,1089,14.946428571428571,2591.59,1,0,0,0,1,0,0
2917,1012,581,203,221,1193,2.8620689655172415,5790.03,0,0,0,1,1,0,0
2596,4342,526,233,236,81,2.257510729613734,4692.73,1,0,0,0,1,0,0
1825,1811,974,408,612,759,2.3872549019607843,3279.8,0,0,1,0,1,0,0
1789,774,471,246,438,1292,1.9146341463414633,2831.83,1,0,0,0,0,0,1
3367,1539,975,289,103,1404,3.3737024221453287,7017.15,0,1,0,0,1,0,0
4506,2834,912,477,436,1794,1.9119496855345912,7546.01,0,0,1,0,1,0,0
361,3730,190,19,694,73,10.0,1537.32,1,0,0,0,0,0,1
1542,785,154,385,421,332,0.4,1760.75,1,0,0,0,1,0,0
505,1226,836,481,108,1212,1.7380457380457381,787.75,0,0,1,0,0,0,1
2290,4316,274,161,524,1049,1.7018633540372672,3627.54,0,0,1,0,0,1,0
4537,2566,744,353,443,228,2.1076487252124645,7945.31,0,1,0,0,0,0,1
343,2497,415,113,506,1142,3.672566371681416,782.39,0,1,0,0,1,0,0
4685,4237,822,133,404,1469,6.180451127819549,13487.27,0,1,0,0,0,0,1
4207,3538,978,194,343,1132,5.041237113402062,11547.88,0,0,0,1,1,0,0
660,4224,964,299,598,242,3.2240802675585285,1418.82,0,1,0,0,1,0,0
4237,1065,857,50,327,1635,17.14,26044.3,0,0,0,1,0,1,0
2825,1019,493,433,214,1558,1.138568129330254,3981.86,1,0,0,0,1,0,0
693,2972,491,20,556,1505,24.55,6137.31,1,0,0,0,1,0,0
1926,1608,246,227,322,503,1.0837004405286343,2693.48,1,0,0,0,1,0,0
3329,1312,534,10,78,1522,53.4,60148.52,0,0,0,1,0,0,1
3387,971,348,423,55,1080,0.8226950354609929,4435.5,1,0,0,0,1,0,0
4173,4490,277,180,71,1173,1.538888888888889,6278.74,1,0,0,0,1,0,0
233,3354,941,347,68,1335,2.711815561959654,426.6,0,0,0,1,1,0,0
3238,963,275,291,180,552,0.9450171821305842,4242.59,0,1,0,0,0,1,0
4019,4053,537,62,380,1971,8.661290322580646,15532.47,0,1,0,0,0,1,0
172,3208,101,134,686,1686,0.753731343283582,215.98,0,1,0,0,0,0,1
4594,3155,257,184,681,924,1.3967391304347827,7059.87,0,1,0,0,0,1,0
4325,4094,28,274,450,121,0.10218978102189781,4637.45,0,0,1,0,0,1,0
3078,2782,881,274,261,1796,3.2153284671532845,6297.67,1,0,0,0,0,0,1
4461,4790,399,394,447,26,1.0126903553299493,6321.43,0,1,0,0,0,1,0
2085,713,397,208,637,1136,1.9086538461538463,3349.13,0,1,0,0,1,0,0
892,1972,935,265,131,511,3.5283018867924527,1870.99,0,1,0,0,1,0,0
4359,3254,624,181,234,881,3.447513812154696,9741.1,0,1,0,0,1,0,0
194,4660,104,68,154,1980,1.5294117647058822,298.31,0,1,0,0,0,1,0
1233,3473,439,449,330,23,0.977728285077951,1625.04,0,0,1,0,0,0,1
337,3291,804,115,637,1705,6.991304347826087,1061.13,0,0,1,0,0,1,0
3046,667,950,444,612,1850,2.1396396396396398,5432.14,0,0,0,1,0,0,1
2630,4233,734,134,53,1288,5.477611940298507,7368.84,0,0,0,1,1,0,0
2060,344,46,25,468,116,1.84,3233.9,0,1,0,0,0,0,1
1148,120,402,47,640,480,8.553191489361701,4456.79,0,0,0,1,1,0,0
2629,493,582,404,413,307,1.4405940594059405,3932.34,0,0,1,0,0,1,0
3064,3914,300,252,14,231,1.1904761904761905,4569.69,0,1,0,0,0,1,0
1063,2155,883,418,496,701,2.11244019138756,1785.59,0,0,0,1,0,0,1
636,3615,312,486,517,492,0.6419753086419753,798.6,0,0,0,1,0,1,0
4323,2475,765,476,368,769,1.6071428571428572,6518.21,0,0,1,0,0,0,1
3779,2010,926,219,539,1144,4.228310502283105,8949.58,1,0,0,0,0,1,0
4287,389,410,324,637,286,1.2654320987654322,6018.88,0,1,0,0,0,1,0
3824,2658,832,294,452,988,2.8299319727891157,7287.73,0,0,0,1,0,1,0
642,460,353,473,541,1809,0.7463002114164905,806.94,0,0,1,0,0,0,1
945,1722,872,177,515,1431,4.926553672316384,2407.97,0,1,0,0,0,0,1
3703,4414,527,273,481,1382,1.9304029304029304,6414.59,0,0,1,0,0,0,1
3136,4194,386,107,414,890,3.607476635514019,6555.02,0,1,0,0,0,1,0
2594,2553,940,143,228,1176,6.573426573426573,8092.49,1,0,0,0,1,0,0
4585,2115,827,438,137,598,1.8881278538812785,7634.05,1,0,0,0,0,0,1
2819,2140,174,374,240,1349,0.46524064171123,3424.72,0,1,0,0,1,0,0
1984,2144,22,190,672,857,0.11578947368421053,2207.82,0,1,0,0,0,0,1
4238,2900,34,231,472,1972,0.1471861471861472,4761.87,0,0,1,0,0,0,1
4449,3070,745,373,518,839,1.997319034852547,7794.65,0,1,0,0,1,0,0
3301,931,132,491,461,1270,0.26883910386965376,3836.8,0,0,0,1,1,0,0
2810,1893,138,158,305,1850,0.8734177215189873,3838.4,0,1,0,0,0,1,0
2053,3792,826,253,655,918,3.2648221343873516,4280.13,0,1,0,0,1,0,0
4837,1891,643,322,181,1339,1.9968944099378882,8243.38,1,0,0,0,0,0,1
3950,2941,556,85,30,940,6.541176470588235,12260.76,1,0,0,0,1,0,0
789,4790,604,378,40,805,1.597883597883598,1199.48,0,0,1,0,1,0,0
2050,2254,318,271,187,162,1.1734317343173433,2858.52,0,1,0,0,1,0,0
556,680,445,240,319,612,1.8541666666666667,896.47,0,0,0,1,1,0,0
2230,2953,191,200,227,1393,0.955,2966.62,0,0,0,1,0,1,0
4076,2336,597,389,324,1209,1.5347043701799485,6270.01,0,1,0,0,0,0,1
4344,4276,625,143,43,953,4.370629370629371,10288.42,0,0,1,0,0,0,1
1279,2255,753,318,656,1960,2.3679245283018866,2300.59,0,0,0,1,0,0,1
4385,1444,824,261,278,276,3.157088122605364,9320.45,0,0,1,0,0,1,0
3665,445,52,397,319,997,0.1309823677581864,3963.65,0,1,0,0,1,0,0
982,1986,413,254,174,529,1.625984251968504,1493.54,0,0,1,0,0,0,1
499,654,938,274,685,1460,3.423357664233577,1046.56,0,1,0,0,0,0,1
708,3870,614,334,41,1284,1.8383233532934131,1194.78,1,0,0,0,1,0,0
1738,4497,665,339,409,959,1.9616519174041298,3020.79,0,1,0,0,0,0,1
2248,299,775,376,562,1269,2.0611702127659575,3960.63,0,0,1,0,1,0,0
1482,3040,599,465,323,1842,1.2881720430107526,2113.76,0,0,0,1,0,1,0
1503,3590,272,352,180,1362,0.7727272727272727,1923.23,0,1,0,0,0,0,1
919,406,79,13,159,50,6.076923076923077,2847.35,0,1,0,0,0,0,1
3392,3175,670,451,37,1296,1.4855875831485588,5062.54,0,1,0,0,1,0,0
919,1756,301,46,406,1259,6.543478260869565,2760.58,1,0,0,0,0,1,0
519,2792,223,80,539,584,2.7875,979.9,1,0,0,0,0,0,1
4319,1864,881,271,376,1853,3.2509225092250924,9353.61,1,0,0,0,1,0,0
4617,375,831,246,256,1580,3.3780487804878048,9682.53,0,0,0,1,0,1,0
3402,3461,156,316,278,914,0.4936708860759494,4270.6,0,0,0,1,1,0,0
1608,1501,34,499,249,1330,0.06813627254509018,1657.95,0,1,0,0,0,0,1
867,4833,332,472,693,477,0.7033898305084746,1130.38,0,0,0,1,0,0,1
2144,1875,118,364,17,488,0.3241758241758242,2374.47,0,0,1,0,0,0,1
2239,3481,702,187,368,80,3.7540106951871657,4854.59,0,0,1,0,1,0,0
3129,4150,260,105,125,1310,2.4761904761904763,5789.39,1,0,0,0,0,1,0
1649,3560,491,407,312,561,1.2063882063882063,2343.38,0,0,1,0,0,0,1
1864,1980,724,236,212,1122,3.0677966101694913,3818.15,0,0,1,0,0,0,1
2745,3935,825,20,472,1502,41.25,40288.18,0,1,0,0,1,0,0
3816,4378,691,275,415,1941,2.5127272727272727,6727.85,1,0,0,0,0,0,1
4705,1944,184,198,500,406,0.9292929292929293,6131.99,1,0,0,0,1,0,0
4581,3477,356,218,712,1967,1.6330275229357798,7262.24,1,0,0,0,0,0,1
2393,171,179,22,181,537,8.136363636363637,8972.3,0,0,1,0,0,1,0
4937,1776,11,386,389,1750,0.02849740932642487,5376.37,0,0,0,1,0,0,1
2808,1395,655,171,642,1592,3.8304093567251463,6315.7,0,1,0,0,1,0,0
1000,1143,648,69,633,255,9.391304347826088,4101.97,0,0,0,1,0,0,1
3184,2725,567,444,187,960,1.277027027027027,4495.46,1,0,0,0,1,0,0
2109,3142,715,14,674,1692,51.07142857142857,34469.16,1,0,0,0,1,0,0
341,914,371,211,624,487,1.7582938388625593,550.56,0,0,1,0,1,0,0
2485,2294,730,425,468,1697,1.7176470588235293,4071.73,0,1,0,0,0,1,0
4368,3600,305,21,457,1218,14.523809523809524,24414.26,0,1,0,0,0,1,0
771,409,579,445,134,516,1.301123595505618,1132.97,0,1,0,0,0,0,1
263,2161,599,406,698,464,1.4753694581280787,395.42,0,0,1,0,1,0,0
564,4327,211,350,175,780,0.6028571428571429,700.24,0,0,0,1,0,1,0
3142,1977,298,249,261,1937,1.1967871485943775,4647.72,0,1,0,0,1,0,0
4692,2902,71,447,317,1528,0.15883668903803133,5150.61,0,0,0,1,0,0,1
4895,2586,511,382,269,36,1.337696335078534,6864.53,0,0,1,0,1,0,0
2542,4935,789,387,470,16,2.0387596899224807,4424.44,0,0,1,0,0,1,0
4898,3845,135,234,224,919,0.5769230769230769,6100.65,0,0,0,1,0,1,0
2455,894,58,191,252,1992,0.3036649214659686,2874.3,0,1,0,0,1,0,0
4378,4114,609,306,64,1913,1.9901960784313726,7621.96,0,0,0,1,1,0,0
4824,4453,855,313,464,649,2.731629392971246,9028.43,0,1,0,0,1,0,0
2657,3507,782,316,124,1614,2.4746835443037973,4862.47,1,0,0,0,1,0,0
645,2556,188,440,582,823,0.42727272727272725,771.52,1,0,0,0,1,0,0
4819,1951,590,187,238,73,3.1550802139037435,9704.29,0,1,0,0,1,0,0
3935,1074,888,127,75,1344,6.9921259842519685,13220.49,0,0,0,1,0,0,1
693,1147,937,361,442,1967,2.595567867036011,1318.6,0,1,0,0,0,0,1
4939,4466,502,85,500,1269,5.905882352941177,14693.76,0,1,0,0,0,1,0
3904,4337,442,55,522,1882,8.036363636363637,14392.15,0,1,0,0,1,0,0
1559,3889,581,236,268,740,2.461864406779661,2780.37,1,0,0,0,0,0,1
3593,3121,311,365,487,1219,0.852054794520548,4847.82,0,0,1,0,1,0,0
2701,4469,973,303,600,758,3.211221122112211,5713.41,1,0,0,0,0,1,0
2544,4129,770,249,50,906,3.0923694779116464,5317.21,0,1,0,0,0,0,1
2772,564,999,357,655,1019,2.7983193277310923,5348.19,0,0,0,1,1,0,0
4300,387,178,150,59,1113,1.1866666666666668,6124.78,0,0,1,0,1,0,0
116,3295,986,213,454,1796,4.629107981220657,279.81,0,1,0,0,1,0,0
3291,975,972,159,72,798,6.113207547169812,10121.31,0,0,1,0,1,0,0
492,2092,278,139,190,1163,2.0,829.2,0,0,0,1,1,0,0
524,3025,373,358,562,1587,1.041899441340782,728.67,0,0,1,0,1,0,0
671,1220,633,342,717,1683,1.8508771929824561,1056.25,0,0,1,0,0,1,0
3731,546,109,492,566,1778,0.22154471544715448,4218.44,0,1,0,0,1,0,0
1220,2932,923,278,156,1421,3.320143884892086,2445.4,0,0,0,1,1,0,0
341,3668,224,322,563,953,0.6956521739130435,450.22,0,0,0,1,0,0,1
3997,2996,634,427,673,484,1.484777517564403,6276.3,1,0,0,0,1,0,0
4195,821,106,412,641,387,0.25728155339805825,4606.6,0,0,1,0,1,0,0
2379,2263,828,146,85,1392,5.671232876712328,6808.17,0,1,0,0,0,0,1
888,2682,639,125,69,1870,5.112,2385.43,0,0,1,0,0,0,1
814,1451,557,360,385,458,1.5472222222222223,1287.59,0,0,1,0,1,0,0
4954,4080,346,170,373,422,2.0352941176470587,8582.79,0,0,1,0,0,1,0
2949,4602,368,164,55,232,2.2439024390243905,5424.26,0,1,0,0,0,0,1
875,3484,299,182,85,539,1.6428571428571428,1352.08,0,0,1,0,0,0,1
4126,1825,405,139,592,1368,2.9136690647482015,7828.91,0,1,0,0,1,0,0
2347,793,910,88,622,720,10.340909090909092,10180.17,0,0,0,1,0,0,1
178,3513,825,476,317,1162,1.7331932773109244,291.22,0,0,1,0,1,0,0
4026,594,369,66,164,1398,5.590909090909091,11086.75,1,0,0,0,0,1,0
955,1047,356,360,615,1461,0.9888888888888889,1267.57,0,0,0,1,0,1,0
2248,122,133,66,625,155,2.015151515151515,3896.47,1,0,0,0,1,0,0
1131,1228,561,409,252,519,1.371638141809291,1716.72,0,0,1,0,0,1,0
3371,657,662,372,152,1139,1.7795698924731183,5275.85,0,0,0,1,1,0,0
3676,1716,547,344,336,1116,1.5901162790697674,5901.56,0,1,0,0,0,0,1
4282,3830,663,143,368,1370,4.636363636363637,10375.81,0,0,1,0,0,0,1
3556,1756,873,23,600,1618,37.95652173913044,44529.2,0,0,1,0,1,0,0
3606,4273,916,292,100,1549,3.136986301369863,7245.35,0,1,0,0,1,0,0
507,906,431,303,120,584,1.4224422442244224,787.48,1,0,0,0,0,0,1
2811,3412,345,156,385,1115,2.2115384615384617,5001.18,0,0,0,1,1,0,0
3188,4963,512,430,303,700,1.1906976744186046,4497.57,0,0,0,1,0,0,1
1768,553,66,136,716,1422,0.4852941176470588,2057.25,0,1,0,0,1,0,0
247,3075,671,269,149,105,2.4944237918215615,462.65,0,0,0,1,0,0,1
4427,2424,888,323,201,812,2.7492260061919507,8562.25,0,1,0,0,0,1,0
3997,1547,921,227,3,966,4.057268722466961,9737.36,1,0,0,0,0,1,0
2050,2661,726,402,400,596,1.8059701492537314,3402.64,1,0,0,0,0,0,1
465,2611,85,242,68,1014,0.3512396694214876,519.25,0,0,0,1,0,0,1
1774,2971,475,378,154,540,1.2566137566137565,2620.66,0,1,0,0,0,0,1
4631,462,294,177,494,1303,1.6610169491525424,7117.28,0,1,0,0,0,0,1
4594,3554,731,152,182,12,4.809210526315789,12301.5,0,1,0,0,0,0,1
2646,2898,395,498,525,1944,0.7931726907630522,3281.93,0,1,0,0,0,1,0
662,4720,959,494,189,1331,1.9412955465587045,1072.51,0,0,0,1,0,0,1
3662,3553,779,269,20,364,2.895910780669145,7184.93,0,0,1,0,1,0,0
2589,3355,268,227,283,662,1.1806167400881058,3533.71,0,0,0,1,0,1,0
872,1317,486,317,10,1342,1.5331230283911672,1316.87,0,1,0,0,0,0,1
2137,1585,705,155,700,538,4.548387096774194,5304.22,0,0,1,0,1,0,0
3523,2203,849,498,531,1238,1.7048192771084338,5562.81,0,0,1,0,0,1,0
2667,2636,20,446,655,314,0.04484304932735426,2827.37,0,0,0,1,1,0,0
1673,1955,981,452,615,1479,2.170353982300885,3005.11,0,1,0,0,0,0,1
3794,4917,681,108,303,1423,6.305555555555555,11525.34,0,1,0,0,1,0,0
3391,1307,269,191,241,1776,1.4083769633507854,5277.68,0,1,0,0,1,0,0
1346,1548,402,178,152,1246,2.258426966292135,2291.31,0,1,0,0,0,1,0
3819,1607,609,242,337,580,2.5165289256198347,6890.02,0,1,0,0,1,0,0
3939,1103,378,453,188,262,0.8344370860927153,5248.39,0,0,1,0,1,0,0
459,1025,193,102,464,496,1.892156862745098,739.92,0,0,0,1,0,1,0
2476,183,25,126,177,623,0.1984126984126984,2714.48,0,0,0,1,0,0,1
3109,3842,986,481,706,130,2.04989604989605,5473.34,1,0,0,0,1,0,0
3093,4027,765,13,177,1183,58.84615384615385,60803.64,0,0,0,1,0,0,1
1062,1642,515,94,415,792,5.4787234042553195,2901.48,0,0,1,0,0,1,0
3732,1085,95,176,578,1315,0.5397727272727273,4673.14,1,0,0,0,0,0,1
1927,4331,720,16,310,1839,45.0,28138.95,0,0,1,0,1,0,0
1713,1008,19,390,2,1567,0.04871794871794872,1836.0,0,0,0,1,1,0,0
1740,3008,486,416,317,89,1.1682692307692308,2373.26,0,0,1,0,0,0,1
2316,4785,173,241,509,968,0.7178423236514523,2864.54,0,0,1,0,0,0,1
4412,2837,33,260,572,1356,0.12692307692307692,4608.6,0,0,0,1,1,0,0
477,2686,585,94,368,630,6.223404255319149,1490.88,0,0,1,0,0,1,0
4314,1243,321,328,555,506,0.9786585365853658,5607.48,1,0,0,0,1,0,0
4385,1431,247,202,605,1154,1.2227722772277227,6303.07,1,0,0,0,1,0,0
469,3448,471,132,226,207,3.5681818181818183,992.89,0,1,0,0,0,0,1
2296,1653,471,434,480,1384,1.0852534562211982,3160.27,1,0,0,0,1,0,0
3847,2442,866,98,63,1083,8.83673469387755,14738.84,1,0,0,0,0,0,1
751,1906,247,104,280,1120,2.375,1343.97,0,0,0,1,0,1,0
869,2200,31,384,14,1855,0.08072916666666667,956.63,1,0,0,0,1,0,0
2521,905,189,309,28,1270,0.6116504854368932,3255.66,0,0,0,1,0,1,0
880,4247,827,367,142,1483,2.2534059945504086,1519.19,1,0,0,0,0,1,0
1816,2875,568,54,620,1169,10.518518518518519,7565.01,0,0,0,1,1,0,0
4083,171,800,262,590,1334,3.053435114503817,8522.5,0,0,0,1,0,0,1
1411,127,745,462,473,1661,1.6125541125541125,2298.51,0,0,1,0,0,0,1
3459,568,739,382,524,1941,1.9345549738219896,5703.38,1,0,0,0,1,0,0
622,4083,508,488,184,534,1.040983606557377,853.45,0,0,0,1,0,0,1
621,863,484,60,317,1405,8.066666666666666,2154.44,1,0,0,0,0,0,1
4978,1524,758,74,361,1377,10.243243243243244,21239.4,0,1,0,0,0,1,0
2420,2348,725,63,445,884,11.507936507936508,11101.61,0,0,1,0,0,0,1
1035,3932,348,449,296,951,0.7750556792873051,1402.5,0,0,1,0,0,0,1
2330,4160,540,231,404,285,2.3376623376623376,4037.3,0,0,0,1,1,0,0
4140,4170,701,475,263,719,1.4757894736842105,6199.06,1,0,0,0,0,1,0
4683,1775,171,81,377,1941,2.111111111111111,8120.46,0,0,1,0,0,0,1
3797,659,806,385,585,502,2.0935064935064935,6395.06,0,0,1,0,1,0,0
2937,4574,70,483,68,258,0.14492753623188406,3210.09,0,0,1,0,0,0,1
4183,3931,94,177,471,810,0.5310734463276836,5321.53,0,0,0,1,0,1,0
2561,2018,556,195,47,52,2.8512820512820514,4993.06,0,1,0,0,0,1,0
3343,178,499,152,58,550,3.2828947368421053,7239.45,0,0,0,1,0,1,0
3459,3747,14,28,24,1923,0.5,3994.99,0,1,0,0,0,1,0
785,1131,85,19,290,665,4.473684210526316,1860.58,0,0,1,0,0,1,0
2260,2172,262,481,444,1869,0.5446985446985447,2877.65,0,1,0,0,0,1,0
4088,4645,16,281,403,1240,0.05693950177935943,4211.35,0,0,0,1,1,0,0
4166,1584,690,180,24,1470,3.8333333333333335,9616.62,0,0,0,1,0,1,0
1667,2345,651,424,64,1247,1.5353773584905661,2543.44,1,0,0,0,0,0,1
138,1650,482,373,660,655,1.292225201072386,199.29,1,0,0,0,0,0,1
2644,4885,147,25,628,966,5.88,7789.78,0,0,0,1,0,0,1
4975,4782,367,89,610,1129,4.123595505617978,11939.25,1,0,0,0,0,0,1
1356,1929,821,293,239,522,2.802047781569966,2728.48,0,0,1,0,0,1,0
3090,3851,847,199,283,969,4.256281407035176,7216.31,0,1,0,0,0,1,0
2296,4822,612,157,442,1778,3.8980891719745223,5328.72,0,0,0,1,1,0,0
3568,2131,172,172,300,1001,1.0,4797.17,0,0,0,1,0,1,0
2808,4559,327,452,93,888,0.7234513274336283,3662.67,1,0,0,0,0,0,1
401,3956,467,274,577,1407,1.7043795620437956,614.65,0,0,0,1,1,0,0
746,2282,262,369,375,1138,0.7100271002710027,946.31,1,0,0,0,1,0,0
4858,4569,210,147,686,745,1.4285714285714286,7067.44,0,0,1,0,1,0,0
1859,2194,541,310,310,1093,1.7451612903225806,2927.57,0,0,0,1,1,0,0
4451,4003,750,475,167,1389,1.5789473684210527,7028.78,0,0,1,0,0,1,0
697,3132,684,374,7,1068,1.8288770053475936,1104.61,0,0,1,0,1,0,0
761,1648,174,408,43,1705,0.4264705882352941,917.15,0,0,0,1,0,1,0
4430,467,241,39,340,211,6.17948717948718,13269.53,1,0,0,0,1,0,0
1468,164,337,313,153,276,1.0766773162939298,1960.04,1,0,0,0,0,1,0
2681,3399,247,489,43,1131,0.5051124744376279,3206.64,0,0,1,0,0,1,0
3968,4949,129,177,201,1957,0.7288135593220338,5255.89,1,0,0,0,0,0,1
3637,2135,959,100,667,479,9.59,15495.61,1,0,0,0,0,1,0
4965,2963,872,100,665,1703,8.72,18615.78,0,0,1,0,1,0,0
4408,1976,904,220,548,205,4.109090909090909,9895.87,0,0,0,1,1,0,0
4658,4951,890,339,226,119,2.6253687315634218,8435.09,0,0,0,1,0,1,0
382,2328,628,309,633,486,2.0323624595469254,663.37,0,1,0,0,0,1,0
3778,696,259,183,521,109,1.4153005464480874,5735.05,0,0,0,1,0,1,0
1586,3706,345,143,339,454,2.4125874125874125,2811.83,1,0,0,0,0,1,0
4182,2774,293,382,335,1263,0.7670157068062827,5345.59,0,1,0,0,0,0,1
4283,3989,207,33,181,1032,6.2727272727272725,13344.02,0,1,0,0,0,0,1
560,3606,425,210,533,512,2.0238095238095237,937.18,0,1,0,0,0,0,1
2425,1934,741,228,272,1067,3.25,5151.34,0,0,0,1,0,0,1
3854,1495,404,16,194,1418,25.25,34023.65,0,1,0,0,0,0,1
2568,1686,947,15,538,1833,63.13333333333333,54917.39,0,1,0,0,0,1,0
1824,211,160,127,481,132,1.2598425196850394,2630.61,0,1,0,0,0,0,1
1476,552,807,170,98,1742,4.747058823529412,3773.13,0,0,0,1,0,0,1
2843,2903,274,94,430,1924,2.9148936170212765,5648.18,0,0,0,1,0,1,0
614,2731,229,375,512,1816,0.6106666666666667,759.22,0,0,0,1,0,1,0
802,2286,225,257,327,751,0.8754863813229572,1059.84,0,0,0,1,1,0,0
1753,4448,324,175,578,1813,1.8514285714285714,2799.12,0,0,1,0,1,0,0
2166,2104,677,437,416,394,1.5491990846681922,3485.42,0,0,0,1,1,0,0
122,1559,225,154,111,1582,1.4610389610389611,191.37,1,0,0,0,0,0,1
2560,2042,344,40,212,198,8.6,9648.14,0,1,0,0,0,1,0
1404,3593,368,430,683,1488,0.8558139534883721,1770.58,0,0,0,1,1,0,0
3400,1957,635,404,571,1145,1.5717821782178218,5087.49,1,0,0,0,1,0,0
461,161,170,229,30,1324,0.74235807860262,611.8,1,0,0,0,0,0,1
3827,1594,824,142,267,220,5.802816901408451,11465.56,1,0,0,0,1,0,0
1384,1280,619,73,666,868,8.479452054794521,4983.78,0,0,1,0,0,1,0
614,2888,520,85,350,1825,6.117647058823529,1868.74,0,0,1,0,0,1,0
548,1975,927,140,514,94,6.621428571428571,1738.52,0,0,1,0,1,0,0
1955,2308,166,321,681,1316,0.5171339563862928,2326.81,1,0,0,0,0,1,0
3662,4736,171,328,214,153,0.5213414634146342,4419.42,0,0,0,1,1,0,0
2620,4821,51,370,251,525,0.13783783783783785,2913.12,1,0,0,0,1,0,0
3181,205,189,47,543,1959,4.0212765957446805,7089.6,0,0,1,0,0,1,0
1528,1254,312,63,319,719,4.9523809523809526,3869.97,0,0,1,0,0,1,0
4067,3528,339,139,183,767,2.4388489208633093,7066.1,0,0,1,0,0,0,1
1022,4187,572,227,189,1446,2.5198237885462555,1956.49,0,0,0,1,0,0,1
3237,1808,773,11,127,1182,70.27272727272727,75580.99,1,0,0,0,1,0,0
2259,2923,438,255,296,1294,1.7176470588235293,3602.22,0,0,1,0,0,1,0
2647,4025,359,149,23,818,2.4093959731543624,4882.37,1,0,0,0,1,0,0
3079,2008,129,305,530,1604,0.42295081967213116,3812.61,1,0,0,0,0,0,1
2381,2149,84,267,79,257,0.3146067415730337,2650.6,0,0,1,0,1,0,0
2749,4564,683,114,546,701,5.991228070175438,7792.32,0,1,0,0,0,1,0
413,1374,670,390,470,515,1.7179487179487178,644.3,0,1,0,0,0,1,0
2713,1045,132,345,619,1261,0.3826086956521739,3297.79,0,1,0,0,0,0,1
3183,4004,662,487,305,1970,1.3593429158110883,4665.41,0,0,1,0,1,0,0
2356,2327,191,194,448,445,0.9845360824742269,3294.04,1,0,0,0,1,0,0
1137,3896,930,312,199,1956,2.980769230769231,2197.45,0,1,0,0,0,1,0
3589,392,899,253,191,1668,3.5533596837944663,7780.91,0,0,0,1,0,0,1
2734,4779,798,173,232,171,4.61271676300578,6600.43,0,1,0,0,0,1,0
4083,2322,266,141,574,270,1.8865248226950355,6657.8,0,0,0,1,0,1,0
1878,4073,963,212,554,601,4.5424528301886795,4553.6,0,1,0,0,0,0,1
3995,2591,846,417,24,1639,2.028776978417266,6779.58,0,1,0,0,0,1,0
1224,2575,766,219,675,637,3.497716894977169,2704.12,0,1,0,0,1,0,0
797,4960,607,356,461,67,1.7050561797752808,1317.72,0,0,0,1,1,0,0
2279,3829,592,110,183,775,5.381818181818182,6127.68,0,0,0,1,1,0,0
1504,527,278,455,433,8,0.610989010989011,1911.93,0,1,0,0,0,1,0
1143,3072,502,395,607,1580,1.270886075949367,1718.6,0,0,0,1,0,0,1
2029,206,189,280,83,1472,0.675,2470.33,1,0,0,0,0,0,1
1113,3719,800,468,93,135,1.7094017094017093,1782.43,0,1,0,0,0,0,1
326,4854,158,484,278,1784,0.32644628099173556,379.83,1,0,0,0,0,0,1
1928,3433,527,58,617,816,9.086206896551724,7379.13,0,0,1,0,0,0,1
2123,4092,157,377,85,830,0.41644562334217505,2393.61,0,0,1,0,0,1,0
2552,1325,853,248,573,25,3.439516129032258,5318.4,0,0,1,0,0,0,1
2185,4104,689,224,208,465,3.075892857142857,4446.91,1,0,0,0,1,0,0
4383,4350,18,300,670,374,0.06,4549.54,0,0,0,1,0,1,0
1180,3468,187,381,581,196,0.49081364829396323,1392.65,0,0,1,0,1,0,0
2420,995,805,359,444,704,2.2423398328690807,4334.5,0,1,0,0,0,0,1
3290,4005,404,440,370,1905,0.9181818181818182,4363.39,0,1,0,0,0,0,1
2730,1720,637,289,651,402,2.204152249134948,4564.87,0,0,0,1,1,0,0
2663,3963,617,476,476,122,1.296218487394958,3846.18,0,1,0,0,1,0,0
3392,2392,340,325,504,772,1.0461538461538462,4902.12,1,0,0,0,0,1,0
4721,1485,865,486,231,1937,1.7798353909465021,7430.83,0,0,1,0,0,0,1
3686,3999,65,86,360,559,0.7558139534883721,4641.72,1,0,0,0,0,0,1
4531,3692,216,313,563,1910,0.6900958466453674,5561.96,0,1,0,0,0,0,1
3047,2533,114,160,19,1233,0.7125,3798.76,1,0,0,0,1,0,0
4059,2906,556,405,690,1325,1.3728395061728396,6060.08,0,0,0,1,0,0,1
2913,3483,730,306,209,1625,2.3856209150326797,5479.88,1,0,0,0,0,1,0
2683,1401,802,166,131,954,4.831325301204819,6971.09,0,1,0,0,0,1,0
261,858,890,207,384,1539,4.299516908212561,622.15,0,1,0,0,1,0,0
693,846,364,444,92,908,0.8198198198198198,897.08,0,0,1,0,1,0,0
3359,692,668,393,543,1681,1.6997455470737914,5084.12,1,0,0,0,0,1,0
4255,2986,498,416,362,1910,1.1971153846153846,5784.59,0,0,0,1,1,0,0
3062,4211,808,296,124,1558,2.72972972972973,6013.53,0,0,1,0,1,0,0
3988,1168,602,414,648,1063,1.4541062801932367,6008.44,0,1,0,0,0,0,1
3490,3407,512,33,273,1831,15.515151515151516,19799.9,1,0,0,0,0,1,0
4601,802,59,465,355,619,0.12688172043010754,4912.75,0,0,0,1,0,0,1
763,4808,96,18,100,1636,5.333333333333333,2054.56,0,1,0,0,0,1,0
1232,204,712,415,616,1808,1.7156626506024097,2012.28,0,1,0,0,0,0,1
641,1597,312,141,301,741,2.2127659574468086,1112.84,0,0,1,0,0,1,0
3074,3933,10,86,609,947,0.11627906976744186,3432.33,0,1,0,0,0,1,0
967,495,390,235,203,1910,1.6595744680851063,1540.24,0,0,0,1,0,1,0
2166,3617,963,140,21,797,6.878571428571429,6657.68,0,0,0,1,1,0,0
531,2753,659,494,198,206,1.334008097165992,815.53,0,0,1,0,0,0,1
4935,3391,657,385,112,583,1.7064935064935065,7596.84,0,0,1,0,1,0,0
4378,2110,371,421,149,1705,0.8812351543942993,5687.98,0,0,0,1,1,0,0
1306,3981,390,99,381,697,3.9393939393939394,3080.06,0,0,1,0,0,1,0
2628,2088,675,126,183,412,5.357142857142857,6981.64,0,1,0,0,0,1,0
1269,4637,171,119,337,1357,1.4369747899159664,1888.9,0,0,0,1,1,0,0
930,1768,28,386,338,208,0.07253886010362694,1032.43,0,0,1,0,1,0,0
1751,4862,983,363,300,405,2.7079889807162534,3375.75,0,0,0,1,1,0,0
1236,1151,849,280,601,388,3.032142857142857,2431.62,0,1,0,0,0,1,0
2910,2941,252,401,222,1511,0.628428927680798,3681.37,0,0,1,0,0,1,0
575,4823,138,441,409,1406,0.3129251700680272,680.09,0,0,0,1,0,1,0
2910,3684,185,236,689,867,0.7838983050847458,3739.51,0,1,0,0,0,0,1
1426,447,418,481,118,1908,0.8690228690228691,1900.54,0,0,1,0,1,0,0
1119,1363,801,253,174,271,3.16600790513834,2397.38,0,0,0,1,1,0,0
1936,4765,952,317,219,437,3.003154574132492,4035.21,0,1,0,0,0,0,1
4356,2842,93,64,376,858,1.453125,6573.34,0,1,0,0,1,0,0
2548,2173,385,46,319,1454,8.369565217391305,9031.7,0,1,0,0,1,0,0
4393,3248,231,397,589,1671,0.5818639798488665,5521.38,1,0,0,0,1,0,0
1383,1451,334,64,88,1682,5.21875,3643.57,0,1,0,0,0,0,1
759,2921,460,21,78,345,21.904761904761905,6131.44,0,1,0,0,0,0,1
2110,3927,425,412,441,149,1.0315533980582525,2860.16,0,0,1,0,1,0,0
498,769,666,472,201,628,1.4110169491525424,759.75,1,0,0,0,0,1,0
1833,4913,454,194,576,1416,2.3402061855670104,3234.48,0,1,0,0,1,0,0
2225,2746,627,487,415,187,1.2874743326488707,3374.69,0,0,1,0,1,0,0
2271,366,334,246,4,20,1.3577235772357723,3239.7,0,0,1,0,0,1,0
174,1538,532,302,83,1362,1.7615894039735098,267.77,0,0,0,1,1,0,0
4797,2793,175,213,705,373,0.8215962441314554,6446.47,0,0,0,1,1,0,0
3571,1122,717,220,493,979,3.2590909090909093,7345.9,1,0,0,0,0,0,1
936,2137,752,235,6,1780,3.2,1919.97,0,0,1,0,1,0,0
599,664,668,16,705,67,41.75,8858.0,0,1,0,0,0,1,0
237,1159,880,229,347,1463,3.8427947598253276,540.32,0,1,0,0,0,0,1
2197,1524,247,320,534,1086,0.771875,2884.37,0,0,1,0,0,0,1
3796,4223,992,37,657,1510,26.81081081081081,34394.97,1,0,0,0,0,1,0
1985,319,922,486,451,786,1.897119341563786,3323.58,0,1,0,0,0,1,0
2857,505,22,302,145,1883,0.0728476821192053,3032.81,1,0,0,0,0,0,1
4020,1737,740,221,2,1999,3.3484162895927603,8429.04,0,0,1,0,1,0,0
2000,2418,266,198,288,622,1.3434343434343434,3032.8,1,0,0,0,1,0,0
2710,1859,523,84,225,1592,6.226190476190476,8178.98,0,0,0,1,0,0,1
4086,1774,219,251,437,85,0.8725099601593626,5664.31,1,0,0,0,1,0,0
1549,891,493,123,214,1430,4.008130081300813,3683.42,1,0,0,0,0,0,1
646,3682,374,176,166,1800,2.125,1134.9,0,1,0,0,0,1,0
4776,1409,234,115,373,1419,2.034782608695652,8144.22,1,0,0,0,1,0,0
2103,3933,203,160,653,1643,1.26875,3023.19,0,1,0,0,1,0,0
2196,4512,205,445,507,1548,0.4606741573033708,2512.71,0,1,0,0,0,0,1
803,1430,409,375,576,176,1.0906666666666667,1067.71,0,0,0,1,0,0,1
2503,4546,781,93,333,359,8.397849462365592,8850.13,0,1,0,0,1,0,0
1725,610,66,221,212,831,0.2986425339366516,2059.77,0,0,1,0,1,0,0
3431,2672,978,276,289,1563,3.5434782608695654,7307.08,0,1,0,0,1,0,0
4833,4029,634,331,610,291,1.9154078549848943,8143.32,0,0,1,0,0,1,0
3078,591,222,278,166,130,0.7985611510791367,4042.15,0,1,0,0,1,0,0
4836,1717,288,470,126,1763,0.6127659574468085,6052.28,0,0,1,0,1,0,0
2939,2156,765,434,157,479,1.762672811059908,4753.41,0,0,0,1,0,0,1
3484,1620,389,186,573,648,2.0913978494623655,5841.33,1,0,0,0,0,1,0
2759,1683,126,280,32,532,0.45,3409.08,0,1,0,0,0,0,1
1961,1675,907,321,274,264,2.825545171339564,3956.32,0,0,0,1,1,0,0
2956,4046,460,191,301,959,2.4083769633507854,5419.93,0,0,0,1,0,1,0
785,1861,608,168,21,1860,3.619047619047619,1778.74,0,1,0,0,1,0,0
4383,2091,419,198,524,1695,2.1161616161616164,7208.52,0,1,0,0,0,1,0
1719,3279,902,195,615,503,4.625641025641026,4145.65,0,0,1,0,0,1,0
4743,3426,376,480,276,1184,0.7833333333333333,6185.08,0,1,0,0,0,1,0
1531,1146,784,453,7,909,1.7306843267108167,2522.79,0,1,0,0,0,1,0
975,2992,821,318,455,1878,2.5817610062893084,1784.74,0,0,1,0,0,1,0
4813,2713,938,479,130,1562,1.9582463465553235,8059.25,0,0,1,0,0,1,0
2561,3992,122,255,299,1105,0.47843137254901963,2931.5,0,1,0,0,0,0,1
1465,4244,969,326,97,1437,2.9723926380368098,3044.8,0,1,0,0,0,0,1
1343,561,173,473,277,475,0.3657505285412262,1604.67,0,1,0,0,1,0,0
262,4531,13,393,285,888,0.03307888040712468,274.16,1,0,0,0,0,1,0
2074,1481,639,51,173,18,12.529411764705882,10840.01,1,0,0,0,0,1,0
3391,1245,32,294,332,1093,0.10884353741496598,3534.09,0,0,0,1,0,0,1
369,3615,930,477,205,908,1.949685534591195,611.98,0,0,0,1,1,0,0
731,4554,754,485,103,130,1.554639175257732,1078.24,0,1,0,0,1,0,0
1005,292,611,420,625,938,1.4547619047619047,1491.97,0,0,1,0,0,0,1
3571,3634,997,309,360,1671,3.226537216828479,7181.75,0,1,0,0,0,0,1
3353,855,776,486,131,815,1.5967078189300412,5116.11,0,1,0,0,0,1,0
2114,1784,101,398,39,1915,0.2537688442211055,2490.47,0,0,0,1,0,0,1
1741,2625,478,445,307,1754,1.0741573033707865,2400.37,0,1,0,0,0,1,0
304,927,979,378,520,1334,2.5899470899470898,557.75,0,1,0,0,1,0,0
681,989,164,371,46,1511,0.4420485175202156,820.73,0,0,0,1,0,1,0
940,4848,828,495,194,15,1.6727272727272726,1508.18,0,0,0,1,0,0,1
1819,2555,636,446,518,1520,1.4260089686098654,2852.67,0,0,1,0,0,1,0
2743,2433,216,445,570,1210,0.4853932584269663,3314.02,0,0,1,0,0,1,0
2397,210,90,303,169,1441,0.297029702970297,2807.06,0,0,1,0,0,0,1
974,4815,624,437,122,1007,1.4279176201372998,1444.41,1,0,0,0,0,1,0
789,892,492,190,249,707,2.5894736842105264,1425.91,1,0,0,0,1,0,0
4100,4783,974,380,207,703,2.5631578947368423,7564.43,0,1,0,0,0,1,0
3241,2743,601,395,115,746,1.521518987341772,4918.05,0,0,1,0,0,0,1
1522,3514,416,374,239,432,1.1122994652406417,2115.26,0,0,0,1,0,0,1
771,1409,112,191,566,1090,0.5863874345549738,969.68,0,0,1,0,0,0,1
1271,396,249,349,76,1105,0.7134670487106017,1605.68,0,1,0,0,0,1,0
3826,1729,274,470,169,1985,0.5829787234042553,4924.05,1,0,0,0,1,0,0
1043,668,42,227,48,36,0.18502202643171806,1209.08,1,0,0,0,0,0,1
1549,4805,44,172,70,747,0.2558139534883721,1755.17,0,1,0,0,0,0,1
3837,4211,258,55,508,17,4.6909090909090905,9752.52,0,0,1,0,1,0,0
2639,171,59,465,155,514,0.12688172043010754,2851.12,0,1,0,0,0,0,1
4059,4465,289,101,559,33,2.8613861386138613,7811.55,0,1,0,0,0,1,0
4360,4482,993,114,461,349,8.710526315789474,17305.59,1,0,0,0,0,0,1
2461,165,763,216,373,1404,3.5324074074074074,5089.59,1,0,0,0,0,0,1
3752,979,161,448,202,508,0.359375,4326.97,1,0,0,0,0,1,0
3770,167,668,337,654,646,1.9821958456973294,6102.85,0,1,0,0,1,0,0
1853,1316,560,148,317,939,3.7837837837837838,4243.75,0,0,1,0,1,0,0
2452,3127,710,38,451,1892,18.68421052631579,16511.03,0,1,0,0,0,0,1
2038,3339,546,260,638,856,2.1,3615.81,0,0,1,0,0,1,0
470,3580,765,462,665,1291,1.655844155844156,729.82,0,0,1,0,0,1,0
4579,607,744,200,577,517,3.72,10577.8,0,1,0,0,1,0,0
2031,3814,239,56,96,798,4.267857142857143,5088.32,0,0,1,0,1,0,0
524,2984,674,376,693,1930,1.7925531914893618,867.93,0,0,1,0,1,0,0
4824,1225,932,260,496,485,3.5846153846153848,10635.54,0,1,0,0,0,1,0
994,985,297,272,362,1371,1.0919117647058822,1339.39,1,0,0,0,0,1,0
697,2941,404,382,457,1627,1.057591623036649,1003.81,0,1,0,0,0,1,0
3162,3977,462,73,178,664,6.328767123287672,9877.5,1,0,0,0,0,0,1
2436,4970,629,347,129,443,1.8126801152737753,3869.03,0,0,1,0,0,0,1
4788,2625,42,329,490,378,0.1276595744680851,5204.28,1,0,0,0,1,0,0
1787,1025,924,357,39,1654,2.588235294117647,3196.03,1,0,0,0,1,0,0
672,4315,372,277,458,1014,1.3429602888086642,1004.87,0,0,0,1,0,0,1
2190,2038,120,21,350,963,5.714285714285714,6018.75,0,0,0,1,0,0,1
3769,3914,130,301,645,573,0.4318936877076412,4534.72,1,0,0,0,0,0,1
4372,3462,25,38,452,358,0.6578947368421053,5586.45,0,0,0,1,0,0,1
4724,4683,748,148,380,538,5.054054054054054,12272.48,1,0,0,0,1,0,0
1733,3332,532,446,109,621,1.1928251121076232,2576.38,0,0,0,1,0,0,1
1617,3844,724,463,584,1904,1.5637149028077755,2560.61,0,0,1,0,0,0,1
4393,3565,723,94,208,1831,7.691489361702128,15251.35,0,1,0,0,0,1,0
2757,540,107,83,577,1234,1.2891566265060241,4174.45,0,0,0,1,1,0,0
3748,3711,125,260,241,1795,0.4807692307692308,4655.61,0,1,0,0,1,0,0
3688,561,974,233,591,806,4.180257510729613,8888.48,0,0,0,1,0,1,0
1637,711,480,56,88,1066,8.571428571428571,5935.86,1,0,0,0,1,0,0
3237,3571,448,426,399,816,1.051643192488263,4469.92,0,0,0,1,1,0,0
197,3263,290,90,690,13,3.2222222222222223,420.92,0,0,0,1,0,0,1
3315,105,358,460,262,1625,0.7782608695652173,4337.95,0,1,0,0,0,0,1
4630,4876,241,130,578,1624,1.853846153846154,7598.03,0,1,0,0,1,0,0
4832,4070,982,52,325,824,18.884615384615383,35283.64,0,0,0,1,0,1,0
3850,2958,120,155,371,489,0.7741935483870968,4752.04,0,1,0,0,0,1,0
3257,2706,361,83,105,1211,4.349397590361446,7515.84,0,0,0,1,1,0,0
4783,198,939,62,98,1087,15.14516129032258,28882.09,1,0,0,0,1,0,0
443,625,21,242,487,1360,0.08677685950413223,456.28,1,0,0,0,1,0,0
4766,1280,993,304,96,555,3.2664473684210527,9750.17,0,0,1,0,1,0,0
710,1789,497,372,472,745,1.336021505376344,1086.47,0,1,0,0,0,0,1
1827,1238,542,209,46,1770,2.5933014354066986,3472.9,0,0,0,1,0,0,1
2390,4591,648,171,31,75,3.789473684210526,5438.07,1,0,0,0,1,0,0
1954,4965,294,46,408,765,6.391304347826087,6075.11,0,0,1,0,0,1,0
2708,3171,956,434,375,825,2.2027649769585254,4640.39,0,0,1,0,0,0,1
2179,3027,642,106,382,1173,6.056603773584905,6463.85,0,0,0,1,1,0,0
2424,2892,645,58,716,1718,11.120689655172415,11173.13,0,0,1,0,0,1,0
4727,4878,928,393,660,207,2.3613231552162848,8322.48,0,0,1,0,0,0,1
1277,114,554,19,644,693,29.157894736842106,13437.41,0,0,0,1,0,0,1
1191,2515,401,49,698,1709,8.183673469387756,4247.43,0,0,1,0,1,0,0
2891,2785,179,411,701,1265,0.43552311435523117,3292.08,0,0,1,0,0,1,0
1849,3000,86,162,489,676,0.5308641975308642,2186.65,0,0,0,1,1,0,0
2775,1336,974,115,639,575,8.469565217391304,10227.21,0,0,0,1,0,0,1
881,4200,306,50,309,894,6.12,2725.4,1,0,0,0,0,1,0
3148,3320,339,173,599,1259,1.9595375722543353,5206.41,0,0,1,0,0,0,1
2205,1707,72,267,633,125,0.2696629213483146,2404.79,1,0,0,0,1,0,0
3967,3663,279,220,135,257,1.268181818181818,5583.85,1,0,0,0,1,0,0
4642,3397,225,211,328,1116,1.066350710900474,6460.6,0,1,0,0,0,0,1
2213,2733,199,442,199,737,0.4502262443438914,2556.53,0,0,0,1,1,0,0
4070,3990,84,204,683,1731,0.4117647058823529,4602.01,0,1,0,0,1,0,0
2091,4364,695,62,260,1911,11.209677419354838,9774.96,0,0,0,1,0,0,1
1167,2908,519,156,124,1231,3.326923076923077,2514.65,0,1,0,0,0,1,0
1677,891,588,291,583,1441,2.020618556701031,2922.7,0,0,0,1,0,0,1
1111,1099,102,319,382,288,0.31974921630094044,1320.33,0,0,1,0,0,0,1
2374,251,62,252,507,1239,0.24603174603174602,2645.91,0,0,1,0,0,1,0
4969,3163,505,60,571,1722,8.416666666666666,18802.2,1,0,0,0,1,0,0
1914,4699,957,418,109,638,2.289473684210526,3417.02,0,1,0,0,0,1,0
2526,2191,103,123,41,1818,0.8373983739837398,3167.96,1,0,0,0,0,0,1
4502,4699,634,282,445,767,2.24822695035461,7841.2,0,1,0,0,0,1,0
4974,4182,238,467,146,512,0.5096359743040685,5764.8,0,0,0,1,1,0,0
2651,4126,259,129,564,573,2.007751937984496,4283.17,0,0,0,1,0,1,0
3757,3077,400,198,176,368,2.0202020202020203,6067.76,0,1,0,0,0,1,0
107,942,730,55,279,1425,13.272727272727273,584.28,0,1,0,0,0,0,1
2655,4546,989,252,380,1225,3.9246031746031744,6268.97,0,0,1,0,0,1,0
575,3893,191,320,165,1605,0.596875,707.73,0,1,0,0,0,0,1
2311,2170,276,59,486,285,4.677966101694915,5691.98,0,0,1,0,1,0,0
584,1759,290,340,615,63,0.8529411764705882,738.75,0,1,0,0,0,1,0
4754,697,964,20,565,646,48.2,76666.0,0,0,1,0,0,1,0
2385,2613,993,405,361,751,2.4518518518518517,4387.8,1,0,0,0,0,0,1
4663,4235,971,433,173,764,2.2424942263279446,8421.77,0,0,1,0,0,0,1
3625,4370,676,57,177,361,11.859649122807017,16607.56,1,0,0,0,1,0,0
3439,3703,92,386,49,1211,0.23834196891191708,3838.88,0,0,1,0,0,0,1
2922,1316,195,65,111,1507,3.0,6094.13,0,0,0,1,0,0,1
3024,2391,870,17,210,371,51.1764705882353,50048.27,0,0,1,0,1,0,0
358,3911,660,481,687,1045,1.3721413721413722,525.6,0,1,0,0,0,0,1
382,1031,576,23,619,941,25.043478260869566,3341.43,1,0,0,0,0,0,1
1998,2238,540,224,665,941,2.4107142857142856,3489.13,0,1,0,0,0,0,1
4235,4102,357,379,155,855,0.941952506596306,5887.45,0,1,0,0,0,0,1
3076,3078,432,449,652,803,0.9621380846325167,4240.19,0,0,0,1,1,0,0
2367,3992,990,254,663,1332,3.8976377952755907,5346.04,0,0,1,0,1,0,0
3300,4695,867,63,273,46,13.761904761904763,17548.91,0,0,0,1,0,0,1
712,3018,991,493,556,194,2.0101419878296145,1235.84,0,0,1,0,0,1,0
787,2664,463,282,583,1081,1.6418439716312057,1185.3,0,1,0,0,1,0,0
3790,1863,276,438,637,1578,0.6301369863013698,4572.64,0,0,1,0,0,1,0
712,2270,516,398,664,1481,1.2964824120603016,1078.58,0,0,0,1,0,0,1
2407,435,151,140,455,333,1.0785714285714285,3446.19,1,0,0,0,0,0,1
3113,1276,325,18,316,747,18.055555555555557,21522.91,0,0,0,1,1,0,0
1881,3121,685,221,215,866,3.0995475113122173,3856.58,0,0,0,1,0,1,0
2691,878,773,131,330,1040,5.900763358778626,7672.7,0,0,0,1,1,0,0
2796,1285,241,123,144,645,1.9593495934959348,4854.5,1,0,0,0,1,0,0
4058,3385,306,29,619,1537,10.551724137931034,17735.11,0,1,0,0,1,0,0
674,3547,907,348,354,744,2.6063218390804597,1234.7,0,0,0,1,0,0,1
2010,4091,962,30,281,150,32.06666666666667,22126.56,0,0,0,1,0,1,0
3704,2570,884,217,322,1840,4.073732718894009,8244.59,0,0,0,1,0,0,1
769,1038,581,42,306,1006,13.833333333333334,4061.4,1,0,0,0,0,0,1
4464,4999,925,142,479,1658,6.514084507042254,13435.53,1,0,0,0,0,0,1
1383,4106,31,417,390,1818,0.07434052757793765,1433.01,1,0,0,0,1,0,0
1023,2035,393,200,64,802,1.965,1631.28,0,1,0,0,0,0,1
1225,733,135,472,265,882,0.2860169491525424,1360.29,0,0,1,0,0,0,1
1629,1353,112,35,6,826,3.2,3225.89,0,1,0,0,0,0,1
1694,1182,909,373,168,1237,2.4369973190348526,2945.72,0,1,0,0,0,0,1
346,2243,961,98,355,391,9.806122448979592,1382.6,0,1,0,0,0,0,1
3811,1385,742,101,173,281,7.346534653465347,12457.43,0,0,1,0,0,0,1
1660,453,119,42,119,1977,2.8333333333333335,3198.74,0,0,0,1,0,1,0
2500,1985,579,247,226,1676,2.3441295546558703,4506.64,1,0,0,0,1,0,0
2343,1918,481,27,174,1695,17.814814814814813,15344.08,0,1,0,0,0,0,1
3964,2620,74,283,129,539,0.26148409893992935,4335.34,1,0,0,0,1,0,0
2039,4108,481,431,187,342,1.1160092807424593,2977.59,1,0,0,0,0,1,0
3169,3122,579,298,63,674,1.9429530201342282,5274.42,1,0,0,0,0,1,0
326,2684,679,36,274,1654,18.86111111111111,2331.65,0,0,0,1,1,0,0
3647,1647,85,314,598,1361,0.27070063694267515,4217.0,1,0,0,0,0,1,0
364,4118,28,443,210,1019,0.06320541760722348,381.47,1,0,0,0,0,0,1
1495,4304,393,408,193,1099,0.9632352941176471,2034.9,0,0,0,1,0,1,0
3657,1468,199,117,532,93,1.7008547008547008,5855.58,1,0,0,0,0,0,1
745,3437,771,470,182,1570,1.6404255319148937,1150.74,0,0,1,0,1,0,0
3090,1857,369,445,560,1020,0.8292134831460675,4117.51,0,0,1,0,1,0,0
1999,1617,884,235,228,115,3.7617021276595746,4591.32,0,1,0,0,1,0,0
2604,3584,895,333,566,1445,2.6876876876876876,4874.93,0,0,1,0,1,0,0
2872,3785,461,364,614,1978,1.2664835164835164,3969.11,0,0,1,0,1,0,0
1254,3152,88,28,89,113,3.142857142857143,2521.45,0,0,1,0,1,0,0
687,2796,605,232,144,1392,2.6077586206896552,1238.76,0,0,0,1,0,0,1
4671,290,181,290,660,1084,0.6241379310344828,5631.9,0,0,1,0,1,0,0
1921,1032,221,113,250,1306,1.9557522123893805,3159.65,1,0,0,0,0,1,0
1085,4337,895,341,225,237,2.624633431085044,1979.58,0,1,0,0,0,0,1
4179,3338,454,341,673,638,1.3313782991202345,6394.89,1,0,0,0,0,0,1
3448,2315,158,371,168,1965,0.42587601078167114,4142.37,1,0,0,0,0,0,1
3931,665,19,418,110,1069,0.045454545454545456,4191.15,0,0,1,0,0,0,1
1341,1234,551,298,173,1824,1.848993288590604,2086.88,0,1,0,0,1,0,0
289,843,801,453,511,1765,1.7682119205298013,446.89,1,0,0,0,1,0,0
1080,772,953,46,297,1221,20.717391304347824,8406.85,0,1,0,0,1,0,0
1798,3011,64,357,243,724,0.1792717086834734,1968.54,0,0,1,0,0,1,0
1815,630,881,389,209,499,2.2647814910025708,3062.04,1,0,0,0,1,0,0
2693,3121,648,253,243,1607,2.561264822134387,5155.4,0,0,0,1,1,0,0
4236,661,189,52,254,1771,3.6346153846153846,9122.86,1,0,0,0,0,1,0
4533,401,753,135,82,1815,5.5777777777777775,12586.34,1,0,0,0,1,0,0
1198,3867,390,18,434,449,21.666666666666668,9860.47,0,1,0,0,1,0,0
2426,4380,431,23,475,1703,18.73913043478261,16089.26,0,1,0,0,0,0,1
3347,609,460,140,543,195,3.2857142857142856,7125.59,0,1,0,0,1,0,0
995,3545,102,334,4,1709,0.30538922155688625,1189.22,0,0,1,0,0,1,0
1774,2303,529,193,194,1219,2.7409326424870466,3253.37,0,1,0,0,0,0,1
3009,2934,422,291,56,575,1.4501718213058419,4692.05,0,0,1,0,0,1,0
1030,894,768,392,261,582,1.9591836734693877,1703.46,0,1,0,0,0,1,0
4484,2579,403,62,593,1759,6.5,14389.2,0,0,0,1,1,0,0
823,1623,974,50,566,310,19.48,5806.25,0,1,0,0,0,0,1
3040,4956,340,347,380,1819,0.9798270893371758,4320.14,0,0,1,0,1,0,0
1189,2294,717,367,487,1885,1.9536784741144415,2007.9,0,0,1,0,0,0,1
4678,2628,442,30,96,591,14.733333333333333,26944.73,1,0,0,0,0,0,1
1035,534,963,386,336,548,2.494818652849741,1955.48,0,1,0,0,0,0,1
2395,2138,172,304,716,389,0.5657894736842105,2923.83,0,0,1,0,0,1,0
255,1806,955,217,329,1731,4.400921658986175,606.98,1,0,0,0,1,0,0
1170,168,49,497,496,1459,0.09859154929577464,1236.28,0,0,0,1,0,0,1
2058,2004,775,160,638,1753,4.84375,5215.44,0,0,1,0,0,0,1
2601,4059,917,486,519,800,1.8868312757201646,4324.76,0,1,0,0,0,1,0
4319,3051,94,467,125,661,0.2012847965738758,4963.77,0,0,0,1,0,0,1
3930,4749,793,451,620,1520,1.7583148558758315,6302.95,0,0,1,0,0,0,1
954,2813,599,78,260,785,7.67948717948718,3279.03,0,1,0,0,1,0,0
739,3469,734,340,582,1225,2.1588235294117646,1314.27,0,0,1,0,0,1,0
2338,4695,825,422,550,1690,1.9549763033175356,3816.66,0,1,0,0,0,1,0
1702,3827,776,327,687,534,2.3730886850152904,3114.46,1,0,0,0,0,0,1
541,2504,100,446,700,297,0.2242152466367713,583.5,0,0,1,0,0,0,1
4728,3425,493,310,709,1518,1.5903225806451613,7062.8,0,0,1,0,0,1,0
1436,3646,394,36,8,827,10.944444444444445,6547.02,0,0,0,1,0,0,1
3800,2403,202,125,563,727,1.616,5688.93,1,0,0,0,0,0,1
1048,3781,262,427,373,331,0.6135831381733021,1260.15,0,0,0,1,0,1,0
3473,3321,799,151,222,634,5.291390728476821,9547.16,0,0,1,0,0,0,1
559,4474,664,50,531,1802,13.28,2908.14,1,0,0,0,1,0,0
4746,1182,253,115,350,855,2.2,8320.57,0,1,0,0,0,0,1
492,545,733,83,31,1285,8.831325301204819,1970.91,1,0,0,0,0,1,0
4038,4950,716,69,592,1079,10.376811594202898,17658.06,1,0,0,0,1,0,0
1887,1692,279,307,358,1306,0.9087947882736156,2543.36,0,1,0,0,0,0,1
2357,2875,850,131,22,772,6.488549618320611,7209.06,0,0,1,0,1,0,0
1238,3916,28,444,289,875,0.06306306306306306,1341.0,0,0,1,0,0,1,0
3908,3153,49,212,214,1819,0.23113207547169812,4184.41,0,0,0,1,1,0,0
4841,1690,619,20,712,742,30.95,52564.56,0,0,1,0,0,0,1
2554,2331,525,428,165,638,1.2266355140186915,3517.92,0,0,1,0,0,0,1
1566,1661,42,156,140,442,0.2692307692307692,1729.75,0,1,0,0,0,1,0
3774,4372,820,225,370,1283,3.6444444444444444,8345.12,0,0,0,1,1,0,0
1477,3746,686,383,320,1586,1.7911227154046998,2422.31,1,0,0,0,1,0,0
2697,3338,459,330,409,1760,1.3909090909090909,3969.47,0,0,0,1,0,1,0
241,1700,548,469,438,893,1.1684434968017057,339.12,0,0,1,0,0,1,0
2759,2156,694,454,13,1818,1.52863436123348,4224.67,0,0,0,1,0,1,0
4696,4431,858,312,501,146,2.75,9220.74,1,0,0,0,0,1,0
939,809,634,23,26,391,27.565217391304348,8719.47,0,1,0,0,0,0,1
3718,3071,955,76,534,373,12.56578947368421,18526.71,0,0,1,0,0,0,1
4017,2832,894,189,76,1069,4.73015873015873,9731.18,0,0,1,0,0,1,0
695,893,901,374,366,1421,2.409090909090909,1235.51,1,0,0,0,0,1,0
2004,3199,616,251,491,262,2.454183266932271,3660.33,0,1,0,0,1,0,0
380,2955,328,169,92,931,1.9408284023668638,606.06,0,0,0,1,0,0,1
523,126,754,473,266,1503,1.5940803382663848,810.62,1,0,0,0,1,0,0
4465,3367,655,495,560,746,1.3232323232323233,6814.17,0,0,0,1,1,0,0
4349,184,133,19,499,565,7.0,14405.87,0,1,0,0,0,0,1
1850,3201,381,133,170,1509,2.8646616541353382,3708.97,0,1,0,0,0,1,0
4857,1222,360,282,346,1771,1.2765957446808511,7107.0,0,1,0,0,0,0,1
2067,111,332,250,228,1732,1.328,3149.58,0,1,0,0,1,0,0
4188,1848,497,433,699,1962,1.1478060046189376,5712.79,0,0,0,1,0,0,1
4278,3209,460,461,680,516,0.9978308026030369,5808.63,1,0,0,0,0,1,0
3046,1976,362,456,203,1596,0.793859649122807,3996.6,1,0,0,0,0,0,1
1549,2719,125,152,446,685,0.8223684210526315,2099.84,0,0,0,1,0,1,0
2431,279,964,362,518,1608,2.6629834254143647,4507.81,0,1,0,0,0,1,0
2320,896,22,176,132,486,0.125,2407.27,0,1,0,0,1,0,0
3889,3913,926,66,245,1611,14.030303030303031,22232.14,0,0,1,0,1,0,0
2910,2124,329,147,91,834,2.238095238095238,4876.49,0,0,1,0,0,1,0
4828,3317,174,336,126,466,0.5178571428571429,5663.06,0,0,0,1,0,1,0
1631,986,729,362,472,466,2.0138121546961325,2726.78,1,0,0,0,1,0,0
4982,2568,94,26,242,22,3.6153846153846154,10901.06,0,0,1,0,0,1,0
3090,3487,257,341,502,396,0.7536656891495601,4104.8,0,0,1,0,0,0,1
4593,1619,441,282,387,1233,1.5638297872340425,7049.98,1,0,0,0,0,1,0
1243,2532,577,376,7,1587,1.5345744680851063,1914.61,0,0,1,0,0,1,0
1033,4966,693,385,88,145,1.8,1622.64,1,0,0,0,1,0,0
1560,1016,662,409,598,420,1.6185819070904646,2449.4,0,0,0,1,1,0,0
2823,2170,653,384,145,1373,1.7005208333333333,4411.69,0,0,1,0,1,0,0
2612,4076,488,343,451,305,1.4227405247813412,3763.66,0,1,0,0,0,0,1
385,1881,722,12,331,1808,60.166666666666664,8028.41,0,0,0,1,0,1,0
364,438,377,252,710,1001,1.496031746031746,531.67,0,0,1,0,0,1,0
2467,1616,810,117,164,1995,6.923076923076923,8105.33,1,0,0,0,1,0,0
3547,2970,942,60,657,44,15.7,22092.77,0,0,0,1,0,1,0
1862,3682,830,379,342,107,2.1899736147757256,3140.61,0,0,1,0,0,1,0
3148,1014,366,359,1,150,1.0194986072423398,4208.29,0,0,0,1,0,0,1
2481,3390,417,183,120,1630,2.278688524590164,4355.26,0,1,0,0,0,1,0
2369,4670,354,125,579,1288,2.832,4510.75,0,0,1,0,0,0,1
140,1546,188,192,464,110,0.9791666666666666,194.87,0,0,1,0,0,1,0
167,1479,434,370,462,1042,1.172972972972973,233.4,1,0,0,0,1,0,0
1087,1583,550,364,49,750,1.510989010989011,1735.47,0,0,0,1,1,0,0
4108,2174,452,163,327,1360,2.773006134969325,8171.73,0,1,0,0,0,1,0
3298,900,945,256,474,239,3.69140625,7572.57,1,0,0,0,1,0,0
4890,1346,828,85,368,1910,9.741176470588234,19302.42,0,0,1,0,0,0,1
2624,2837,315,424,287,724,0.7429245283018868,3265.4,1,0,0,0,1,0,0
1185,3595,376,253,24,743,1.4861660079051384,1742.35,1,0,0,0,0,0,1
2579,4934,45,90,293,328,0.5,3165.14,0,1,0,0,0,1,0
1793,3357,472,238,449,862,1.9831932773109244,2863.17,0,0,1,0,0,1,0
2415,3977,630,81,63,1318,7.777777777777778,8699.17,0,1,0,0,1,0,0
878,1081,837,412,568,1437,2.0315533980582523,1490.41,0,0,1,0,0,1,0
4689,2576,155,227,458,461,0.6828193832599119,5969.46,0,0,0,1,0,1,0
1685,2188,797,461,530,1105,1.7288503253796095,2696.43,0,0,0,1,0,0,1
1592,3052,910,408,413,1279,2.230392156862745,2799.49,0,1,0,0,0,0,1
760,1111,155,252,589,744,0.6150793650793651,918.05,1,0,0,0,0,1,0
1448,3564,389,376,260,363,1.0345744680851063,1951.15,0,0,1,0,1,0,0
1399,2850,177,323,633,1745,0.5479876160990712,1708.42,0,0,1,0,1,0,0
4040,2226,778,87,184,1481,8.942528735632184,15886.87,0,1,0,0,1,0,0
2086,4912,284,167,48,898,1.7005988023952097,3235.91,1,0,0,0,0,1,0
2144,3961,96,57,147,443,1.6842105263157894,3487.45,1,0,0,0,1,0,0
3616,2691,163,321,592,1834,0.5077881619937694,4504.61,0,0,1,0,1,0,0
1158,1573,506,307,409,886,1.6482084690553747,1777.98,0,0,0,1,0,1,0
1076,2621,806,33,440,984,24.424242424242426,9461.97,0,0,1,0,0,0,1
4677,1265,324,119,458,1557,2.722689075630252,8793.69,0,0,0,1,0,0,1
827,3422,840,61,229,1262,13.770491803278688,4324.38,0,1,0,0,0,1,0
2627,709,619,436,284,1922,1.4197247706422018,4047.8,1,0,0,0,0,0,1
3236,2283,732,299,573,261,2.448160535117057,6169.16,0,0,1,0,1,0,0
442,2631,967,453,345,1297,2.1346578366445916,766.07,0,1,0,0,0,1,0
1547,2961,569,476,601,280,1.1953781512605042,2293.87,1,0,0,0,0,1,0
2479,4750,839,268,264,1928,3.1305970149253732,5115.93,0,0,0,1,0,0,1
3759,1755,283,333,378,926,0.8498498498498499,4984.25,0,1,0,0,0,1,0
626,1855,715,148,103,946,4.831081081081081,1606.9,0,1,0,0,0,1,0
1996,145,773,406,600,1174,1.9039408866995073,3210.0,0,0,1,0,1,0,0
4854,1359,804,315,23,1851,2.552380952380952,8642.99,0,1,0,0,0,1,0
2173,4738,271,347,293,152,0.7809798270893372,2800.76,0,1,0,0,0,1,0
505,3332,496,284,267,794,1.7464788732394365,812.79,0,0,1,0,0,1,0
1673,1551,463,53,529,1597,8.735849056603774,6366.12,0,1,0,0,0,1,0
4700,2218,452,426,476,1672,1.0610328638497653,6627.04,0,0,0,1,0,0,1
3840,2667,271,431,451,1036,0.62877030162413,4652.02,0,0,1,0,0,1,0
4374,2092,552,268,285,14,2.0597014925373136,7327.4,0,0,0,1,1,0,0
4327,3223,114,122,313,1535,0.9344262295081968,5770.2,0,0,1,0,0,0,1
1946,2440,359,236,162,1566,1.521186440677966,2886.93,1,0,0,0,0,1,0
1578,1588,833,74,590,951,11.256756756756756,7533.04,0,1,0,0,0,0,1
2495,1673,447,172,122,867,2.5988372093023258,4742.84,1,0,0,0,0,1,0
871,2527,990,173,481,445,5.722543352601156,2388.04,0,0,0,1,0,1,0
678,1866,178,175,112,1342,1.0171428571428571,947.96,1,0,0,0,0,0,1
3001,3649,757,48,239,799,15.770833333333334,18141.65,0,0,0,1,0,0,1
293,2409,795,162,210,732,4.907407407407407,762.31,1,0,0,0,0,0,1
2107,4775,352,329,349,238,1.0699088145896656,3058.78,0,0,0,1,0,0,1
1285,2504,239,369,511,539,0.6476964769647696,1629.56,0,1,0,0,1,0,0
2494,1542,32,278,2,769,0.11510791366906475,2811.49,1,0,0,0,0,0,1
3098,4893,997,333,715,809,2.993993993993994,6417.84,0,0,0,1,1,0,0
1892,2076,685,335,629,1678,2.044776119402985,3083.57,0,0,0,1,0,1,0
1210,4073,290,84,461,762,3.4523809523809526,2465.27,1,0,0,0,0,1,0
4105,2590,528,266,482,74,1.9849624060150375,6834.56,1,0,0,0,0,0,1
2361,825,731,209,626,1458,3.4976076555023923,5210.56,1,0,0,0,0,1,0
3836,3903,262,447,586,1322,0.5861297539149888,4882.27,0,1,0,0,1,0,0
3893,4481,413,107,241,1735,3.8598130841121496,9062.44,0,1,0,0,1,0,0
2036,3927,142,113,54,296,1.2566371681415929,2928.95,0,1,0,0,0,0,1
4975,4765,283,381,671,14,0.7427821522309711,6539.85,1,0,0,0,0,0,1
4457,3719,627,402,467,612,1.5597014925373134,7012.73,0,0,0,1,0,0,1
829,2987,241,173,109,1627,1.393063583815029,1212.34,0,0,0,1,1,0,0
4478,597,554,122,280,395,4.540983606557377,10756.84,0,0,0,1,0,0,1
3551,4076,88,112,665,191,0.7857142857142857,4660.7,0,0,1,0,1,0,0
4557,804,44,499,675,1898,0.08817635270541083,4994.26,1,0,0,0,1,0,0
4636,4757,504,46,57,817,10.956521739130435,21003.13,0,0,0,1,0,1,0
2240,4227,119,115,214,1445,1.0347826086956522,2997.95,1,0,0,0,0,1,0
1744,3781,330,196,508,106,1.683673469387755,2697.52,1,0,0,0,0,0,1
2900,4238,584,373,28,1418,1.5656836461126005,4564.11,0,0,0,1,0,0,1
241,2016,990,30,204,1462,33.0,2879.77,1,0,0,0,0,0,1
1555,1474,337,157,545,7,2.1464968152866244,2797.87,0,0,1,0,0,0,1
4896,1945,976,495,309,1105,1.9717171717171718,8196.98,0,0,1,0,1,0,0
2196,4754,818,138,634,765,5.927536231884058,6641.96,0,0,0,1,0,0,1
1425,1536,699,492,528,652,1.420731707317073,2038.35,1,0,0,0,0,1,0
1313,3190,393,196,666,485,2.0051020408163267,2283.89,0,0,1,0,0,0,1
1259,1470,373,293,343,1381,1.273037542662116,1822.67,0,0,0,1,1,0,0
4750,2028,241,208,218,1335,1.1586538461538463,6901.34,0,1,0,0,0,1,0
4599,1736,625,244,617,932,2.5614754098360657,8137.61,0,1,0,0,0,1,0
4797,191,423,449,589,506,0.9420935412026726,6687.17,0,1,0,0,0,0,1
440,1943,303,117,87,519,2.58974358974359,828.36,0,1,0,0,0,1,0
3928,284,556,18,31,1688,30.88888888888889,41296.26,0,0,1,0,0,1,0
2068,4923,715,458,100,802,1.5611353711790392,3142.04,0,0,0,1,0,0,1
803,1671,183,429,667,1662,0.42657342657342656,923.94,0,0,1,0,0,0,1
4513,931,401,235,315,449,1.7063829787234042,7112.86,0,1,0,0,1,0,0
2529,4540,111,427,495,285,0.25995316159250587,2816.19,1,0,0,0,0,1,0
1900,2225,845,218,618,1306,3.876146788990826,4329.05,0,1,0,0,0,0,1
4748,4362,302,254,471,74,1.188976377952756,6966.43,1,0,0,0,0,1,0
955,363,94,297,515,1985,0.3164983164983165,1148.39,0,0,0,1,0,0,1
1912,1386,918,75,633,45,12.24,9157.49,0,0,1,0,1,0,0
2966,1629,210,365,672,1553,0.5753424657534246,3514.98,1,0,0,0,0,0,1
3742,1908,694,162,331,745,4.283950617283951,8889.5,0,1,0,0,0,0,1
282,1977,550,444,194,676,1.2387387387387387,392.35,0,0,1,0,1,0,0
3212,1849,306,200,191,1481,1.53,5077.26,1,0,0,0,0,0,1
4592,2009,65,227,252,575,0.28634361233480177,5236.35,0,0,0,1,1,0,0
1617,2723,481,438,1,1431,1.0981735159817352,2283.0,1,0,0,0,0,1,0
1456,1297,25,163,459,93,0.15337423312883436,1545.93,1,0,0,0,0,1,0
2274,2578,661,286,645,322,2.3111888111888113,4139.34,0,0,0,1,0,1,0
3729,4963,75,91,90,466,0.8241758241758241,5103.82,0,0,1,0,0,0,1
3728,2610,967,230,518,604,4.2043478260869565,8836.8,0,0,0,1,1,0,0
4196,200,668,444,483,885,1.5045045045045045,6675.99,0,0,1,0,0,0,1
3339,3187,679,289,645,1007,2.3494809688581313,5712.24,0,0,1,0,0,0,1
3791,2019,921,120,116,554,7.675,12564.5,0,0,1,0,0,0,1
118,2391,481,101,73,753,4.762376237623762,314.1,1,0,0,0,1,0,0
3503,3420,918,21,156,327,43.714285714285715,52904.62,0,1,0,0,0,0,1
4779,204,590,148,69,1791,3.9864864864864864,10692.44,0,1,0,0,0,0,1
4651,793,32,164,471,1867,0.1951219512195122,5102.4,1,0,0,0,1,0,0
3104,3340,711,32,492,1607,22.21875,25002.25,0,0,1,0,1,0,0
1232,3591,769,426,300,1835,1.8051643192488263,2032.63,0,0,0,1,0,1,0
3439,3492,495,473,144,728,1.0465116279069768,4899.17,0,0,0,1,1,0,0
3411,2368,424,229,711,1847,1.851528384279476,5349.52,0,1,0,0,0,1,0
3472,3883,830,357,206,1592,2.3249299719887957,6280.61,0,0,1,0,0,1,0
1087,3612,897,246,713,591,3.6463414634146343,2384.57,1,0,0,0,0,0,1
3421,989,666,262,407,1439,2.5419847328244276,6390.2,1,0,0,0,0,0,1
4715,889,905,431,580,1523,2.0997679814385153,8075.93,0,1,0,0,0,0,1
273,4748,314,192,683,851,1.6354166666666667,425.28,0,0,1,0,0,0,1
3841,758,186,207,297,440,0.8985507246376812,4976.62,0,0,0,1,0,0,1
3152,1118,204,179,582,1657,1.1396648044692737,4429.45,0,0,0,1,0,0,1
826,2053,931,132,529,714,7.053030303030303,2622.55,1,0,0,0,0,0,1
3860,1290,22,422,137,432,0.052132701421800945,3937.86,0,1,0,0,0,1,0
1975,3806,885,43,219,948,20.58139534883721,14699.17,1,0,0,0,0,1,0
4133,3757,175,390,518,328,0.44871794871794873,4701.07,0,0,0,1,0,0,1
1089,4946,159,322,710,1281,0.4937888198757764,1320.66,1,0,0,0,0,0,1
3844,2396,350,12,448,1666,29.166666666666668,37750.32,0,0,1,0,0,1,0
2786,874,934,15,132,861,62.266666666666666,57227.52,0,0,0,1,0,1,0
519,2911,566,313,363,1578,1.8083067092651757,879.02,0,0,0,1,1,0,0
693,1480,183,111,344,1098,1.6486486486486487,1036.78,1,0,0,0,1,0,0
1874,3282,176,201,696,1258,0.8756218905472637,2453.08,1,0,0,0,0,0,1
2559,4887,718,385,18,1545,1.864935064935065,4259.39,0,1,0,0,0,0,1
1035,4914,727,22,416,1906,33.04545454545455,11475.12,1,0,0,0,0,0,1
3908,4429,603,45,560,1567,13.4,20718.22,0,0,1,0,0,1,0
431,3197,589,472,541,1632,1.2478813559322033,607.64,0,1,0,0,0,0,1
3549,1504,106,79,153,1282,1.3417721518987342,5088.47,0,1,0,0,0,0,1
2802,3901,688,298,332,1816,2.3087248322147653,5167.18,0,0,0,1,0,0,1
4106,1469,413,114,319,229,3.6228070175438596,8742.76,0,0,1,0,1,0,0
3968,2164,86,213,199,1269,0.40375586854460094,4616.14,0,0,1,0,1,0,0
4300,2392,246,322,526,1451,0.7639751552795031,5375.17,0,1,0,0,0,0,1
301,2865,717,64,10,1734,11.203125,1349.91,0,1,0,0,0,1,0
2597,2917,300,116,139,1480,2.586206896551724,4747.09,0,0,0,1,1,0,0
1942,816,145,150,167,744,0.9666666666666667,2587.04,1,0,0,0,0,0,1
1966,4140,829,234,147,1497,3.5427350427350426,4315.49,0,0,1,0,1,0,0
2096,1811,817,316,403,1002,2.5854430379746836,3998.1,0,0,1,0,0,1,0
1009,1325,898,357,445,811,2.515406162464986,1860.82,0,0,0,1,0,1,0
4405,108,890,318,70,1587,2.79874213836478,8598.24,0,1,0,0,0,1,0
4758,697,376,45,328,1753,8.355555555555556,18041.64,0,0,1,0,0,1,0
3289,4218,557,142,616,174,3.9225352112676055,7874.99,0,0,0,1,0,0,1
870,1708,911,384,229,1099,2.3723958333333335,1557.18,0,1,0,0,0,1,0
3255,3131,257,34,650,1123,7.5588235294117645,11632.2,0,0,0,1,0,0,1
2601,3767,775,346,319,513,2.239884393063584,4562.03,0,0,1,0,0,1,0
2814,2346,223,46,36,1148,4.8478260869565215,7446.63,0,1,0,0,0,0,1
4824,3726,773,28,630,1141,27.607142857142858,47343.78,0,0,0,1,0,1,0
3685,4171,79,44,255,1367,1.7954545454545454,6171.11,0,0,0,1,0,0,1
1728,2922,755,372,313,1731,2.0295698924731185,2904.87,0,0,0,1,1,0,0
486,191,338,427,335,1257,0.7915690866510539,643.26,0,0,1,0,0,0,1
3521,950,25,319,20,129,0.07836990595611286,3771.83,0,0,1,0,0,0,1
4108,1207,496,439,298,374,1.1298405466970387,5971.82,1,0,0,0,0,1,0
4193,399,183,15,21,1599,12.2,21482.31,0,0,1,0,0,1,0
4463,2443,708,476,478,236,1.4873949579831933,6611.52,0,0,0,1,1,0,0
2566,1577,815,394,472,1868,2.068527918781726,4355.6,0,0,1,0,0,1,0
2382,1182,746,208,678,742,3.5865384615384617,4985.12,0,0,0,1,0,0,1
1956,3056,283,43,470,190,6.5813953488372094,5899.99,0,0,0,1,0,1,0
2098,3018,533,65,349,1725,8.2,7933.56,0,0,0,1,0,1,0
1336,1465,831,265,590,168,3.1358490566037736,2733.8,0,1,0,0,0,0,1
4769,2900,228,220,386,1631,1.0363636363636364,6498.74,1,0,0,0,1,0,0
4244,3636,952,106,546,1693,8.981132075471699,16731.58,1,0,0,0,0,1,0
1250,4051,522,291,446,291,1.7938144329896908,2030.38,0,0,0,1,0,1,0
4418,2209,408,498,99,1884,0.8192771084337349,5662.78,0,0,1,0,0,0,1
1531,875,120,250,655,1365,0.48,1791.15,1,0,0,0,1,0,0
1919,1552,996,179,55,1419,5.564245810055866,5424.68,0,0,0,1,1,0,0
2424,1781,473,356,3,1498,1.3286516853932584,3454.02,0,0,1,0,0,1,0
1230,2403,798,303,332,139,2.633663366336634,2232.46,0,1,0,0,0,0,1
2758,1951,650,419,435,1215,1.5513126491646778,4170.23,0,1,0,0,0,1,0
3600,1997,102,236,486,1989,0.4322033898305085,4417.07,0,0,0,1,0,0,1
474,3518,460,324,219,568,1.4197530864197532,678.38,0,0,1,0,0,0,1
2220,3697,405,136,211,1543,2.9779411764705883,4553.56,0,1,0,0,0,1,0
4120,1427,901,477,496,1075,1.8888888888888888,6855.48,0,1,0,0,0,0,1
2121,714,933,289,661,991,3.2283737024221453,4192.07,0,1,0,0,0,1,0
3805,344,560,376,232,1575,1.4893617021276595,5836.54,0,0,1,0,1,0,0
3359,856,942,30,600,298,31.4,36491.88,0,0,0,1,1,0,0
3535,923,488,325,148,1096,1.5015384615384615,5558.66,0,0,0,1,0,1,0
1989,2927,325,255,207,256,1.2745098039215685,2998.93,0,1,0,0,1,0,0
1923,3907,680,99,360,309,6.8686868686868685,6054.16,0,0,0,1,1,0,0
1574,2879,707,413,419,91,1.7118644067796611,2569.16,1,0,0,0,1,0,0
2342,1946,362,15,417,149,24.133333333333333,19895.94,0,1,0,0,1,0,0
3343,1340,777,460,696,1054,1.6891304347826086,5185.94,0,0,1,0,0,0,1
3234,4711,248,275,553,462,0.9018181818181819,4188.1,0,0,0,1,0,1,0
2170,573,113,405,182,635,0.27901234567901234,2511.19,0,0,1,0,0,1,0
459,4231,916,106,556,1409,8.641509433962264,1692.09,0,0,0,1,1,0,0
2141,3349,887,159,210,1773,5.578616352201258,5990.24,0,0,1,0,0,1,0
1241,1892,38,455,250,1816,0.08351648351648351,1375.4,0,0,1,0,0,1,0
1735,1834,98,454,512,637,0.21585903083700442,1993.65,0,0,0,1,0,1,0
4100,4042,384,89,596,646,4.314606741573034,10211.68,0,1,0,0,0,0,1
2043,1044,406,26,139,518,15.615384615384615,11800.72,0,1,0,0,1,0,0
4874,1611,572,147,231,1919,3.891156462585034,11183.62,0,0,1,0,0,1,0
3461,4181,373,149,12,1397,2.5033557046979866,6614.65,1,0,0,0,0,0,1
3080,4626,959,348,273,1221,2.7557471264367814,5649.97,0,0,1,0,1,0,0
106,958,156,49,488,190,3.183673469387755,223.71,1,0,0,0,0,0,1
3367,3660,323,416,90,1827,0.7764423076923077,4253.5,0,1,0,0,0,0,1
1691,329,557,177,25,1920,3.146892655367232,3507.56,1,0,0,0,0,0,1
3364,2517,805,83,538,1772,9.698795180722891,14095.56,0,0,0,1,0,1,0
2706,277,461,83,665,79,5.554216867469879,7882.71,1,0,0,0,1,0,0
3319,4028,908,59,572,1571,15.389830508474576,19591.19,0,0,0,1,1,0,0
3373,2715,515,19,60,816,27.105263157894736,33413.44,0,0,1,0,0,1,0
1013,1713,495,112,171,1906,4.419642857142857,2366.81,1,0,0,0,1,0,0
2111,2940,110,359,588,1897,0.3064066852367688,2401.98,0,0,0,1,1,0,0
1542,3047,116,397,447,72,0.29219143576826195,1750.88,0,0,1,0,0,0,1
3154,1874,866,394,667,43,2.197969543147208,5515.44,1,0,0,0,0,1,0
3646,3971,946,308,692,803,3.0714285714285716,7342.73,1,0,0,0,0,0,1
4321,181,300,348,594,1157,0.8620689655172413,5964.93,0,0,0,1,1,0,0
3028,945,358,398,10,1823,0.8994974874371859,3875.3,0,0,1,0,1,0,0
1929,2909,626,487,243,1130,1.2854209445585216,2743.71,0,0,0,1,0,1,0
675,1316,742,483,178,1695,1.536231884057971,1081.6,1,0,0,0,0,0,1
1029,4813,597,113,257,357,5.283185840707965,2778.37,0,0,1,0,0,0,1
3859,3360,236,299,310,8,0.7892976588628763,5045.37,0,1,0,0,0,0,1
3799,3245,605,459,516,1798,1.318082788671024,5344.17,0,1,0,0,0,1,0
1563,2363,986,289,215,1367,3.411764705882353,3252.62,0,1,0,0,0,0,1
3375,2437,597,151,30,437,3.9536423841059603,7407.32,1,0,0,0,0,0,1
1154,544,770,306,346,80,2.5163398692810457,2053.0,0,1,0,0,1,0,0
2000,1022,776,179,65,1580,4.335195530726257,4892.51,1,0,0,0,1,0,0
1557,4388,59,22,636,689,2.6818181818181817,3024.23,0,0,1,0,0,0,1
1499,4484,877,166,153,1416,5.283132530120482,4211.97,0,0,0,1,0,0,1
3515,2730,979,458,40,576,2.1375545851528384,5914.12,1,0,0,0,1,0,0
542,1267,731,183,26,900,3.9945355191256833,1231.17,0,0,1,0,0,1,0
3750,4063,167,171,273,288,0.9766081871345029,5124.77,0,0,1,0,1,0,0
4752,3541,337,456,159,1845,0.7390350877192983,5854.15,0,0,1,0,0,0,1
1278,3612,754,141,701,1137,5.347517730496454,3596.73,0,0,0,1,0,1,0
4558,995,892,37,581,963,24.10810810810811,39336.9,1,0,0,0,0,0,1
1357,3822,86,92,1,1855,0.9347826086956522,1905.31,0,0,1,0,0,0,1
3734,2160,744,394,79,1906,1.8883248730964468,5917.92,0,1,0,0,0,0,1
1941,3134,642,429,228,720,1.4965034965034965,2849.9,0,1,0,0,0,1,0
2409,2487,463,372,327,956,1.2446236559139785,3423.82,0,0,1,0,0,0,1
1010,1997,319,278,558,226,1.1474820143884892,1385.76,0,1,0,0,0,1,0
4440,1899,336,260,620,1357,1.2923076923076924,6590.55,0,1,0,0,1,0,0
4737,4507,517,379,501,1441,1.3641160949868074,7307.59,1,0,0,0,0,1,0
4109,2880,862,115,475,278,7.495652173913044,13468.9,0,0,0,1,0,0,1
2269,1227,879,270,355,895,3.2555555555555555,4593.7,1,0,0,0,0,0,1
2272,438,116,362,124,1823,0.32044198895027626,2549.66,0,0,1,0,1,0,0
223,4554,250,23,660,792,10.869565217391305,998.54,0,0,1,0,1,0,0
3258,1272,444,89,424,1027,4.98876404494382,8501.7,0,1,0,0,1,0,0
885,2908,37,385,252,545,0.09610389610389611,976.7,1,0,0,0,0,1,0
2516,4963,713,169,514,478,4.218934911242603,6118.08,0,0,1,0,0,1,0
896,3129,258,187,701,1434,1.3796791443850267,1339.42,0,0,1,0,0,1,0
4272,2189,373,164,507,1331,2.274390243902439,7611.62,0,1,0,0,0,1,0
4254,4397,734,44,486,1238,16.681818181818183,27694.89,0,1,0,0,1,0,0
2036,3117,542,268,478,1054,2.0223880597014925,3401.12,0,0,1,0,0,0,1
2256,4659,481,269,583,419,1.788104089219331,3470.47,1,0,0,0,0,0,1
3907,548,676,144,333,1561,4.694444444444445,9609.81,0,0,0,1,0,1,0
1401,4993,548,470,609,1052,1.1659574468085105,1897.74,1,0,0,0,1,0,0
4263,893,598,498,232,609,1.2008032128514057,6026.88,0,1,0,0,1,0,0
3240,536,827,140,542,87,5.9071428571428575,9303.14,0,0,1,0,1,0,0
3336,4726,422,90,30,1050,4.688888888888889,8107.83,0,1,0,0,0,0,1
2452,4760,944,376,173,120,2.5106382978723403,4623.4,0,0,1,0,0,0,1
2032,1720,578,68,468,713,8.5,7612.56,0,0,1,0,0,1,0
2821,3601,640,83,476,392,7.710843373493976,9557.64,0,0,0,1,0,0,1
464,3019,997,248,317,1381,4.020161290322581,1101.31,0,1,0,0,1,0,0
2490,4408,174,138,397,353,1.2608695652173914,3661.09,0,0,0,1,0,0,1
1046,1048,998,421,125,15,2.370546318289786,1824.17,1,0,0,0,0,0,1
1477,4044,585,324,80,305,1.8055555555555556,2500.85,0,1,0,0,0,0,1
1539,1227,57,383,696,1278,0.14882506527415143,1636.24,0,0,0,1,0,1,0
3280,291,671,446,527,623,1.5044843049327354,5127.77,0,1,0,0,0,0,1
4957,4112,493,147,523,520,3.3537414965986394,10907.25,0,0,0,1,0,1,0
440,3860,167,464,396,1975,0.3599137931034483,522.88,0,0,0,1,0,0,1
3089,3830,677,112,89,853,6.044642857142857,9269.17,0,1,0,0,0,1,0
482,1503,160,396,3,640,0.40404040404040403,589.24,1,0,0,0,1,0,0
1656,2090,234,400,536,1210,0.585,1999.02,0,0,0,1,1,0,0
399,1204,269,18,601,387,14.944444444444445,2248.49,0,0,0,1,1,0,0
238,4900,396,241,521,905,1.6431535269709543,378.1,0,1,0,0,0,1,0
458,648,265,108,558,1524,2.4537037037037037,865.28,1,0,0,0,1,0,0
1622,3548,70,227,606,14,0.30837004405286345,1881.45,0,1,0,0,0,1,0
3556,1961,873,462,71,1254,1.8896103896103895,6116.23,0,0,1,0,0,1,0
1727,4349,781,406,700,91,1.9236453201970443,2784.35,0,1,0,0,0,1,0
1403,670,842,246,139,1428,3.4227642276422765,3078.49,0,0,1,0,1,0,0
1234,1884,405,231,10,1529,1.7532467532467533,2057.66,0,0,0,1,0,1,0
2286,2387,406,177,515,4,2.2937853107344632,4023.86,1,0,0,0,0,0,1
3270,2521,171,379,531,1022,0.45118733509234826,4069.76,1,0,0,0,1,0,0
3935,4072,389,71,130,1688,5.47887323943662,10613.1,0,1,0,0,0,0,1
2251,904,452,327,401,1243,1.382262996941896,3487.87,0,0,1,0,1,0,0
1337,898,358,496,221,1612,0.7217741935483871,1773.35,0,1,0,0,0,1,0
3835,3375,978,19,642,796,51.473684210526315,63472.56,1,0,0,0,0,1,0
2934,710,40,243,437,1891,0.1646090534979424,3239.4,0,0,1,0,0,1,0
4360,1906,80,96,400,216,0.8333333333333334,5738.22,1,0,0,0,1,0,0
1098,4338,406,276,113,1183,1.4710144927536233,1591.57,0,0,1,0,1,0,0
2667,3360,447,213,650,1787,2.0985915492957745,4363.26,0,1,0,0,0,1,0
1407,4467,11,327,452,1603,0.03363914373088685,1421.92,0,0,0,1,1,0,0
756,3471,938,342,555,1758,2.742690058479532,1450.32,0,0,0,1,0,0,1
2760,2573,571,369,218,704,1.5474254742547426,4228.71,0,0,1,0,0,1,0
2311,2193,144,250,58,731,0.576,2965.24,0,0,1,0,0,0,1
2009,2242,155,65,113,1397,2.3846153846153846,3564.17,0,0,0,1,0,0,1
3830,4101,188,119,700,17,1.5798319327731092,6016.81,0,1,0,0,1,0,0
2146,3180,273,58,122,1926,4.706896551724138,5180.22,0,1,0,0,0,0,1
3262,4654,320,252,408,495,1.2698412698412698,4803.57,1,0,0,0,0,1,0
1240,1532,213,25,460,1643,8.52,4812.22,1,0,0,0,0,0,1
366,2617,820,82,85,1490,10.0,1515.94,0,0,0,1,1,0,0
1945,2957,708,381,618,444,1.858267716535433,3124.44,0,0,0,1,1,0,0
1808,605,39,211,400,1763,0.1848341232227488,2027.72,0,0,0,1,0,1,0
3730,1196,68,102,356,1105,0.6666666666666666,4623.06,0,0,1,0,0,1,0
3311,4279,18,146,99,779,0.1232876712328767,3571.63,1,0,0,0,0,1,0
2393,4254,997,42,521,166,23.738095238095237,19965.37,0,0,0,1,0,1,0
3832,1144,333,97,518,357,3.4329896907216493,8046.84,0,0,0,1,0,1,0
3929,2304,176,428,108,234,0.411214953271028,4713.57,1,0,0,0,0,0,1
1610,4002,346,212,152,1186,1.6320754716981132,2619.5,0,0,0,1,0,0,1
575,1452,916,48,27,175,19.083333333333332,4092.36,0,0,0,1,1,0,0
1076,1696,388,123,119,1696,3.154471544715447,2096.36,0,1,0,0,0,0,1
1307,675,907,342,100,1387,2.652046783625731,2408.8,1,0,0,0,0,1,0
2060,779,800,256,3,1400,3.125,4371.31,0,1,0,0,0,1,0
657,4398,712,352,329,697,2.022727272727273,1151.78,1,0,0,0,1,0,0
982,3812,251,418,529,1198,0.6004784688995215,1172.3,0,0,0,1,0,1,0
2294,3928,799,379,106,238,2.108179419525066,4085.04,0,0,1,0,1,0,0
4861,1229,966,217,230,1187,4.451612903225806,12447.8,0,0,1,0,0,0,1
2767,4004,675,321,304,988,2.102803738317757,4659.0,0,1,0,0,0,0,1
4777,3293,917,441,177,1014,2.0793650793650795,8300.7,0,0,1,0,0,0,1
4890,417,169,478,84,1942,0.35355648535564854,5711.54,0,0,1,0,1,0,0
1710,3796,786,403,263,912,1.9503722084367245,2801.9,0,1,0,0,0,1,0
3588,4601,244,306,196,1262,0.7973856209150327,4514.48,0,0,0,1,1,0,0
2554,3096,462,369,249,1642,1.2520325203252032,3642.22,1,0,0,0,0,0,1
4594,3694,867,220,382,630,3.940909090909091,10955.51,0,0,0,1,1,0,0
2046,3309,208,364,458,1256,0.5714285714285714,2591.18,0,1,0,0,0,1,0
4910,2642,486,68,661,588,7.147058823529412,15948.1,0,0,0,1,1,0,0
4899,778,42,165,718,1541,0.2545454545454545,5561.9,0,0,0,1,0,0,1
2908,1989,417,131,409,1754,3.183206106870229,5915.82,0,1,0,0,0,1,0
3925,1743,98,129,81,794,0.7596899224806202,5044.24,0,1,0,0,0,0,1
3636,934,616,306,701,1869,2.0130718954248366,6275.79,0,1,0,0,0,1,0
3902,2341,230,331,412,920,0.6948640483383686,4971.46,0,0,1,0,0,1,0
4277,2455,78,444,206,1260,0.17567567567567569,4583.92,0,1,0,0,0,0,1
4799,1768,303,71,388,1347,4.267605633802817,11237.48,0,1,0,0,0,0,1
2070,2653,246,167,399,1568,1.473053892215569,3154.24,0,1,0,0,0,0,1
3922,380,916,49,8,407,18.693877551020407,27712.81,0,1,0,0,1,0,0
2919,2862,169,251,626,177,0.6733067729083665,3686.89,0,0,0,1,0,0,1
1002,4803,841,49,517,1524,17.163265306122447,6543.41,0,1,0,0,0,1,0
464,4678,849,462,450,119,1.8376623376623376,776.62,1,0,0,0,1,0,0
4358,1346,797,367,476,1214,2.1716621253405997,7589.76,0,1,0,0,1,0,0
3219,1872,299,199,342,614,1.5025125628140703,5126.32,1,0,0,0,1,0,0
2658,2264,888,243,73,365,3.654320987654321,5703.21,1,0,0,0,1,0,0
1963,291,563,24,121,486,23.458333333333332,17228.66,0,0,1,0,1,0,0
215,2935,913,133,302,1997,6.864661654135339,674.06,0,0,1,0,1,0,0
2484,2765,587,237,234,1103,2.476793248945148,4559.89,0,0,0,1,0,0,1
4035,2663,542,396,66,322,1.3686868686868687,5951.29,0,1,0,0,0,1,0
2590,406,344,289,230,139,1.1903114186851211,3645.94,0,1,0,0,0,0,1
1042,631,591,434,543,1360,1.3617511520737327,1608.98,1,0,0,0,0,1,0
1824,4317,782,456,51,1426,1.7149122807017543,2837.62,0,1,0,0,1,0,0
2434,2796,511,57,659,1250,8.964912280701755,9586.22,1,0,0,0,0,0,1
2867,4787,255,198,607,1290,1.2878787878787878,4294.3,0,0,1,0,0,0,1
1237,158,332,313,329,333,1.060702875399361,1662.75,0,0,0,1,0,0,1
2627,1673,756,56,387,224,13.5,14557.37,0,0,1,0,0,1,0
4217,1240,948,193,38,572,4.9119170984455955,11001.27,0,1,0,0,1,0,0
3520,1910,793,114,710,776,6.956140350877193,11859.34,1,0,0,0,1,0,0
4878,3298,620,378,173,967,1.6402116402116402,7761.48,0,0,1,0,1,0,0
4006,3576,338,469,493,1584,0.720682302771855,5188.52,0,1,0,0,0,1,0
3737,4594,556,256,455,593,2.171875,6385.18,1,0,0,0,0,0,1
3053,2662,348,273,41,809,1.2747252747252746,4545.75,0,1,0,0,0,1,0
2467,2952,180,215,129,987,0.8372093023255814,3095.81,0,1,0,0,1,0,0
4321,1041,119,27,54,1915,4.407407407407407,10592.05,0,0,0,1,0,1,0
376,4723,816,373,86,1024,2.187667560321716,624.77,0,0,1,0,0,1,0
2099,1874,19,260,269,1544,0.07307692307692308,2210.84,0,1,0,0,0,1,0
1327,1521,211,247,296,861,0.854251012145749,1683.13,0,1,0,0,1,0,0
3852,535,925,349,21,1273,2.650429799426934,7545.19,0,0,0,1,0,0,1
3835,939,266,416,215,1780,0.6394230769230769,4857.81,0,0,0,1,1,0,0
795,4101,271,462,425,1701,0.5865800865800865,997.4,1,0,0,0,0,1,0
1409,4555,702,330,189,1883,2.1272727272727274,2504.66,0,1,0,0,0,0,1
4252,2781,439,374,161,1445,1.1737967914438503,6170.74,0,1,0,0,0,0,1
3334,1750,516,311,713,1856,1.6591639871382637,5055.51,0,1,0,0,1,0,0
4214,1345,75,75,541,187,1.0,5816.5,0,1,0,0,1,0,0
2411,2361,815,345,381,249,2.36231884057971,4522.64,0,0,0,1,0,0,1
2941,1015,682,462,244,1151,1.4761904761904763,4334.3,0,0,1,0,0,1,0
4308,2739,588,159,183,1112,3.69811320754717,9650.6,0,0,0,1,1,0,0
3659,3989,621,202,544,1069,3.0742574257425743,7430.04,1,0,0,0,0,0,1
3498,4581,598,405,548,1936,1.4765432098765432,5245.17,0,0,0,1,0,0,1
641,1426,44,156,93,1818,0.28205128205128205,761.61,0,0,1,0,0,1,0
2794,3458,984,415,368,1024,2.3710843373493975,4951.85,0,1,0,0,0,0,1
4774,1685,566,192,159,246,2.9479166666666665,9080.28,1,0,0,0,1,0,0
1188,3468,671,115,398,927,5.834782608695652,3582.03,1,0,0,0,0,0,1
3463,488,500,245,180,1435,2.0408163265306123,5990.34,0,1,0,0,0,1,0
124,2891,589,135,438,1242,4.362962962962963,296.11,0,0,1,0,0,1,0
1672,3432,263,455,373,1451,0.578021978021978,2016.97,0,0,0,1,0,1,0
3058,803,26,188,306,15,0.13829787234042554,3480.44,0,1,0,0,1,0,0
4336,2920,270,441,379,1792,0.6122448979591837,5272.81,0,0,1,0,1,0,0
1867,1159,734,410,218,826,1.7902439024390244,3023.86,0,0,1,0,1,0,0
4843,4274,834,22,329,689,37.90909090909091,61209.15,0,0,1,0,0,0,1
2335,1398,265,240,343,1359,1.1041666666666667,3417.83,0,1,0,0,0,1,0
300,1401,737,37,163,727,19.91891891891892,2253.74,0,0,1,0,0,1,0
3298,773,872,388,158,537,2.247422680412371,5835.03,1,0,0,0,0,1,0
356,2459,433,332,110,492,1.3042168674698795,532.23,1,0,0,0,1,0,0
3847,4399,510,270,567,1860,1.8888888888888888,6579.26,0,0,0,1,0,1,0
4742,4212,295,109,350,292,2.706422018348624,9419.69,0,0,0,1,0,0,1
2341,4671,947,197,365,117,4.807106598984771,6166.4,0,0,1,0,0,0,1
3275,3682,16,408,15,592,0.0392156862745098,3594.87,0,0,1,0,1,0,0
3706,1116,506,346,153,687,1.4624277456647399,5544.03,0,0,1,0,1,0,0
3436,309,901,309,532,744,2.9158576051779934,6694.07,0,0,0,1,1,0,0
4997,598,208,128,400,1851,1.625,8033.85,1,0,0,0,0,1,0
513,528,612,55,52,1493,11.127272727272727,2394.54,1,0,0,0,0,1,0
2114,3739,993,422,469,948,2.353080568720379,3931.25,0,1,0,0,0,1,0
1481,3251,668,77,321,1576,8.675324675324676,5406.41,0,0,0,1,0,0,1
1198,2205,946,393,596,683,2.4071246819338423,2205.64,0,0,1,0,0,0,1
3526,1653,427,489,367,629,0.8732106339468303,4737.87,1,0,0,0,0,1,0
3755,3306,671,314,486,1720,2.1369426751592355,6654.34,0,1,0,0,0,0,1
1009,2669,61,180,641,593,0.3388888888888889,1114.31,1,0,0,0,0,0,1
287,2728,252,367,16,387,0.6866485013623979,374.72,0,1,0,0,1,0,0
4144,1976,228,205,411,1607,1.1121951219512196,5707.09,0,0,1,0,0,1,0
3856,1167,527,342,274,652,1.54093567251462,6025.99,0,0,1,0,0,0,1
2115,1606,979,29,589,193,33.758620689655174,24985.91,1,0,0,0,0,0,1
2192,3113,118,120,306,1707,0.9833333333333333,2963.6,0,0,0,1,0,1,0
3744,1767,360,155,92,101,2.3225806451612905,6826.65,1,0,0,0,0,1,0
2230,4688,930,201,458,1094,4.626865671641791,5837.26,0,0,0,1,1,0,0
457,4800,75,442,270,1198,0.16968325791855204,495.8,1,0,0,0,1,0,0
2522,4166,19,380,52,444,0.05,2751.42,0,0,0,1,0,1,0
4357,1047,211,435,121,1725,0.4850574712643678,5148.0,0,0,1,0,0,0,1
4645,4489,803,238,50,433,3.3739495798319328,10137.0,0,1,0,0,1,0,0
1597,1271,910,21,475,1239,43.333333333333336,23335.66,0,0,0,1,0,1,0
2258,271,223,226,492,537,0.9867256637168141,3057.88,0,0,1,0,1,0,0
2655,4726,77,487,380,601,0.15811088295687886,2995.59,0,1,0,0,0,0,1
2442,1243,768,88,632,1667,8.727272727272727,9274.0,0,0,1,0,0,0,1
3051,1959,875,384,387,708,2.2786458333333335,5273.61,0,0,1,0,0,1,0
1338,2288,336,45,607,319,7.466666666666667,4766.7,0,0,1,0,1,0,0
1073,2593,59,273,661,1310,0.21611721611721613,1213.43,0,0,0,1,0,0,1
4827,3677,26,37,289,225,0.7027027027027027,6221.65,0,0,1,0,0,0,1
4065,288,532,381,454,1373,1.3963254593175853,6140.76,0,0,1,0,1,0,0
1150,4176,830,95,371,388,8.736842105263158,4532.06,0,0,1,0,0,1,0
3801,257,315,197,184,846,1.598984771573604,5727.74,0,0,0,1,1,0,0
2880,2817,401,314,662,1365,1.2770700636942676,4006.95,1,0,0,0,1,0,0
1688,2070,997,263,205,1863,3.790874524714829,3747.21,0,0,1,0,1,0,0
3978,345,133,431,172,1685,0.308584686774942,4591.79,1,0,0,0,1,0,0
2468,3003,513,89,222,1528,5.764044943820225,6928.14,0,0,1,0,1,0,0
536,2895,234,195,168,71,1.2,779.2,0,0,0,1,0,0,1
2928,3924,765,14,244,1153,54.642857142857146,51302.71,1,0,0,0,0,1,0
1656,2477,327,55,218,444,5.945454545454545,4974.2,0,0,1,0,0,1,0
3958,949,482,363,56,1314,1.3278236914600552,5932.09,1,0,0,0,0,0,1
1404,1910,990,111,575,599,8.91891891891892,5271.06,0,1,0,0,0,1,0
2484,4086,853,468,615,387,1.8226495726495726,3956.91,1,0,0,0,0,1,0
282,2226,900,11,167,18,81.81818181818181,7785.17,0,0,1,0,1,0,0
1689,4364,867,226,519,1579,3.836283185840708,3913.79,1,0,0,0,0,1,0
1687,3130,550,34,142,1100,16.176470588235293,10677.42,0,0,1,0,1,0,0
759,2407,367,266,125,1870,1.3796992481203008,1107.74,1,0,0,0,0,1,0
259,3176,492,232,90,553,2.1206896551724137,464.87,1,0,0,0,0,0,1
4053,2444,878,462,311,874,1.9004329004329004,6818.96,0,0,0,1,0,1,0
1111,719,887,433,371,1389,2.048498845265589,1805.46,0,0,0,1,0,0,1
152,3002,949,333,216,1304,2.84984984984985,295.42,1,0,0,0,1,0,0
2407,2507,886,78,441,280,11.35897435897436,11314.35,0,0,0,1,1,0,0
1328,4552,438,206,635,771,2.1262135922330097,2211.77,0,0,0,1,1,0,0
1135,3104,806,281,186,1467,2.868327402135231,2302.09,0,1,0,0,1,0,0
3802,4014,506,191,153,954,2.649214659685864,7338.27,0,0,1,0,0,0,1
4145,2586,481,456,626,329,1.0548245614035088,5501.11,0,0,1,0,0,1,0
4549,3502,580,27,96,1560,21.48148148148148,36957.3,0,1,0,0,1,0,0
1364,3696,664,116,710,508,5.724137931034483,3856.19,1,0,0,0,1,0,0
1984,1777,847,26,336,450,32.57692307692308,22340.88,0,0,0,1,1,0,0
1909,4139,873,134,515,1399,6.514925373134329,6081.78,0,0,1,0,0,0,1
3267,1404,309,492,149,1320,0.6280487804878049,4132.59,0,1,0,0,0,0,1
3897,4193,747,91,623,1500,8.208791208791208,14084.29,0,0,1,0,0,0,1
2441,2063,685,13,532,839,52.69230769230769,42092.75,1,0,0,0,0,1,0
3514,3407,93,124,715,393,0.75,4527.16,0,1,0,0,0,1,0
917,1461,386,360,402,109,1.0722222222222222,1282.16,1,0,0,0,1,0,0
2537,4394,322,360,694,359,0.8944444444444445,3420.78,1,0,0,0,0,0,1
988,1887,638,146,331,956,4.36986301369863,2421.38,0,1,0,0,0,1,0
767,1173,329,296,227,935,1.1114864864864864,1085.89,0,0,1,0,0,1,0
4828,1265,213,398,358,1313,0.535175879396985,5869.71,0,0,0,1,0,0,1
2724,3699,364,237,588,1442,1.5358649789029535,4202.69,0,0,0,1,0,1,0
4332,2817,303,25,316,318,12.12,20662.83,0,1,0,0,0,0,1
4623,3253,513,307,36,341,1.6710097719869708,7050.44,0,0,0,1,0,0,1
918,4226,154,434,509,1341,0.3548387096774194,1077.37,1,0,0,0,0,0,1
2288,3155,548,473,478,349,1.1585623678646935,3097.73,0,0,1,0,1,0,0
1206,759,26,221,428,27,0.11764705882352941,1256.71,0,1,0,0,0,1,0
2324,4742,584,255,450,638,2.2901960784313724,4017.69,1,0,0,0,1,0,0
297,2682,788,295,90,401,2.671186440677966,545.4,1,0,0,0,0,0,1
2771,1229,585,291,541,316,2.0103092783505154,4608.36,0,0,1,0,0,1,0
3592,2374,48,186,176,1706,0.25806451612903225,4013.78,0,0,1,0,0,1,0
2548,4566,139,40,420,1583,3.475,5265.1,0,0,0,1,1,0,0
570,1568,124,59,648,368,2.1016949152542375,952.3,0,0,1,0,1,0,0
2048,2202,459,152,687,343,3.0197368421052633,3905.11,0,1,0,0,0,1,0
3999,3366,959,61,638,693,15.721311475409836,23662.16,0,1,0,0,1,0,0
2110,2571,934,242,171,1389,3.8595041322314048,4915.69,0,0,1,0,1,0,0
3900,1251,54,175,394,1941,0.30857142857142855,4374.44,0,0,1,0,0,0,1
4218,192,225,47,266,904,4.787234042553192,10936.86,1,0,0,0,0,1,0
3896,2666,609,453,504,1097,1.3443708609271523,5521.02,0,1,0,0,0,0,1
4088,1381,857,29,134,1146,29.551724137931036,40379.78,0,0,0,1,0,0,1
334,3000,424,108,26,1889,3.925925925925926,763.63,1,0,0,0,0,1,0
1028,2899,698,224,277,186,3.1160714285714284,2080.79,1,0,0,0,0,1,0
3707,3277,274,53,100,836,5.169811320754717,9637.45,0,0,0,1,0,0,1
622,4611,932,120,442,319,7.766666666666667,2130.62,0,0,0,1,0,1,0
3623,2704,449,496,425,955,0.905241935483871,4621.04,0,0,1,0,0,0,1
4626,3981,626,98,30,594,6.387755102040816,14567.23,0,0,1,0,0,0,1
4988,2513,390,328,645,992,1.1890243902439024,6971.14,1,0,0,0,1,0,0
1729,1644,855,127,496,1566,6.732283464566929,5335.61,0,1,0,0,0,0,1
4728,3630,310,443,651,793,0.6997742663656885,6180.87,0,1,0,0,0,1,0
1416,2746,994,415,191,1657,2.3951807228915665,2443.03,1,0,0,0,0,0,1
2957,4884,180,248,187,353,0.7258064516129032,3703.32,0,1,0,0,0,0,1
1224,2158,629,81,140,355,7.765432098765432,4182.55,0,1,0,0,0,1,0
2687,4614,415,319,320,106,1.3009404388714734,3833.93,0,0,0,1,0,1,0
1123,1245,364,402,369,1848,0.9054726368159204,1429.7,0,0,1,0,1,0,0
1478,1010,170,408,297,418,0.4166666666666667,1818.16,0,0,1,0,0,1,0
3474,3406,804,313,200,1970,2.5686900958466454,6682.63,1,0,0,0,0,0,1
1619,1666,561,413,379,642,1.3583535108958837,2373.21,0,0,0,1,0,1,0
326,2495,35,172,80,205,0.20348837209302326,361.31,0,1,0,0,0,1,0
991,3105,92,260,447,565,0.35384615384615387,1153.66,1,0,0,0,1,0,0
4172,4607,182,366,501,1406,0.4972677595628415,5023.7,1,0,0,0,0,0,1
2357,4348,694,204,259,1321,3.4019607843137254,5133.59,0,1,0,0,1,0,0
2888,191,803,69,613,1303,11.63768115942029,13604.41,0,0,1,0,1,0,0
496,4092,79,107,544,189,0.7383177570093458,617.3,0,1,0,0,0,0,1
2178,430,844,427,121,1751,1.9765807962529274,3510.08,1,0,0,0,0,1,0
4844,1054,15,365,55,543,0.0410958904109589,5354.02,0,0,1,0,0,0,1
4524,3880,805,364,493,1474,2.2115384615384617,7561.91,1,0,0,0,1,0,0
3337,2701,204,82,18,258,2.4878048780487805,6350.6,0,0,0,1,1,0,0
3993,3077,534,231,309,453,2.311688311688312,7229.09,0,0,1,0,0,0,1
2105,4389,72,128,633,1596,0.5625,2559.78,1,0,0,0,1,0,0
2116,629,22,191,110,78,0.11518324607329843,2230.09,1,0,0,0,0,1,0
3271,2992,770,393,331,1047,1.9592875318066159,5354.9,0,0,0,1,0,1,0
2768,1366,214,227,573,503,0.9427312775330396,3738.99,0,1,0,0,0,0,1
1978,1573,906,265,264,185,3.418867924528302,4269.94,0,0,1,0,0,0,1
1296,4834,774,405,268,547,1.9111111111111112,2180.03,1,0,0,0,0,1,0
1872,1697,49,97,435,1537,0.5051546391752577,2252.12,1,0,0,0,0,0,1
261,2625,174,370,450,1641,0.4702702702702703,308.96,1,0,0,0,0,1,0
4076,4893,40,284,297,1712,0.14084507042253522,4574.62,1,0,0,0,0,1,0
1851,3861,538,345,639,49,1.5594202898550724,2968.38,0,1,0,0,0,1,0
875,2842,658,35,137,168,18.8,6341.3,0,1,0,0,0,1,0
1039,4735,886,416,590,1854,2.1298076923076925,1796.79,0,1,0,0,0,0,1
3320,4525,841,130,719,1807,6.469230769230769,9840.5,0,0,1,0,0,1,0
639,569,834,298,397,1694,2.7986577181208054,1184.12,0,1,0,0,0,1,0
1561,3930,918,371,184,21,2.4743935309973044,2829.3,0,0,1,0,1,0,0
455,633,686,450,412,392,1.5244444444444445,711.68,0,1,0,0,1,0,0
3704,4662,407,39,601,903,10.435897435897436,16061.32,1,0,0,0,1,0,0
3423,4155,468,416,320,1129,1.125,4865.49,0,0,0,1,1,0,0
334,3779,802,211,576,1314,3.800947867298578,775.14,0,0,1,0,0,0,1
1648,4187,232,391,326,1657,0.5933503836317136,1949.18,0,0,0,1,1,0,0
2196,861,643,45,567,1728,14.28888888888889,12682.03,0,0,0,1,1,0,0
4313,990,87,134,417,1450,0.6492537313432836,5323.58,1,0,0,0,1,0,0
2201,2455,834,232,700,229,3.5948275862068964,4596.07,1,0,0,0,0,0,1
1773,2055,848,244,703,1205,3.4754098360655736,3924.13,0,0,1,0,0,1,0
2200,3071,609,133,607,352,4.578947368421052,5709.93,0,0,1,0,1,0,0
3757,1772,634,479,90,225,1.3235908141962422,5652.26,0,0,1,0,0,1,0
4753,2936,621,180,441,1990,3.45,10450.51,0,1,0,0,1,0,0
3696,3744,947,495,75,234,1.9131313131313132,6324.14,0,1,0,0,0,0,1
3848,2397,947,459,574,266,2.0631808278867103,6555.15,0,0,0,1,0,0,1
3273,4161,824,190,267,858,4.336842105263158,8043.83,0,0,1,0,0,0,1
1915,3266,893,224,633,314,3.986607142857143,4325.77,0,0,0,1,0,1,0
3941,1419,437,127,312,499,3.440944881889764,8209.22,0,1,0,0,0,0,1
2105,283,434,236,483,877,1.8389830508474576,3465.22,0,0,0,1,0,1,0
4593,1383,396,388,28,1242,1.0206185567010309,6440.02,0,0,0,1,0,0,1
774,2946,248,453,342,211,0.5474613686534217,936.91,0,0,1,0,1,0,0
486,2333,867,46,426,99,18.847826086956523,3363.47,0,0,1,0,1,0,0
2258,4188,632,326,535,1645,1.9386503067484662,3912.02,0,0,0,1,1,0,0
2761,1532,99,105,410,1412,0.9428571428571428,3725.61,0,1,0,0,1,0,0
2164,3240,394,129,611,345,3.054263565891473,4555.82,0,0,0,1,0,1,0
3951,1896,984,446,285,1277,2.2062780269058297,7132.65,0,1,0,0,0,0,1
3353,4822,148,21,622,904,7.0476190476190474,11110.14,0,0,0,1,0,1,0
4736,2155,656,131,715,524,5.00763358778626,11861.67,0,0,0,1,0,1,0
4366,3436,533,44,106,118,12.113636363636363,20831.17,0,0,1,0,1,0,0
839,882,253,498,504,600,0.5080321285140562,1007.25,0,0,0,1,0,0,1
1501,1607,514,260,46,856,1.976923076923077,2547.31,0,1,0,0,0,1,0
3359,4970,431,76,447,209,5.671052631578948,9432.61,0,0,0,1,0,1,0
2377,3954,191,491,144,1433,0.3890020366598778,2874.13,0,0,0,1,0,1,0
4004,776,204,47,537,481,4.340425531914893,9828.77,0,1,0,0,0,1,0
4023,1930,883,289,62,923,3.055363321799308,7978.2,0,0,0,1,0,0,1
4314,4190,643,239,82,1666,2.690376569037657,8407.42,0,0,0,1,1,0,0
3327,4406,62,346,336,329,0.1791907514450867,3612.11,0,0,0,1,1,0,0
2931,1460,995,177,211,1207,5.621468926553672,7923.4,0,0,0,1,0,1,0
3858,4685,999,458,400,1978,2.1812227074235806,6492.68,0,1,0,0,0,0,1
2612,2786,937,450,709,417,2.082222222222222,4244.79,1,0,0,0,0,0,1
2251,290,877,337,347,1107,2.602373887240356,4342.02,0,1,0,0,0,1,0
3775,942,694,255,198,254,2.7215686274509805,7287.2,0,1,0,0,0,0,1
2845,434,188,88,377,945,2.1363636363636362,4934.75,1,0,0,0,0,1,0
3966,1210,302,123,162,5,2.4552845528455283,7343.27,0,1,0,0,1,0,0
3864,678,384,310,208,303,1.238709677419355,5646.31,0,0,0,1,1,0,0
2322,161,68,226,427,980,0.3008849557522124,2674.76,0,1,0,0,1,0,0
2892,486,63,209,44,1560,0.3014354066985646,3419.18,0,0,0,1,0,1,0
1797,1269,923,390,491,1657,2.3666666666666667,3208.37,0,0,1,0,0,1,0
3562,2300,778,361,279,607,2.155124653739612,6336.98,0,0,0,1,1,0,0
4163,4814,254,251,146,1452,1.0119521912350598,5853.72,0,0,0,1,0,1,0
1624,1783,158,22,69,964,7.181818181818182,5225.19,0,1,0,0,0,0,1
4860,586,805,375,652,736,2.1466666666666665,8352.39,0,1,0,0,1,0,0
132,3832,377,216,522,1775,1.7453703703703705,217.91,0,1,0,0,0,0,1
4125,640,25,271,111,1251,0.09225092250922509,4591.37,0,0,1,0,0,0,1
2666,2160,185,106,549,1678,1.7452830188679245,4071.63,1,0,0,0,0,1,0
2903,4346,549,80,593,1956,6.8625,9077.61,0,0,0,1,0,1,0
3996,1338,415,490,608,1587,0.8469387755102041,5223.73,1,0,0,0,1,0,0
3809,1090,476,312,55,390,1.5256410256410255,5578.53,1,0,0,0,0,1,0
819,4567,889,358,644,1681,2.483240223463687,1466.38,0,0,1,0,0,1,0
4679,2399,138,239,223,850,0.5774058577405857,5631.3,0,0,0,1,0,0,1
1072,4007,232,366,575,1864,0.6338797814207651,1303.23,0,0,0,1,0,1,0
3818,4388,893,309,524,819,2.8899676375404533,7410.91,0,0,1,0,1,0,0
4502,1180,253,41,146,1588,6.170731707317073,13879.79,0,0,1,0,0,1,0
4652,297,435,259,264,12,1.6795366795366795,7166.74,0,0,0,1,1,0,0
2307,2294,363,263,544,337,1.3802281368821292,3452.14,0,0,1,0,0,0,1
4526,1698,759,268,468,607,2.832089552238806,8838.18,0,1,0,0,0,0,1
4420,1700,753,191,561,1907,3.9424083769633507,10436.74,0,0,0,1,0,0,1
3130,3792,335,349,187,129,0.9598853868194842,4190.17,1,0,0,0,1,0,0
3675,3965,613,471,343,11,1.3014861995753715,5224.13,0,1,0,0,0,0,1
3216,783,12,485,99,490,0.024742268041237112,3528.71,1,0,0,0,0,0,1
3385,3183,488,175,679,272,2.7885714285714287,6734.62,0,0,1,0,0,1,0
743,4089,985,13,306,1381,75.76923076923077,18727.79,1,0,0,0,1,0,0
4811,432,90,472,199,881,0.1906779661016949,5133.63,0,1,0,0,0,0,1
294,1871,53,154,154,1116,0.34415584415584416,324.88,0,0,1,0,0,1,0
4096,4300,164,174,96,9,0.9425287356321839,5350.13,0,1,0,0,0,1,0
588,2821,956,353,575,887,2.7082152974504248,1086.69,0,0,1,0,0,0,1
2304,906,545,495,706,1147,1.101010101010101,3106.78,0,0,0,1,1,0,0
2757,1164,925,371,359,776,2.4932614555256065,4945.53,1,0,0,0,0,0,1
3376,988,937,114,399,281,8.219298245614034,12095.85,1,0,0,0,0,1,0
1202,3023,108,45,376,458,2.4,2223.42,0,0,0,1,1,0,0
1341,420,406,323,602,936,1.256965944272446,1977.7,0,0,0,1,0,1,0
615,4057,889,178,328,451,4.99438202247191,1552.5,1,0,0,0,0,0,1
492,2482,180,17,272,1655,10.588235294117647,2255.6,0,0,0,1,1,0,0
730,3331,157,460,597,1431,0.34130434782608693,865.27,0,0,1,0,0,0,1
3816,2411,132,423,295,1726,0.3120567375886525,4241.45,1,0,0,0,0,0,1
1947,3701,121,95,395,791,1.2736842105263158,2724.46,0,1,0,0,0,0,1
2755,1600,139,445,472,812,0.31235955056179776,3039.54,0,0,0,1,0,1,0
1079,1668,77,106,548,56,0.7264150943396226,1410.31,0,0,1,0,1,0,0
4629,3381,868,418,18,708,2.076555023923445,7690.23,1,0,0,0,1,0,0
3502,1619,837,445,77,379,1.8808988764044945,5518.04,1,0,0,0,0,1,0
3971,2018,738,324,49,1526,2.2777777777777777,6966.49,0,0,1,0,1,0,0
377,4189,909,39,498,1010,23.307692307692307,3226.64,0,0,0,1,1,0,0
332,1965,901,110,426,23,8.190909090909091,1182.77,1,0,0,0,0,0,1
1652,1505,617,76,556,1801,8.118421052631579,5949.41,0,0,0,1,0,0,1
3370,2823,666,397,621,1269,1.6775818639798488,5163.65,0,0,1,0,0,1,0
2509,104,906,358,129,772,2.53072625698324,4603.3,0,1,0,0,1,0,0
3612,1268,554,450,519,1442,1.231111111111111,5123.57,0,0,1,0,0,1,0
125,2498,295,72,304,231,4.097222222222222,290.74,0,0,0,1,0,1,0
560,2730,14,41,112,210,0.34146341463414637,646.12,1,0,0,0,0,1,0
3864,447,127,96,363,1186,1.3229166666666667,5447.34,0,0,0,1,0,1,0
3531,4320,661,220,66,1401,3.0045454545454544,6776.4,0,0,0,1,0,0,1
3583,1913,239,472,31,866,0.5063559322033898,4234.84,0,1,0,0,0,1,0
2094,3442,169,60,295,1194,2.816666666666667,3908.15,1,0,0,0,1,0,0
590,2674,303,72,319,899,4.208333333333333,1368.62,0,1,0,0,0,0,1
1172,3925,770,89,14,1363,8.651685393258427,4224.28,0,1,0,0,0,0,1
3273,4693,794,352,570,1826,2.2556818181818183,5680.33,0,0,1,0,0,1,0
315,152,195,241,242,1498,0.8091286307053942,399.82,0,0,1,0,0,0,1
1823,248,886,375,353,1251,2.3626666666666667,3393.06,1,0,0,0,0,0,1
1692,602,561,110,248,873,5.1,4648.12,0,1,0,0,0,0,1
2706,969,233,138,610,363,1.6884057971014492,4199.12,0,1,0,0,0,0,1
258,3621,161,28,468,1503,5.75,736.48,0,0,0,1,0,0,1
4881,4414,149,366,388,1579,0.40710382513661203,6000.62,0,0,0,1,0,0,1
3413,3971,376,428,674,475,0.8785046728971962,4538.52,0,0,1,0,1,0,0
2941,1400,137,456,442,195,0.30043859649122806,3478.09,0,1,0,0,0,0,1
1876,2599,360,103,342,933,3.495145631067961,4160.65,1,0,0,0,0,0,1
2152,4133,156,90,516,1036,1.7333333333333334,3578.94,0,1,0,0,0,1,0
2395,3389,294,112,45,1519,2.625,4411.93,0,0,1,0,0,0,1
1796,4933,478,378,419,784,1.2645502645502646,2488.1,1,0,0,0,0,0,1
3093,3953,227,163,203,1086,1.392638036809816,4430.81,0,1,0,0,0,1,0
2569,2551,445,278,715,529,1.6007194244604317,4019.92,0,0,0,1,1,0,0
2046,4485,741,127,539,271,5.834645669291339,5925.71,0,1,0,0,1,0,0
3909,438,154,351,386,538,0.43874643874643876,4555.54,0,0,1,0,0,0,1
2883,2924,850,288,630,1581,2.951388888888889,5570.85,0,0,1,0,1,0,0
3744,1793,286,372,360,1922,0.7688172043010753,4934.39,0,1,0,0,1,0,0
2600,1086,763,234,468,657,3.2606837606837606,5318.47,0,0,1,0,1,0,0
3745,3590,69,484,205,65,0.14256198347107438,4141.02,0,0,0,1,1,0,0
2745,2833,619,428,247,862,1.4462616822429906,4216.36,0,0,0,1,0,0,1
2449,3867,852,277,49,1504,3.0758122743682312,4911.5,0,0,0,1,0,0,1
2032,4176,384,146,366,1822,2.6301369863013697,3705.64,0,1,0,0,0,1,0
3394,2106,413,235,253,490,1.7574468085106383,5629.61,0,0,1,0,0,0,1
1857,3207,890,343,78,1092,2.5947521865889214,3333.43,0,0,0,1,0,0,1
1216,4568,702,238,632,362,2.9495798319327733,2482.12,1,0,0,0,1,0,0
2667,3430,123,332,417,1836,0.3704819277108434,3211.37,0,0,1,0,1,0,0
3599,3141,504,117,35,1632,4.3076923076923075,8721.09,0,0,1,0,0,0,1
592,630,624,309,438,572,2.0194174757281553,1010.49,1,0,0,0,0,0,1
3406,1023,345,454,312,995,0.7599118942731278,4332.22,0,0,1,0,1,0,0
719,4218,840,414,143,769,2.028985507246377,1253.99,0,0,0,1,0,0,1
3332,340,578,16,197,1043,36.125,40482.66,0,0,1,0,0,0,1
3923,1996,294,137,260,545,2.145985401459854,6809.59,0,0,0,1,1,0,0
2480,3424,138,362,366,979,0.3812154696132597,2764.12,0,0,0,1,1,0,0
1646,913,901,492,596,932,1.83130081300813,2789.98,0,0,0,1,0,1,0
3663,4850,987,276,192,91,3.5760869565217392,8312.78,0,1,0,0,0,0,1
1705,882,324,182,487,973,1.7802197802197801,2801.4,0,0,1,0,1,0,0
3852,4155,969,425,534,238,2.28,6761.31,1,0,0,0,1,0,0
4775,107,607,223,24,462,2.7219730941704037,8829.16,0,1,0,0,0,0,1
1990,3873,721,256,75,1048,2.81640625,3852.2,0,1,0,0,0,0,1
1375,4770,80,115,646,1251,0.6956521739130435,1793.49,0,1,0,0,1,0,0
2843,3239,354,92,394,851,3.847826086956522,6495.53,0,1,0,0,0,0,1
2593,3889,999,301,679,1405,3.318936877076412,5447.77,0,0,0,1,0,1,0
456,4151,107,383,458,921,0.2793733681462141,536.2,0,0,0,1,1,0,0
969,617,309,430,110,907,0.7186046511627907,1214.78,1,0,0,0,1,0,0
985,3290,185,212,90,777,0.8726415094339622,1349.75,0,0,1,0,0,0,1
2101,3202,754,50,37,1030,15.08,12115.95,1,0,0,0,1,0,0
1383,4678,893,214,563,570,4.172897196261682,3115.09,0,0,1,0,0,0,1
719,2816,84,357,572,612,0.23529411764705882,826.09,0,0,0,1,0,1,0
982,678,152,58,584,634,2.6206896551724137,1908.03,0,0,1,0,0,1,0
896,4582,940,152,640,1381,6.184210526315789,2682.23,0,0,1,0,0,1,0
3742,4607,32,150,307,1181,0.21333333333333335,4162.55,0,1,0,0,1,0,0
3525,1965,190,62,62,1225,3.064516129032258,7310.67,1,0,0,0,0,1,0
1396,1476,54,116,305,1249,0.46551724137931033,1731.72,0,1,0,0,0,0,1
4814,3038,478,42,179,983,11.380952380952381,23321.05,0,1,0,0,0,0,1
344,1005,101,209,540,463,0.48325358851674644,407.49,0,1,0,0,0,1,0
2995,1064,278,128,665,1803,2.171875,5240.59,0,1,0,0,0,1,0
1029,2076,43,297,444,663,0.1447811447811448,1162.05,0,0,0,1,0,0,1
619,4859,687,238,519,1946,2.8865546218487395,1216.46,1,0,0,0,0,1,0
3312,1987,591,127,577,1281,4.653543307086614,8302.28,0,1,0,0,0,1,0
2509,2547,373,185,635,990,2.016216216216216,4256.9,1,0,0,0,0,1,0
107,1091,717,461,36,1617,1.5553145336225596,162.53,0,1,0,0,0,0,1
2625,3656,142,194,478,431,0.7319587628865979,3262.91,0,0,0,1,0,0,1
3523,4059,768,327,73,878,2.3486238532110093,6045.27,0,1,0,0,0,1,0
2119,3704,391,347,30,425,1.1268011527377522,3008.26,0,0,1,0,0,0,1
4690,1183,689,224,303,1431,3.075892857142857,9359.68,0,0,0,1,0,1,0
4382,534,975,230,347,1636,4.239130434782608,10833.72,1,0,0,0,0,1,0
3767,120,286,139,511,105,2.0575539568345325,6228.07,0,0,1,0,0,1,0
3771,3022,165,342,517,252,0.4824561403508772,4450.93,0,0,1,0,1,0,0
2901,2025,396,281,65,645,1.4092526690391458,4528.05,0,0,0,1,1,0,0
185,1572,544,255,627,1123,2.1333333333333333,320.28,1,0,0,0,0,1,0
3215,1199,209,132,453,178,1.5833333333333333,4906.56,0,0,0,1,1,0,0
4332,2737,284,17,529,1289,16.705882352941178,28284.99,0,1,0,0,0,1,0
2568,489,510,412,369,1156,1.2378640776699028,3783.44,0,0,0,1,1,0,0
3719,3513,468,425,37,1223,1.1011764705882352,5231.15,0,0,0,1,0,1,0
1736,2715,59,76,381,1729,0.7763157894736842,2330.6,0,1,0,0,1,0,0
3683,1454,979,124,219,720,7.895161290322581,12522.94,0,1,0,0,0,0,1
4109,4621,707,378,649,1081,1.8703703703703705,6667.66,1,0,0,0,0,0,1
3426,105,997,297,246,892,3.356902356902357,7433.58,0,0,0,1,1,0,0
2318,290,541,114,550,409,4.745614035087719,5834.93,0,1,0,0,0,1,0
2317,247,637,478,251,954,1.3326359832635983,3543.89,1,0,0,0,1,0,0
2469,4600,101,34,565,262,2.9705882352941178,4740.53,1,0,0,0,1,0,0
3738,4453,870,62,346,742,14.03225806451613,20129.33,0,1,0,0,0,0,1
2603,3650,465,256,715,654,1.81640625,4192.64,0,1,0,0,0,0,1
1043,4205,348,346,472,575,1.0057803468208093,1450.98,1,0,0,0,0,0,1
2937,1210,62,290,561,118,0.21379310344827587,3186.43,0,0,1,0,1,0,0
2760,3933,505,42,122,1509,12.023809523809524,12728.26,0,1,0,0,0,0,1
3036,724,644,296,326,971,2.175675675675676,5507.58,0,0,1,0,0,0,1
4544,4225,862,45,528,1345,19.155555555555555,33412.16,1,0,0,0,0,0,1
4047,2275,859,352,121,308,2.440340909090909,7220.27,0,0,0,1,0,1,0
1776,3249,786,388,139,490,2.0257731958762886,2993.38,0,0,1,0,0,1,0
1296,1178,13,248,87,1345,0.05241935483870968,1380.74,0,0,1,0,1,0,0
4205,3651,690,226,130,757,3.0530973451327434,8756.77,0,0,1,0,0,0,1
2887,2452,290,186,252,1917,1.5591397849462365,4490.37,0,0,1,0,1,0,0
1561,645,299,53,360,1380,5.6415094339622645,4550.26,0,0,1,0,1,0,0
3418,1295,82,313,430,648,0.26198083067092653,4022.85,0,0,1,0,0,0,1
766,2169,146,167,47,608,0.874251497005988,1021.63,0,0,0,1,1,0,0
2276,3458,859,278,591,737,3.0899280575539567,4511.01,0,0,0,1,0,0,1
3843,2538,777,180,501,1544,4.316666666666666,9259.53,0,0,0,1,0,0,1
700,716,980,230,425,1550,4.260869565217392,1730.48,0,0,1,0,0,1,0
2752,4344,662,409,375,24,1.6185819070904646,4326.9,1,0,0,0,1,0,0
4522,3443,402,239,111,1216,1.6820083682008369,7413.24,0,1,0,0,1,0,0
3924,1911,217,100,227,753,2.17,7058.63,0,0,1,0,0,0,1
4006,271,269,419,39,1001,0.6420047732696897,4955.94,0,0,0,1,0,1,0
1079,4242,939,468,135,349,2.0064102564102564,1805.93,1,0,0,0,0,1,0
2551,725,272,440,295,25,0.6181818181818182,3229.1,1,0,0,0,1,0,0
728,4163,792,430,610,1414,1.841860465116279,1142.82,0,0,1,0,0,1,0
1729,2354,514,140,34,1665,3.6714285714285713,3802.52,0,0,0,1,1,0,0
3796,552,559,419,428,1015,1.334128878281623,5394.71,0,1,0,0,1,0,0
3530,1518,212,235,68,599,0.902127659574468,4865.69,0,1,0,0,0,1,0
3774,853,745,234,703,1769,3.1837606837606836,8074.3,0,0,0,1,0,0,1
4029,3472,356,152,199,801,2.3421052631578947,6957.0,0,0,0,1,1,0,0
2865,2823,999,75,560,910,13.32,15268.74,1,0,0,0,1,0,0
4469,3110,61,37,259,959,1.6486486486486487,7104.51,0,0,1,0,1,0,0
4880,3011,602,134,674,1592,4.492537313432836,12327.9,0,0,1,0,1,0,0
215,1325,365,221,625,1214,1.6515837104072397,343.9,0,0,1,0,0,1,0
2103,267,732,431,137,1052,1.6983758700696057,3243.43,0,1,0,0,0,1,0
792,3785,528,437,381,541,1.208237986270023,1110.5,0,1,0,0,0,1,0
3262,185,372,446,524,491,0.8340807174887892,4145.62,0,1,0,0,0,1,0
1205,1777,54,89,238,488,0.6067415730337079,1555.54,0,0,1,0,1,0,0
3108,2082,836,247,284,791,3.3846153846153846,6590.68,0,0,0,1,0,0,1
2261,1586,387,141,688,172,2.74468085106383,4525.16,0,0,0,1,0,0,1
253,541,798,337,458,38,2.3679525222551927,452.17,0,0,1,0,0,1,0
3799,370,421,309,587,1969,1.3624595469255663,5647.6,0,0,1,0,1,0,0
4510,443,780,128,135,299,6.09375,13761.58,0,0,0,1,0,1,0
3886,1306,151,55,82,1290,2.7454545454545456,7651.62,0,0,0,1,0,0,1
1164,3181,267,93,595,1051,2.870967741935484,2216.62,0,1,0,0,0,1,0
4300,1357,806,291,654,648,2.7697594501718212,8099.95,1,0,0,0,1,0,0
2013,2391,923,361,209,748,2.556786703601108,3591.83,1,0,0,0,1,0,0
1316,1632,46,22,403,1781,2.090909090909091,2313.98,0,0,1,0,1,0,0
2501,3522,950,134,188,1476,7.08955223880597,8441.11,1,0,0,0,0,1,0
1872,4462,54,334,493,1493,0.16167664670658682,1978.75,1,0,0,0,0,0,1
2060,1753,929,181,255,1109,5.132596685082873,5366.63,1,0,0,0,1,0,0
2880,338,641,243,323,926,2.6378600823045266,5391.2,0,1,0,0,0,0,1
4904,1014,55,190,674,13,0.2894736842105263,5618.64,0,1,0,0,0,0,1
4846,1538,661,60,425,1594,11.016666666666667,21952.16,0,0,0,1,0,1,0
2971,3116,574,278,415,259,2.064748201438849,5284.3,0,0,1,0,0,1,0
760,1560,310,178,167,980,1.7415730337078652,1245.49,1,0,0,0,0,0,1
2735,3179,297,404,590,1124,0.7351485148514851,3375.97,0,0,0,1,1,0,0
2429,2358,795,430,485,616,1.8488372093023255,3887.08,0,1,0,0,1,0,0
4054,466,278,325,436,1285,0.8553846153846154,5270.29,1,0,0,0,0,1,0
2550,3091,909,297,687,278,3.0606060606060606,5045.51,0,0,1,0,1,0,0
1232,3841,800,438,532,954,1.82648401826484,2056.95,1,0,0,0,0,0,1
799,185,71,499,608,1090,0.14228456913827656,863.14,0,1,0,0,1,0,0
2138,2593,575,283,481,1625,2.0318021201413425,3610.65,1,0,0,0,0,1,0
4747,4815,979,358,180,808,2.7346368715083798,9102.38,1,0,0,0,0,0,1
4600,231,960,216,607,1624,4.444444444444445,11023.59,1,0,0,0,0,0,1
4657,1003,590,157,71,1402,3.7579617834394905,10226.95,1,0,0,0,1,0,0
2279,3556,251,309,702,1541,0.8122977346278317,3055.45,0,1,0,0,1,0,0
2938,1321,945,429,441,656,2.202797202797203,5302.45,0,0,0,1,0,0,1
973,1863,791,462,644,1141,1.7121212121212122,1478.23,1,0,0,0,0,1,0
183,2904,773,497,139,783,1.5553319919517103,284.63,0,0,1,0,0,1,0
1522,1326,363,46,102,499,7.891304347826087,5449.82,1,0,0,0,1,0,0
2775,1384,805,170,468,205,4.735294117647059,7212.39,0,0,1,0,0,1,0
3280,789,977,475,283,587,2.056842105263158,5671.94,0,0,1,0,0,0,1
4416,4882,985,392,29,1104,2.5127551020408165,8424.45,1,0,0,0,0,1,0
4075,4981,872,284,18,1042,3.0704225352112675,7890.02,1,0,0,0,0,0,1
1491,4535,80,444,687,1753,0.18018018018018017,1632.63,0,0,1,0,1,0,0
3318,4607,844,297,508,1967,2.8417508417508417,6627.4,0,1,0,0,0,1,0
4307,2096,422,115,601,614,3.6695652173913045,9814.47,0,0,0,1,0,0,1
714,4481,621,31,20,1000,20.032258064516128,5137.42,0,0,1,0,1,0,0
3071,1209,70,242,326,644,0.2892561983471074,3532.83,0,1,0,0,0,0,1
3665,529,624,131,356,821,4.763358778625954,9063.24,0,0,0,1,0,1,0
3676,4226,461,138,433,58,3.3405797101449277,7986.25,0,0,0,1,0,0,1
4670,3881,402,319,399,1136,1.2601880877742946,6905.59,0,0,0,1,1,0,0
370,702,640,226,18,597,2.831858407079646,699.53,1,0,0,0,1,0,0
4166,539,538,157,550,1867,3.426751592356688,8975.76,1,0,0,0,0,1,0
2568,1084,314,67,376,1850,4.686567164179104,6493.22,0,0,1,0,1,0,0
1490,2018,200,428,601,1652,0.4672897196261682,1742.85,1,0,0,0,0,1,0
3454,4607,733,246,340,315,2.9796747967479673,7125.78,0,1,0,0,1,0,0
4235,627,87,79,150,162,1.1012658227848102,5717.45,0,0,0,1,0,1,0
3707,4505,567,463,716,1822,1.224622030237581,5305.85,0,0,0,1,1,0,0
2683,3096,614,198,233,1974,3.101010101010101,5480.83,0,0,0,1,0,1,0
4173,3567,898,251,104,324,3.5776892430278884,9364.43,1,0,0,0,0,0,1
3175,1461,534,72,623,718,7.416666666666667,10393.15,1,0,0,0,0,0,1
4006,803,749,494,221,1355,1.5161943319838056,6183.2,1,0,0,0,0,1,0
389,762,310,250,26,580,1.24,534.06,0,1,0,0,1,0,0
2580,464,958,454,64,1946,2.1101321585903086,4559.82,1,0,0,0,1,0,0
3352,1022,26,194,254,899,0.13402061855670103,3568.62,1,0,0,0,0,1,0
378,3956,824,268,249,760,3.074626865671642,779.05,1,0,0,0,1,0,0
3024,275,583,238,131,502,2.4495798319327733,5562.02,0,1,0,0,0,1,0
680,1035,443,232,30,57,1.9094827586206897,1074.9,1,0,0,0,0,0,1
353,481,52,108,10,1189,0.48148148148148145,411.39,0,0,1,0,0,1,0
4376,405,77,256,89,1190,0.30078125,4898.6,1,0,0,0,1,0,0
4876,4797,389,54,430,297,7.203703703703703,16780.34,0,0,1,0,1,0,0
924,2490,221,408,147,1028,0.5416666666666666,1125.8,0,1,0,0,0,1,0
3932,2303,212,282,127,410,0.75177304964539,5258.99,0,0,1,0,0,1,0
799,4907,735,408,698,807,1.8014705882352942,1236.65,0,1,0,0,0,1,0
1480,1565,118,14,124,1901,8.428571428571429,5225.71,1,0,0,0,0,1,0
3996,3371,977,479,619,1130,2.0396659707724427,7051.93,1,0,0,0,0,0,1
1773,502,293,439,341,620,0.6674259681093394,2282.05,0,0,1,0,1,0,0
2827,4809,950,20,518,1706,47.5,46488.77,1,0,0,0,1,0,0
3256,2770,946,457,51,779,2.0700218818380742,5761.36,0,0,1,0,0,1,0
3488,1901,615,357,398,779,1.7226890756302522,5811.5,0,1,0,0,0,1,0
4407,2750,234,407,314,566,0.5749385749385749,5217.62,1,0,0,0,0,1,0
483,276,746,48,648,998,15.541666666666666,2778.28,1,0,0,0,0,0,1
441,4644,760,460,514,166,1.6521739130434783,672.02,1,0,0,0,0,0,1
2087,842,127,448,502,1278,0.28348214285714285,2449.82,0,0,0,1,0,1,0
4159,2448,941,51,530,788,18.45098039215686,28146.68,0,0,0,1,1,0,0
3209,4502,612,212,697,666,2.8867924528301887,6343.37,0,0,1,0,0,0,1
4182,850,349,103,419,128,3.3883495145631066,9154.23,0,0,0,1,1,0,0
4615,968,810,495,194,1510,1.6363636363636365,7350.6,1,0,0,0,0,0,1
2898,4162,290,14,312,76,20.714285714285715,21043.76,0,0,0,1,0,1,0
3340,4067,500,61,299,887,8.19672131147541,12068.01,0,0,1,0,0,1,0
2088,313,28,159,329,1245,0.1761006289308176,2213.15,0,0,0,1,1,0,0
3514,1717,184,214,476,782,0.8598130841121495,4632.08,0,1,0,0,0,1,0
1949,2630,478,309,584,434,1.5469255663430421,2916.07,0,1,0,0,1,0,0
405,3433,627,380,117,635,1.65,605.55,0,0,0,1,0,1,0
3713,1697,810,478,264,1561,1.6945606694560669,6055.98,0,1,0,0,0,1,0
2849,611,769,196,517,1463,3.923469387755102,6803.64,0,1,0,0,1,0,0
1235,352,844,494,519,1459,1.708502024291498,2048.1,0,0,0,1,0,1,0
305,4233,151,162,21,1642,0.9320987654320988,401.96,0,1,0,0,0,0,1
4691,728,472,392,477,1642,1.2040816326530612,6914.72,0,0,1,0,0,1,0
3550,3576,938,125,549,615,7.504,12325.19,0,0,1,0,1,0,0
3911,1086,307,158,173,986,1.9430379746835442,6686.08,1,0,0,0,0,1,0
3722,1825,479,229,62,1802,2.091703056768559,6570.21,0,0,1,0,0,0,1
3699,2193,714,201,206,526,3.5522388059701493,8389.94,1,0,0,0,0,1,0
2651,1801,872,242,613,1157,3.603305785123967,5600.41,1,0,0,0,0,1,0
4408,404,824,333,631,441,2.4744744744744747,8271.43,0,0,0,1,0,0,1
409,4178,812,230,179,1558,3.5304347826086957,904.01,0,1,0,0,0,1,0
2808,2380,382,56,644,587,6.821428571428571,8800.51,0,0,0,1,0,1,0
2091,4440,477,136,342,1821,3.5073529411764706,4459.63,1,0,0,0,1,0,0
371,2907,937,300,440,391,3.1233333333333335,731.33,0,0,0,1,1,0,0
3742,2986,960,224,75,244,4.285714285714286,9334.28,0,1,0,0,1,0,0
4186,3554,447,16,290,768,27.9375,42723.06,0,1,0,0,1,0,0
1922,1124,853,193,557,1170,4.419689119170984,4744.89,0,1,0,0,0,0,1
3373,4412,956,125,144,415,7.648,11680.54,1,0,0,0,1,0,0
4638,3075,729,61,649,427,11.950819672131148,21761.64,0,0,0,1,1,0,0
4449,606,452,375,208,1236,1.2053333333333334,6536.08,0,0,0,1,0,1,0
620,4956,465,55,272,249,8.454545454545455,2194.34,1,0,0,0,0,0,1
1076,3051,257,402,607,1059,0.6393034825870647,1341.71,1,0,0,0,0,0,1
3822,1153,151,451,415,839,0.3348115299334812,4567.83,0,0,1,0,1,0,0
3651,2774,411,32,397,253,12.84375,18814.64,0,0,0,1,0,1,0
4205,2667,905,140,384,862,6.464285714285714,13144.69,0,1,0,0,0,0,1
2873,2004,832,136,261,1796,6.117647058823529,8203.4,0,0,0,1,0,0,1
2652,4470,231,454,639,819,0.5088105726872246,3144.45,0,0,1,0,1,0,0
2932,4687,746,274,167,862,2.7226277372262775,5685.78,0,1,0,0,1,0,0
4007,2994,875,318,18,1310,2.751572327044025,7350.96,0,0,1,0,1,0,0
252,1200,193,205,660,1886,0.9414634146341463,333.87,1,0,0,0,0,1,0
3064,3761,373,442,247,1717,0.8438914027149321,3975.61,1,0,0,0,1,0,0
3016,1736,826,482,642,210,1.7136929460580912,4794.29,0,0,0,1,0,0,1
2900,1555,197,463,296,110,0.42548596112311016,3388.68,1,0,0,0,0,0,1
1852,3713,122,57,414,330,2.1403508771929824,3179.28,1,0,0,0,1,0,0
2710,138,190,388,320,142,0.4896907216494845,3278.13,0,0,0,1,0,0,1
3975,3184,208,91,554,676,2.2857142857142856,6786.72,0,0,1,0,0,1,0
1204,4339,911,118,715,87,7.720338983050848,4064.64,0,0,1,0,1,0,0
2636,2831,79,272,693,140,0.29044117647058826,3104.25,0,1,0,0,0,0,1
4299,2515,607,364,181,1356,1.6675824175824177,6746.22,0,1,0,0,0,0,1
3954,858,913,40,296,674,22.825,32131.02,0,0,1,0,1,0,0
3594,4442,494,367,656,26,1.3460490463215258,5264.22,1,0,0,0,0,0,1
2014,3216,408,65,61,646,6.276923076923077,5908.03,0,1,0,0,0,0,1
3172,864,931,489,209,1893,1.903885480572597,5103.27,0,0,1,0,1,0,0
1106,2522,560,364,166,1651,1.5384615384615385,1699.79,1,0,0,0,0,1,0
506,1414,652,198,300,1717,3.292929292929293,1041.97,1,0,0,0,0,0,1
266,4402,962,485,655,911,1.9835051546391753,444.46,0,0,1,0,0,1,0
608,4095,19,14,351,362,1.3571428571428572,868.35,0,0,0,1,0,1,0
1761,4129,12,295,61,1895,0.04067796610169491,1810.38,0,0,1,0,0,1,0
3764,3793,487,287,263,1683,1.6968641114982579,5898.18,1,0,0,0,0,1,0
3589,3285,823,154,124,360,5.3441558441558445,9697.02,0,1,0,0,0,1,0
4958,2966,671,403,238,1967,1.6650124069478909,8091.26,1,0,0,0,0,0,1
780,1417,76,464,542,1239,0.16379310344827586,821.07,1,0,0,0,0,0,1
2624,800,714,205,90,996,3.4829268292682927,5898.5,0,0,1,0,0,1,0
2220,4483,106,435,139,77,0.24367816091954023,2610.16,1,0,0,0,1,0,0
4777,2301,540,36,362,95,15.0,27698.18,0,0,0,1,0,1,0
4457,1693,327,136,413,957,2.4044117647058822,8223.37,0,1,0,0,1,0,0
1463,4087,107,144,719,997,0.7430555555555556,1956.46,0,0,1,0,0,0,1
1431,4245,66,32,93,218,2.0625,2374.62,0,0,0,1,1,0,0
2392,1330,872,340,134,1899,2.5647058823529414,4366.02,0,1,0,0,0,0,1
1638,2712,116,126,204,368,0.9206349206349206,2113.59,0,0,0,1,1,0,0
3508,3237,97,401,622,52,0.24189526184538654,3974.72,1,0,0,0,0,1,0
660,2008,981,17,38,1298,57.705882352941174,12278.47,1,0,0,0,0,0,1
1199,1890,662,110,457,1468,6.0181818181818185,3676.86,0,0,0,1,1,0,0
2003,3028,665,270,534,687,2.462962962962963,3633.31,0,1,0,0,0,1,0
274,1188,921,208,438,825,4.427884615384615,696.65,0,0,0,1,1,0,0
2256,2481,380,95,680,33,4.0,5065.0,0,0,0,1,1,0,0
2330,4227,384,237,647,872,1.620253164556962,3702.87,0,0,0,1,1,0,0
4387,3045,61,395,622,1440,0.15443037974683543,4887.51,0,1,0,0,0,0,1
4260,3669,733,481,224,644,1.523908523908524,6455.66,0,0,0,1,0,0,1
4020,1265,50,188,168,425,0.26595744680851063,4730.69,1,0,0,0,0,1,0
1597,700,825,459,107,787,1.7973856209150327,2565.01,0,0,1,0,1,0,0
3954,2125,100,249,380,1031,0.40160642570281124,4518.3,1,0,0,0,1,0,0
3271,1684,48,21,24,495,2.2857142857142856,6052.68,1,0,0,0,0,0,1
1667,1087,22,312,511,739,0.07051282051282051,1777.42,0,0,0,1,0,0,1
1251,2065,909,243,307,767,3.740740740740741,2710.14,0,0,1,0,1,0,0
468,1539,617,192,358,1818,3.2135416666666665,952.61,0,0,0,1,1,0,0
142,4715,630,291,370,1772,2.1649484536082473,248.6,0,0,1,0,1,0,0
2007,968,113,367,171,1879,0.3079019073569482,2304.64,1,0,0,0,0,0,1
3590,2163,875,385,581,1378,2.272727272727273,6421.19,0,1,0,0,1,0,0
2635,1229,752,438,222,1971,1.7168949771689497,4256.43,0,0,0,1,1,0,0
4273,4478,52,199,443,696,0.2613065326633166,4664.82,1,0,0,0,0,0,1
2973,4556,218,335,153,199,0.6507462686567164,3665.29,0,0,1,0,0,0,1
1924,3829,609,224,376,715,2.71875,3754.8,1,0,0,0,0,0,1
1393,2034,614,267,281,435,2.299625468164794,2507.11,1,0,0,0,0,0,1
4869,1176,695,35,713,1160,19.857142857142858,34173.6,1,0,0,0,1,0,0
4896,1739,485,279,219,1933,1.7383512544802868,7684.05,0,1,0,0,0,0,1
4954,1492,647,91,616,288,7.1098901098901095,16966.2,0,0,0,1,0,0,1
3486,130,118,367,486,1826,0.3215258855585831,4151.73,0,0,0,1,1,0,0
3072,803,568,194,510,1682,2.9278350515463916,6157.27,0,0,0,1,0,1,0
4022,968,223,297,335,719,0.7508417508417509,4963.87,0,1,0,0,1,0,0
1092,332,613,71,410,567,8.633802816901408,4158.43,0,1,0,0,1,0,0
2486,1050,702,380,54,811,1.8473684210526315,3868.48,0,0,1,0,1,0,0
2340,158,418,471,701,408,0.8874734607218684,3158.9,0,0,0,1,1,0,0
1576,2918,562,39,75,917,14.41025641025641,9002.59,0,0,1,0,1,0,0
3507,3700,780,406,349,1938,1.9211822660098523,5803.17,1,0,0,0,1,0,0
489,3249,642,433,684,910,1.4826789838337182,706.78,0,0,1,0,1,0,0
1099,401,86,40,393,1786,2.15,1928.37,0,0,1,0,0,1,0
4720,2950,104,302,554,1973,0.3443708609271523,5634.52,1,0,0,0,1,0,0
1955,3044,278,182,157,1811,1.5274725274725274,3017.89,1,0,0,0,1,0,0
758,2023,370,111,81,717,3.3333333333333335,1623.51,0,0,1,0,1,0,0
2863,416,539,137,208,825,3.934306569343066,6298.56,0,0,1,0,1,0,0
3763,1988,814,95,86,1728,8.56842105263158,14396.99,0,0,0,1,1,0,0
1581,2815,692,324,447,1360,2.1358024691358026,2753.33,0,1,0,0,0,1,0
3831,4885,171,37,177,1026,4.621621621621622,9445.27,1,0,0,0,0,0,1
551,1981,474,131,511,185,3.618320610687023,1227.86,0,0,1,0,0,0,1
2575,3998,832,260,619,674,3.2,5372.83,0,1,0,0,1,0,0
3322,4213,573,70,139,1585,8.185714285714285,12168.06,0,0,1,0,0,1,0
1637,1278,990,412,102,602,2.4029126213592233,2868.61,0,0,0,1,0,1,0
3193,3955,557,180,473,1462,3.0944444444444446,6339.56,0,0,1,0,0,1,0
982,4973,959,452,542,763,2.1216814159292037,1766.37,1,0,0,0,0,0,1
4508,4555,196,281,194,22,0.697508896797153,5687.41,0,0,1,0,0,0,1
4168,431,891,334,486,212,2.6676646706586826,7548.24,0,0,1,0,0,1,0
2666,627,769,309,314,477,2.488673139158576,5075.06,1,0,0,0,0,0,1
3377,2159,61,122,697,466,0.5,3950.71,0,0,0,1,0,0,1
474,1198,497,203,247,989,2.4482758620689653,855.32,1,0,0,0,1,0,0
4646,311,540,403,630,1258,1.3399503722084367,6694.7,0,0,1,0,1,0,0
3797,1814,405,440,438,172,0.9204545454545454,5312.53,0,0,0,1,1,0,0
3162,2788,101,28,73,1627,3.607142857142857,6832.67,1,0,0,0,0,1,0
4790,2430,660,349,69,675,1.8911174785100286,8039.61,0,1,0,0,1,0,0
3350,3366,825,102,152,797,8.088235294117647,12165.54,0,1,0,0,0,1,0
4695,1132,366,226,94,1542,1.6194690265486726,7006.0,0,1,0,0,1,0,0
4659,1432,741,474,435,244,1.5632911392405062,7107.04,1,0,0,0,0,1,0
212,1940,620,188,431,421,3.297872340425532,438.19,0,0,0,1,0,0,1
3297,4786,757,406,457,379,1.8645320197044335,5650.1,1,0,0,0,0,1,0
2478,2238,728,200,430,1497,3.64,5604.88,0,0,1,0,0,0,1
2024,4651,153,409,229,341,0.3740831295843521,2443.99,1,0,0,0,1,0,0
239,4191,208,446,30,954,0.4663677130044843,280.98,0,1,0,0,0,0,1
1524,543,824,172,625,1984,4.790697674418604,3836.53,0,1,0,0,0,0,1
3049,4274,332,109,335,671,3.0458715596330275,6135.92,0,0,1,0,1,0,0
3268,1598,808,196,660,123,4.122448979591836,7770.9,1,0,0,0,0,1,0
616,1026,341,304,569,872,1.1217105263157894,883.25,0,1,0,0,0,1,0
2716,722,273,76,177,434,3.5921052631578947,6106.01,1,0,0,0,0,1,0
987,1579,226,82,568,188,2.7560975609756095,1960.53,0,1,0,0,1,0,0
3204,3137,710,241,409,1038,2.9460580912863072,6050.61,0,0,1,0,0,1,0
149,3485,565,198,237,70,2.8535353535353534,298.57,0,0,0,1,0,0,1
4051,3418,443,59,278,651,7.508474576271187,13980.89,0,0,0,1,1,0,0
3660,333,812,318,77,1435,2.5534591194968552,6807.62,0,1,0,0,0,1,0
118,1717,469,311,636,1894,1.5080385852090032,182.16,0,1,0,0,0,0,1
4921,2791,710,317,540,837,2.2397476340694005,8953.16,1,0,0,0,0,0,1
1573,2130,512,133,654,591,3.8496240601503757,3574.47,0,0,0,1,0,1,0
4161,486,478,166,158,1830,2.8795180722891565,7881.29,1,0,0,0,1,0,0
2706,1734,995,270,167,318,3.685185185185185,5946.49,0,1,0,0,0,0,1
551,4233,960,204,185,437,4.705882352941177,1451.73,0,0,0,1,0,0,1
3865,1284,715,339,389,1616,2.1091445427728615,6824.54,1,0,0,0,0,0,1
2538,2067,791,360,12,1170,2.1972222222222224,4296.47,0,1,0,0,0,0,1
4410,340,375,340,169,1909,1.1029411764705883,6288.34,1,0,0,0,0,1,0
1649,661,781,265,426,1761,2.9471698113207547,3186.57,1,0,0,0,1,0,0
3574,2099,922,474,449,227,1.9451476793248945,5856.84,0,1,0,0,0,0,1
227,2029,248,433,494,1406,0.5727482678983834,278.48,1,0,0,0,0,0,1
4955,2879,633,498,449,180,1.2710843373493976,7146.22,1,0,0,0,0,0,1
2861,1775,590,209,106,536,2.8229665071770333,5299.42,0,0,0,1,1,0,0
4556,2615,929,381,427,1123,2.438320209973753,8499.29,1,0,0,0,0,0,1
4764,1777,570,395,98,1415,1.4430379746835442,7404.17,0,0,1,0,1,0,0
1515,4241,832,77,631,270,10.805194805194805,6767.14,0,1,0,0,1,0,0
301,3846,976,455,226,946,2.145054945054945,503.25,1,0,0,0,1,0,0
2469,3456,672,89,447,1118,7.550561797752809,8261.58,0,1,0,0,1,0,0
617,1751,760,242,664,1816,3.1404958677685952,1213.44,0,0,1,0,0,1,0
1441,4277,858,195,476,1487,4.4,3399.79,0,1,0,0,0,1,0
4876,3941,405,114,203,1805,3.5526315789473686,10955.57,0,0,1,0,0,1,0
2088,2541,404,478,675,659,0.8451882845188284,2743.1,0,0,1,0,0,0,1
3645,4985,636,334,297,285,1.904191616766467,5790.81,0,0,0,1,1,0,0
4620,694,84,451,634,1046,0.18625277161862527,5002.41,0,0,1,0,1,0,0
3902,2712,107,428,16,2,0.25,4592.93,0,0,0,1,0,1,0
3375,4196,392,151,378,103,2.596026490066225,6309.21,1,0,0,0,0,1,0
3754,1596,632,408,336,1997,1.5490196078431373,5782.03,0,0,0,1,1,0,0
2534,3655,878,399,618,1060,2.200501253132832,4427.95,0,0,0,1,0,1,0
4973,4961,379,281,20,1830,1.3487544483985765,7063.17,1,0,0,0,0,0,1
307,4866,294,352,440,274,0.8352272727272727,421.18,0,1,0,0,0,0,1
2733,3458,265,133,244,1075,1.9924812030075187,4403.53,0,1,0,0,0,0,1
4217,1701,839,232,244,1167,3.6163793103448274,9407.56,1,0,0,0,1,0,0
253,1014,318,499,392,896,0.6372745490981964,303.11,0,0,1,0,0,1,0
3466,1944,638,183,262,1507,3.4863387978142075,7405.65,0,0,0,1,0,0,1
4414,2095,185,200,220,1972,0.925,6146.2,0,1,0,0,0,0,1
4864,194,237,149,8,17,1.5906040268456376,7737.14,0,1,0,0,0,0,1
1618,592,356,306,446,1904,1.1633986928104576,2255.76,0,0,1,0,0,0,1
2700,3169,627,128,14,1613,4.8984375,7035.36,0,1,0,0,0,0,1
2295,249,351,284,387,1302,1.2359154929577465,3197.92,0,1,0,0,0,1,0
4598,1146,905,85,642,1659,10.647058823529411,21128.39,0,1,0,0,0,0,1
4791,2903,971,118,22,1462,8.228813559322035,17795.97,1,0,0,0,0,0,1
3654,498,248,128,225,436,1.9375,5994.15,0,1,0,0,0,0,1
2514,4576,621,470,235,1408,1.3212765957446808,3622.12,0,1,0,0,1,0,0
2949,651,697,378,341,858,1.843915343915344,4689.62,1,0,0,0,0,1,0
1842,394,359,267,711,686,1.344569288389513,2788.32,0,1,0,0,0,0,1
1406,1243,964,29,134,1156,33.241379310344826,16097.7,0,0,1,0,0,1,0
3949,555,464,128,178,263,3.625,8515.75,0,0,0,1,0,0,1
4268,1653,450,360,556,394,1.25,6399.73,1,0,0,0,1,0,0
4676,268,770,146,520,1807,5.273972602739726,12255.71,1,0,0,0,1,0,0
4755,4905,597,286,539,1946,2.0874125874125875,7936.71,0,1,0,0,1,0,0
4940,2046,524,264,437,208,1.9848484848484849,8153.27,0,0,0,1,1,0,0
4295,353,90,273,51,808,0.32967032967032966,4842.42,0,0,1,0,0,0,1
2655,2476,370,176,443,1250,2.102272727272727,4582.91,0,0,1,0,0,1,0
2405,1420,297,174,581,1725,1.706896551724138,3855.09,0,0,0,1,0,0,1
4608,2983,17,38,281,465,0.4473684210526316,5255.06,0,0,0,1,1,0,0
1188,3707,96,476,44,358,0.20168067226890757,1278.09,0,0,1,0,1,0,0
2742,2225,295,44,687,1168,6.704545454545454,8421.09,0,1,0,0,0,0,1
1277,3596,408,246,631,354,1.6585365853658536,1925.83,0,0,0,1,0,0,1
4857,2340,83,303,365,1275,0.2739273927392739,5321.72,0,0,0,1,0,1,0
3094,500,448,99,269,376,4.525252525252525,7469.15,0,1,0,0,0,1,0
659,2256,132,212,693,989,0.6226415094339622,809.13,1,0,0,0,0,1,0
3064,2476,386,237,565,1269,1.628691983122363,4922.02,0,0,0,1,0,1,0
1371,462,815,428,293,18,1.9042056074766356,2201.14,0,1,0,0,1,0,0
1913,4038,152,77,703,1739,1.974025974025974,3249.98,0,0,1,0,1,0,0
3015,3951,167,140,194,716,1.1928571428571428,4117.64,1,0,0,0,0,1,0
709,3512,439,374,371,485,1.1737967914438503,1021.77,0,0,0,1,0,1,0
2561,2406,457,120,552,1026,3.808333333333333,5923.0,0,1,0,0,1,0,0
4220,184,419,21,78,950,19.952380952380953,31262.67,1,0,0,0,1,0,0
383,1924,380,297,189,376,1.2794612794612794,540.68,0,1,0,0,1,0,0
3028,3985,118,184,607,914,0.6413043478260869,3729.86,0,0,1,0,0,1,0
4496,407,855,328,390,566,2.606707317073171,8657.03,0,0,0,1,0,1,0
1191,4457,716,163,25,1190,4.392638036809816,2879.73,0,1,0,0,1,0,0
916,2021,45,52,615,865,0.8653846153846154,1183.26,0,0,0,1,1,0,0
182,730,99,372,302,1353,0.2661290322580645,214.86,0,1,0,0,0,0,1
2020,4875,983,214,671,1679,4.593457943925234,5109.8,0,0,0,1,0,0,1
3591,2471,424,181,358,1472,2.342541436464088,6607.28,0,0,0,1,1,0,0
3244,3400,983,303,94,1116,3.2442244224422443,6416.96,1,0,0,0,1,0,0
2193,3767,305,294,551,1544,1.0374149659863945,2973.09,0,1,0,0,0,0,1
4813,826,851,320,336,1276,2.659375,9049.95,0,1,0,0,0,1,0
275,1748,722,61,164,1966,11.836065573770492,1324.99,0,0,0,1,1,0,0
2804,4412,55,124,341,612,0.4435483870967742,3237.47,0,0,0,1,1,0,0
469,1369,497,28,567,1063,17.75,3114.14,1,0,0,0,1,0,0
1918,4643,628,44,72,436,14.272727272727273,10825.1,0,0,1,0,0,1,0
2201,418,179,57,42,648,3.1403508771929824,4422.42,0,1,0,0,0,0,1
4885,3575,155,242,411,362,0.640495867768595,6226.32,0,0,0,1,0,1,0
3590,2878,877,228,644,1970,3.8464912280701755,8033.98,1,0,0,0,0,1,0
1879,3158,429,119,21,562,3.6050420168067228,4094.78,0,0,0,1,1,0,0
1464,4234,981,263,1,83,3.7300380228136882,3143.89,0,1,0,0,1,0,0
4562,1702,699,197,678,1790,3.548223350253807,10031.48,1,0,0,0,0,0,1
3442,2356,582,40,572,1732,14.55,18880.48,1,0,0,0,0,1,0
4839,929,945,268,76,1051,3.5261194029850746,10783.23,0,0,0,1,0,0,1
3776,955,12,172,603,1613,0.06976744186046512,4068.39,0,0,0,1,0,1,0
2526,2748,603,353,398,1830,1.708215297450425,4034.53,0,0,1,0,1,0,0
172,1958,272,317,719,1791,0.8580441640378549,236.01,0,0,1,0,0,0,1
3062,1202,808,80,88,21,10.1,12546.43,0,1,0,0,0,1,0
959,2581,330,316,594,1242,1.0443037974683544,1326.23,0,1,0,0,1,0,0
3956,1920,616,65,17,1069,9.476923076923077,15784.29,1,0,0,0,1,0,0
4238,2179,585,108,329,954,5.416666666666667,12199.76,0,1,0,0,0,1,0
2524,3258,255,30,210,1431,8.5,9670.49,0,0,1,0,1,0,0
1164,2540,598,394,383,694,1.517766497461929,1822.33,0,0,1,0,0,1,0
2317,3784,486,117,565,798,4.153846153846154,5310.57,0,0,1,0,0,1,0
4117,1355,268,62,640,479,4.32258064516129,9680.23,0,0,0,1,0,1,0
2359,3057,102,15,146,863,6.8,7192.29,0,0,1,0,0,1,0
3851,3751,812,240,453,656,3.3833333333333333,8255.25,0,0,1,0,1,0,0
2186,2339,792,491,393,1588,1.6130346232179227,3364.12,0,1,0,0,0,1,0
468,2039,542,91,310,763,5.956043956043956,1344.93,0,0,1,0,0,1,0
2904,369,583,455,492,618,1.2813186813186814,4276.39,0,0,1,0,0,1,0
250,4930,348,226,430,1833,1.5398230088495575,395.77,0,0,0,1,1,0,0
1234,4164,933,344,1,711,2.7122093023255816,2267.83,0,0,1,0,0,0,1
2884,3875,269,56,41,337,4.803571428571429,7686.79,0,1,0,0,0,1,0
4264,1212,246,361,585,1816,0.6814404432132964,5153.3,0,0,0,1,0,0,1
2446,748,150,371,672,1172,0.40431266846361186,2768.77,1,0,0,0,0,0,1
4997,1279,984,250,212,1639,3.936,11810.8,0,0,1,0,0,1,0
2350,2242,956,187,333,1435,5.112299465240642,6247.54,0,0,1,0,0,0,1
160,116,953,91,651,1538,10.472527472527473,724.92,0,0,1,0,0,0,1
3110,216,688,296,446,768,2.324324324324324,5522.28,1,0,0,0,0,1,0
4001,1645,489,201,304,1596,2.4328358208955225,7562.11,0,0,0,1,1,0,0
1437,3251,588,422,555,819,1.3933649289099526,2086.51,0,0,0,1,0,0,1
1284,2793,359,152,691,385,2.361842105263158,2329.02,0,0,1,0,0,1,0
4526,4189,579,323,701,1506,1.7925696594427245,7652.1,1,0,0,0,0,1,0
1651,1376,733,288,154,1627,2.545138888888889,3021.1,0,1,0,0,0,0,1
4533,3340,139,431,616,1125,0.3225058004640371,4972.3,1,0,0,0,0,0,1
1729,3888,546,50,523,1138,10.92,7440.56,0,0,1,0,0,0,1
1427,471,20,468,25,1021,0.042735042735042736,1569.45,1,0,0,0,0,1,0
1626,2907,266,280,25,1286,0.95,2192.19,0,0,0,1,0,1,0
1773,255,825,96,596,1446,8.59375,6684.51,0,0,0,1,1,0,0
1461,2761,378,12,106,1078,31.5,16487.97,0,0,0,1,1,0,0
1673,564,953,220,119,1212,4.331818181818182,4159.37,0,1,0,0,0,1,0
2786,4978,403,10,108,1563,40.3,38209.84,1,0,0,0,1,0,0
4470,4999,602,481,330,1776,1.2515592515592515,6675.91,0,0,1,0,0,0,1
2466,4415,807,84,180,592,9.607142857142858,10021.8,0,0,1,0,1,0,0
3857,1873,428,487,131,1214,0.8788501026694046,5202.92,0,0,0,1,1,0,0
2534,216,891,404,603,831,2.2054455445544554,4224.63,0,0,1,0,0,1,0
2093,2203,28,453,168,1891,0.06181015452538632,2161.23,0,1,0,0,0,1,0
969,1474,119,240,223,1627,0.49583333333333335,1207.91,1,0,0,0,0,0,1
1114,3303,446,458,469,1571,0.9737991266375546,1484.52,0,1,0,0,1,0,0
2011,4503,514,85,278,1082,6.047058823529412,5848.63,1,0,0,0,0,1,0
702,3646,43,269,190,503,0.15985130111524162,784.44,1,0,0,0,0,1,0
3921,4077,297,34,531,189,8.735294117647058,15037.51,1,0,0,0,0,1,0
790,4417,853,209,526,1789,4.08133971291866,1771.72,0,0,1,0,0,0,1
593,1296,264,472,621,1572,0.559322033898305,745.53,0,0,1,0,0,0,1
589,3511,647,436,190,870,1.4839449541284404,903.75,0,0,1,0,1,0,0
2656,896,730,103,218,1628,7.087378640776699,9013.42,0,0,1,0,0,0,1
4585,3992,143,433,299,1592,0.3302540415704388,5309.12,0,0,1,0,1,0,0
394,250,508,361,311,579,1.407202216066482,583.55,0,0,1,0,1,0,0
4127,3349,406,117,236,1337,3.47008547008547,8736.1,0,0,0,1,1,0,0
2943,211,496,364,168,1193,1.3626373626373627,4147.9,0,0,0,1,0,1,0
3012,782,607,478,193,799,1.2698744769874477,4176.01,0,0,0,1,0,1,0
1817,1261,596,104,242,131,5.730769230769231,5005.67,0,1,0,0,0,1,0
2696,2479,969,365,162,678,2.654794520547945,5293.39,0,1,0,0,0,0,1
4844,260,656,100,339,949,6.56,15643.1,0,1,0,0,0,1,0
1973,1525,822,53,455,1588,15.50943396226415,11707.56,1,0,0,0,1,0,0
4763,3761,694,465,135,152,1.4924731182795699,7019.85,1,0,0,0,0,0,1
3358,377,222,452,193,922,0.4911504424778761,3909.08,0,1,0,0,0,0,1
2917,3491,842,393,402,1129,2.1424936386768447,4914.63,0,0,0,1,0,1,0
544,1656,359,32,392,1391,11.21875,2590.71,0,0,1,0,0,1,0
3741,4692,28,199,601,1116,0.1407035175879397,4102.23,0,0,1,0,0,1,0
4558,2015,128,32,42,713,4.0,10833.86,0,0,1,0,0,1,0
841,4850,824,243,93,805,3.3909465020576133,1782.51,1,0,0,0,0,0,1
2141,3207,311,195,215,1909,1.594871794871795,3358.3,0,1,0,0,0,0,1
779,402,294,320,349,1755,0.91875,1054.34,0,0,0,1,1,0,0
2567,4633,236,426,513,432,0.5539906103286385,3003.01,0,0,1,0,0,0,1
3797,2873,516,342,335,1603,1.5087719298245614,5761.24,0,1,0,0,0,0,1
1458,4381,510,72,399,1705,7.083333333333333,4949.93,0,1,0,0,0,1,0
162,3345,221,112,164,1329,1.9732142857142858,270.51,1,0,0,0,1,0,0
2659,4868,365,325,106,28,1.123076923076923,3709.63,1,0,0,0,0,0,1
3869,1100,710,492,232,1312,1.443089430894309,5835.91,1,0,0,0,0,1,0
4451,3934,496,198,558,355,2.505050505050505,8092.84,1,0,0,0,0,1,0
234,4106,330,345,717,1991,0.9565217391304348,316.67,0,1,0,0,1,0,0
3744,4878,672,469,533,1863,1.4328358208955223,5425.82,1,0,0,0,0,0,1
2235,1818,232,198,177,1568,1.1717171717171717,3313.02,0,0,1,0,0,0,1
3378,3930,649,360,679,678,1.8027777777777778,5222.7,0,0,0,1,0,0,1
922,3281,769,78,294,1428,9.85897435897436,3825.31,1,0,0,0,0,0,1
3174,2982,572,123,265,136,4.650406504065041,7761.76,0,0,1,0,1,0,0
3081,1098,200,113,520,1092,1.7699115044247788,4744.46,0,0,0,1,0,1,0
220,384,509,117,270,154,4.35042735042735,540.18,1,0,0,0,0,1,0
1737,520,504,354,212,1487,1.423728813559322,2723.12,1,0,0,0,1,0,0
1024,2260,246,30,163,326,8.2,3808.63,0,0,0,1,0,0,1
744,3165,31,396,557,816,0.07828282828282829,780.82,0,0,1,0,0,1,0
2132,2375,631,441,53,1120,1.4308390022675737,3197.51,0,0,1,0,0,0,1
2861,1594,336,275,233,1221,1.221818181818182,3929.15,0,1,0,0,0,1,0
2168,3984,554,352,438,108,1.5738636363636365,3361.33,0,1,0,0,0,0,1
341,4723,136,218,683,1070,0.6238532110091743,408.85,1,0,0,0,1,0,0
2768,2643,374,179,518,1210,2.089385474860335,4860.84,0,0,1,0,0,0,1
902,4226,877,492,44,454,1.782520325203252,1392.2,0,0,1,0,0,0,1
4264,4357,53,482,603,323,0.10995850622406639,4408.78,1,0,0,0,1,0,0
295,1941,528,203,708,285,2.600985221674877,570.44,0,0,0,1,1,0,0
2287,4900,137,356,516,1107,0.3848314606741573,2791.48,0,0,0,1,0,0,1
3615,821,612,439,633,650,1.3940774487471526,5171.25,0,1,0,0,0,0,1
2430,1501,139,402,575,1351,0.34577114427860695,2756.87,1,0,0,0,0,0,1
2459,545,538,132,92,749,4.075757575757576,5871.07,0,0,0,1,0,1,0
4941,2891,330,186,438,449,1.7741935483870968,7979.45,1,0,0,0,0,0,1
3706,4622,195,13,337,321,15.0,22317.83,0,0,1,0,0,1,0
376,3867,631,197,294,1169,3.203045685279188,766.0,0,0,0,1,0,1,0
160,2651,807,355,700,278,2.2732394366197184,269.2,0,0,0,1,0,1,0
3490,2067,991,361,680,612,2.7451523545706373,6376.74,0,0,0,1,1,0,0
2013,3988,357,38,264,1038,9.394736842105264,8120.66,0,0,1,0,1,0,0
4027,4916,490,95,105,1286,5.157894736842105,11029.78,0,1,0,0,0,1,0
2691,2831,931,56,224,414,16.625,17386.23,1,0,0,0,0,1,0
666,2729,684,86,419,494,7.953488372093023,2460.66,0,0,0,1,0,1,0
4035,2064,968,352,115,47,2.75,7532.56,0,0,1,0,1,0,0
1671,1157,596,200,235,1761,2.98,3398.57,0,0,0,1,1,0,0
4817,4931,720,40,274,1940,18.0,33378.64,1,0,0,0,1,0,0
1300,857,933,316,230,656,2.9525316455696204,2656.5,1,0,0,0,0,1,0
4509,1895,930,178,34,1220,5.224719101123595,12052.9,0,0,0,1,0,1,0
2954,1743,966,45,388,1314,21.466666666666665,23353.53,0,0,1,0,0,0,1
2995,4949,370,254,709,769,1.4566929133858268,4541.22,0,0,0,1,0,0,1
1336,123,296,433,501,1997,0.6836027713625866,1706.18,0,0,1,0,1,0,0
236,1339,191,360,462,432,0.5305555555555556,281.28,0,1,0,0,1,0,0
1129,4250,460,197,449,1544,2.33502538071066,2051.05,0,0,0,1,0,0,1
2256,3197,106,24,214,1814,4.416666666666667,5617.62,0,0,1,0,1,0,0
2694,1404,572,343,46,1348,1.6676384839650147,4120.98,0,0,0,1,0,1,0
761,2642,323,492,405,1826,0.6565040650406504,951.29,1,0,0,0,0,0,1
2572,3812,555,225,333,956,2.466666666666667,4664.18,1,0,0,0,0,1,0
2777,4055,964,167,240,1453,5.772455089820359,8154.19,0,0,0,1,0,0,1
2408,4629,30,423,254,1317,0.07092198581560284,2623.14,0,0,0,1,0,0,1
186,4403,705,164,228,377,4.298780487804878,446.15,0,0,1,0,1,0,0
2612,4328,814,250,166,1559,3.256,5500.33,0,0,1,0,0,1,0
3042,1405,585,305,585,1108,1.9180327868852458,4918.37,1,0,0,0,0,1,0
2873,4564,506,471,511,1791,1.0743099787685775,3887.22,0,0,1,0,0,1,0
2604,3274,412,54,598,1397,7.62962962962963,8769.74,1,0,0,0,0,1,0
3410,3728,133,468,593,1048,0.2841880341880342,3711.64,0,1,0,0,1,0,0
1800,881,622,184,676,909,3.380434782608696,3875.98,0,0,0,1,0,1,0
3770,666,128,355,390,325,0.36056338028169016,4589.66,0,0,1,0,1,0,0
2800,4722,862,65,423,1872,13.261538461538462,14370.47,1,0,0,0,0,0,1
3729,4232,599,63,411,316,9.507936507936508,15701.28,1,0,0,0,0,1,0
4690,4373,979,350,581,1574,2.797142857142857,9148.76,0,0,0,1,1,0,0
1747,738,702,274,649,1968,2.562043795620438,3159.27,0,0,0,1,0,0,1
3418,3800,720,383,664,221,1.8798955613577024,5351.99,0,0,0,1,0,1,0
3787,4267,486,248,447,1946,1.9596774193548387,6448.6,0,0,1,0,0,1,0
696,2499,968,330,403,214,2.933333333333333,1399.63,0,1,0,0,1,0,0
4645,2770,881,117,97,1496,7.52991452991453,15484.98,0,1,0,0,0,0,1
584,1272,711,207,379,845,3.4347826086956523,1225.23,0,1,0,0,0,0,1
745,1820,849,394,670,1515,2.1548223350253806,1336.76,0,1,0,0,0,0,1
3189,204,112,223,186,1109,0.5022421524663677,3727.19,1,0,0,0,0,0,1
4857,1782,342,255,680,385,1.3411764705882352,7380.27,0,0,1,0,0,1,0
4953,4416,887,406,244,1028,2.184729064039409,8338.04,0,1,0,0,0,0,1
4484,1949,796,47,631,1731,16.93617021276596,28580.04,0,1,0,0,1,0,0
820,962,468,182,708,1138,2.5714285714285716,1525.05,0,0,1,0,1,0,0
4833,3545,139,114,503,1239,1.219298245614035,6912.48,0,0,1,0,0,1,0
598,2665,762,49,288,1360,15.551020408163266,3485.4,0,0,0,1,1,0,0
4829,398,143,488,369,877,0.2930327868852459,5386.62,0,0,0,1,0,1,0
1773,3008,166,408,65,653,0.4068627450980392,2135.26,0,1,0,0,0,0,1
3167,4237,434,443,162,1191,0.9796839729119639,4210.76,1,0,0,0,0,1,0
214,870,444,139,597,287,3.194244604316547,444.63,0,0,0,1,0,0,1
3079,2639,398,190,571,1944,2.094736842105263,5438.41,0,0,1,0,1,0,0
4869,1562,946,488,662,1519,1.9385245901639345,8345.17,0,0,0,1,0,1,0
1836,3954,327,419,418,384,0.7804295942720764,2303.73,0,0,0,1,0,0,1
3711,3218,679,203,481,1018,3.3448275862068964,7921.58,0,0,1,0,0,1,0
2353,2232,514,340,633,847,1.511764705882353,3626.14,0,1,0,0,0,0,1
2394,1809,880,298,269,517,2.953020134228188,4642.17,0,0,0,1,0,1,0
3730,1090,199,475,567,127,0.4189473684210526,4363.17,0,0,0,1,0,1,0
246,810,621,350,648,1457,1.7742857142857142,387.69,0,1,0,0,0,1,0
4082,4404,420,68,190,1110,6.176470588235294,12271.16,0,0,0,1,0,1,0
3553,138,955,360,406,1622,2.6527777777777777,6893.36,1,0,0,0,0,0,1
4607,1375,987,35,489,1931,28.2,47406.57,0,1,0,0,0,0,1
2510,4957,61,487,312,1560,0.12525667351129363,2792.56,1,0,0,0,0,1,0
236,1536,570,112,596,1069,5.089285714285714,625.15,0,0,1,0,0,1,0
3460,3093,455,30,689,1994,15.166666666666666,21042.83,1,0,0,0,1,0,0
3105,1569,621,442,94,623,1.4049773755656108,4662.62,0,0,1,0,0,0,1
3652,2199,453,89,390,290,5.089887640449438,9670.11,0,1,0,0,0,0,1
118,473,391,336,547,1931,1.1636904761904763,172.83,0,0,1,0,0,0,1
2342,4351,772,479,411,697,1.6116910229645094,3538.52,0,0,1,0,0,0,1
548,4125,383,208,212,1259,1.8413461538461537,864.15,0,0,1,0,1,0,0
2048,1213,985,331,638,157,2.97583081570997,4179.69,0,0,1,0,0,1,0
1045,2826,575,46,369,406,12.5,5395.88,1,0,0,0,0,1,0
4336,2498,384,23,168,1697,16.695652173913043,26243.31,0,0,1,0,0,1,0
2020,3334,398,465,14,1529,0.8559139784946237,2732.66,0,0,1,0,1,0,0
3077,1365,658,230,586,1736,2.860869565217391,5960.57,0,0,0,1,1,0,0
4288,3223,683,373,564,1146,1.8310991957104559,7111.05,0,0,0,1,0,1,0
4115,753,875,400,207,1969,2.1875,6907.46,0,0,0,1,1,0,0
338,4258,813,175,43,1248,4.645714285714286,887.8,0,0,1,0,1,0,0
304,608,488,182,442,877,2.681318681318681,596.88,0,0,0,1,1,0,0
2707,2439,413,159,515,1047,2.59748427672956,5011.95,1,0,0,0,1,0,0
4440,3262,602,181,607,197,3.3259668508287294,9662.61,0,1,0,0,0,1,0
3488,1787,477,90,395,479,5.3,9842.39,0,1,0,0,1,0,0
3072,1488,741,345,238,285,2.1478260869565218,5284.44,0,1,0,0,0,1,0
4490,2297,606,234,679,1542,2.58974358974359,8733.85,0,0,0,1,0,0,1
2787,4011,514,368,531,308,1.3967391304347827,4341.14,0,0,1,0,1,0,0
4266,3028,92,44,719,345,2.090909090909091,7092.73,0,1,0,0,0,0,1
1448,4899,328,367,404,1625,0.8937329700272479,1848.48,1,0,0,0,0,0,1
4500,615,76,197,214,1021,0.38578680203045684,5187.08,0,0,0,1,1,0,0
916,3758,423,233,568,991,1.815450643776824,1484.05,0,0,0,1,0,1,0
920,1933,462,140,374,1914,3.3,1847.77,1,0,0,0,0,1,0
292,129,755,383,132,398,1.9712793733681462,471.22,0,0,1,0,0,1,0
1876,3314,207,460,9,785,0.45,2336.16,0,0,1,0,1,0,0
3745,425,268,465,153,1488,0.5763440860215053,4716.38,1,0,0,0,1,0,0
4724,3866,698,360,431,796,1.9388888888888889,8125.53,1,0,0,0,0,1,0
350,4211,307,320,483,1801,0.959375,494.51,0,0,0,1,0,1,0
1888,210,289,18,305,1139,16.055555555555557,11397.14,1,0,0,0,0,0,1
3800,206,309,78,284,636,3.9615384615384617,8888.19,0,0,1,0,0,0,1
2563,2526,138,37,472,450,3.72972972972973,5530.73,0,0,1,0,1,0,0
1267,4478,507,408,190,772,1.2426470588235294,1835.28,0,0,1,0,0,1,0
3993,4464,892,378,528,1428,2.35978835978836,6962.92,0,0,1,0,0,1,0
1196,2631,447,484,512,681,0.9235537190082644,1551.87,0,0,1,0,1,0,0
2779,3244,701,243,343,548,2.8847736625514404,5235.07,0,0,0,1,0,1,0
1947,4793,301,40,430,229,7.525,6710.04,1,0,0,0,1,0,0
4004,898,216,324,715,1670,0.6666666666666666,5261.18,1,0,0,0,0,0,1
604,2537,303,241,686,244,1.2572614107883817,841.98,0,1,0,0,0,1,0
1721,2111,949,347,680,65,2.7348703170028816,3290.39,0,0,0,1,0,1,0
2572,525,859,495,34,1261,1.7353535353535354,4179.71,0,0,0,1,1,0,0
2646,3144,992,63,471,946,15.746031746031745,15896.19,0,0,0,1,1,0,0
1487,3388,696,461,394,1984,1.509761388286334,2357.49,0,0,0,1,1,0,0
3094,3014,38,478,495,1027,0.0794979079497908,3220.47,0,0,0,1,1,0,0
3916,1339,188,184,513,1524,1.0217391304347827,5128.7,0,0,1,0,0,0,1
817,3491,50,307,322,1061,0.16286644951140064,889.75,0,1,0,0,1,0,0
3584,4313,479,288,115,1645,1.6631944444444444,5670.69,0,0,1,0,0,1,0
4534,4097,201,374,214,1002,0.5374331550802139,5399.01,0,1,0,0,0,1,0
758,3106,353,95,145,1274,3.7157894736842105,1629.97,0,0,0,1,0,1,0
4108,3139,758,74,559,3,10.243243243243244,18078.41,0,0,0,1,0,1,0
4624,698,825,98,178,1259,8.418367346938776,16609.37,1,0,0,0,0,0,1
4334,2187,982,63,360,1441,15.587301587301587,25689.63,0,0,0,1,0,0,1
3864,1284,746,127,285,955,5.874015748031496,11691.89,0,0,0,1,0,0,1
3089,2850,635,370,245,1275,1.7162162162162162,4966.13,0,0,0,1,1,0,0
4737,2684,287,485,206,143,0.5917525773195876,5855.57,0,0,0,1,0,1,0
2204,4859,364,238,584,1784,1.5294117647058822,3331.08,0,0,0,1,0,1,0
1355,3613,538,276,342,1080,1.9492753623188406,2259.13,0,1,0,0,0,0,1
2582,4845,95,328,360,61,0.2896341463414634,3012.42,1,0,0,0,1,0,0
483,4154,910,31,499,68,29.35483870967742,5126.11,0,0,0,1,0,0,1
2707,4483,326,447,141,79,0.7293064876957495,3513.67,0,0,0,1,0,1,0
293,4036,866,256,668,1351,3.3828125,637.01,0,0,0,1,0,1,0
3907,1799,911,482,222,367,1.8900414937759336,6176.45,0,1,0,0,0,0,1
3819,4607,702,382,389,1732,1.837696335078534,5932.96,0,1,0,0,0,1,0
2681,2675,346,478,330,958,0.7238493723849372,3502.84,1,0,0,0,0,0,1
2665,235,872,429,393,1731,2.0326340326340326,4402.36,0,0,0,1,0,0,1
2863,2125,154,323,654,1559,0.47678018575851394,3559.73,1,0,0,0,0,0,1
2898,3635,324,29,358,526,11.172413793103448,13287.07,0,0,1,0,0,0,1
2439,4954,234,409,394,390,0.5721271393643031,2994.37,0,1,0,0,0,1,0
3506,2990,432,485,587,1313,0.8907216494845361,4786.21,0,0,0,1,1,0,0
831,2857,63,193,40,521,0.32642487046632124,979.99,0,1,0,0,0,1,0
2972,3873,903,358,273,1676,2.522346368715084,5588.62,1,0,0,0,0,0,1
3220,480,953,59,420,1778,16.152542372881356,20121.98,0,0,1,0,0,1,0
4880,1628,942,99,70,253,9.515151515151516,19779.65,0,0,0,1,1,0,0
4277,4671,825,113,623,1763,7.300884955752212,14908.92,0,1,0,0,0,1,0
2704,3728,77,203,458,1909,0.3793103448275862,3279.93,0,0,1,0,0,0,1
2482,948,628,392,234,1119,1.6020408163265305,3795.93,1,0,0,0,1,0,0
631,4227,343,378,197,1715,0.9074074074074074,867.37,1,0,0,0,0,1,0
4416,2027,86,83,711,3,1.036144578313253,6304.52,0,1,0,0,1,0,0
734,2265,548,278,509,696,1.9712230215827338,1240.28,0,1,0,0,0,1,0
1869,4386,865,24,536,46,36.041666666666664,23304.15,0,0,0,1,1,0,0
3904,2221,164,338,147,1828,0.48520710059171596,4772.76,1,0,0,0,0,0,1
2470,4818,81,292,574,653,0.2773972602739726,2719.18,0,0,0,1,0,0,1
102,3018,510,401,459,525,1.2718204488778055,142.15,0,1,0,0,1,0,0
305,4781,456,207,67,1722,2.2028985507246377,548.11,0,0,1,0,0,1,0
4235,572,701,493,30,1506,1.4219066937119675,6387.91,0,0,0,1,0,0,1
2721,1887,568,443,107,1621,1.2821670428893905,3813.79,1,0,0,0,0,1,0
4839,213,763,353,678,418,2.1614730878186967,8308.9,0,1,0,0,1,0,0
2990,1436,368,204,390,1002,1.803921568627451,4745.55,0,1,0,0,0,1,0
3293,438,286,419,406,1067,0.6825775656324582,4314.65,0,0,0,1,1,0,0
2766,2385,892,45,121,896,19.822222222222223,20189.08,0,0,0,1,0,1,0
3406,1296,322,414,11,1692,0.7777777777777778,4443.33,0,1,0,0,1,0,0
997,178,114,214,584,696,0.5327102803738317,1183.54,0,0,0,1,1,0,0
1185,4659,980,317,347,559,3.091482649842271,2466.53,0,1,0,0,1,0,0
1379,2752,104,148,253,931,0.7027027027027027,1825.01,1,0,0,0,1,0,0
770,4757,228,273,119,1230,0.8351648351648352,1039.23,0,0,1,0,0,1,0
1605,4480,691,66,520,1746,10.469696969696969,6973.72,0,0,0,1,0,0,1
3675,4418,887,119,215,1299,7.453781512605042,12885.95,1,0,0,0,1,0,0
4914,2740,953,183,80,595,5.2076502732240435,12827.78,1,0,0,0,1,0,0
2055,1356,804,215,419,1121,3.73953488372093,4409.88,0,0,0,1,0,0,1
349,927,137,234,584,1203,0.5854700854700855,428.28,1,0,0,0,0,0,1
1992,2818,209,395,712,867,0.529113924050633,2350.1,0,1,0,0,1,0,0
3539,2910,938,73,685,1172,12.849315068493151,17626.38,0,0,0,1,1,0,0
1953,3485,341,261,289,1821,1.3065134099616857,2877.55,0,0,1,0,0,1,0
2954,2065,556,445,234,384,1.249438202247191,4225.29,0,1,0,0,0,0,1
1603,2527,875,458,261,1096,1.9104803493449782,2740.1,1,0,0,0,0,1,0
3485,2941,665,276,657,217,2.4094202898550723,6139.51,1,0,0,0,1,0,0
3671,713,301,399,22,1745,0.7543859649122807,4950.54,0,0,1,0,1,0,0
3892,662,75,361,78,833,0.2077562326869806,4283.17,0,0,1,0,1,0,0
3526,4926,981,472,672,806,2.0783898305084745,6019.56,1,0,0,0,1,0,0
143,4452,740,341,14,1457,2.1700879765395893,239.22,0,0,1,0,0,0,1
3712,284,577,329,148,1660,1.7537993920972645,5993.21,0,0,1,0,0,1,0
2718,2292,666,366,662,1525,1.819672131147541,4605.67,1,0,0,0,0,0,1
4778,4165,413,102,30,1886,4.049019607843137,11374.87,0,1,0,0,1,0,0
3263,345,734,192,438,1692,3.8229166666666665,7176.22,0,0,0,1,0,1,0
1388,4186,615,309,673,1057,1.9902912621359223,2314.87,1,0,0,0,1,0,0
3042,2334,627,223,530,781,2.811659192825112,5846.5,0,0,1,0,0,0,1
319,965,605,151,63,216,4.006622516556291,709.31,0,0,1,0,1,0,0
2025,2187,657,92,430,1964,7.141304347826087,6927.04,0,1,0,0,0,0,1
3072,700,155,398,135,101,0.38944723618090454,3561.79,1,0,0,0,0,0,1
3613,3133,770,108,157,470,7.12962962962963,11901.34,1,0,0,0,1,0,0
2548,2156,539,290,569,180,1.8586206896551725,4084.32,0,0,1,0,1,0,0
3571,2231,411,443,254,639,0.927765237020316,4634.48,1,0,0,0,0,0,1
2874,632,134,111,187,1357,1.2072072072072073,4268.02,0,0,1,0,0,1,0
1090,2142,523,338,379,1512,1.547337278106509,1601.95,0,0,1,0,0,0,1
3046,457,341,387,327,1484,0.8811369509043928,4005.18,0,0,1,0,0,1,0
1912,477,489,80,199,377,6.1125,5814.03,0,0,0,1,0,0,1
903,2319,721,382,171,681,1.887434554973822,1457.99,0,0,1,0,1,0,0
589,4588,956,347,315,817,2.755043227665706,1123.8,0,1,0,0,0,0,1
3656,4897,659,395,6,1902,1.6683544303797468,5795.51,1,0,0,0,0,1,0
1593,3407,724,381,256,1159,1.900262467191601,2750.02,0,0,0,1,0,1,0
3745,2696,407,275,320,1828,1.48,5817.85,1,0,0,0,0,1,0
2991,883,803,139,248,1629,5.776978417266187,8965.27,0,1,0,0,0,1,0
1805,2479,824,69,4,1757,11.942028985507246,8844.95,0,0,0,1,0,1,0
3616,3703,39,310,513,1434,0.12580645161290321,3853.44,1,0,0,0,0,0,1
3440,1082,65,401,506,1179,0.16209476309226933,3710.99,0,0,0,1,1,0,0
153,4042,640,451,31,280,1.419068736141907,236.08,0,0,1,0,1,0,0
2675,2690,947,128,629,1503,7.3984375,8980.6,0,0,1,0,0,0,1
3691,1142,141,272,275,1223,0.5183823529411765,4422.91,1,0,0,0,1,0,0
715,2638,240,492,709,849,0.4878048780487805,897.1,0,1,0,0,0,0,1
1054,961,404,480,325,753,0.8416666666666667,1321.88,0,0,0,1,0,1,0
2533,1976,161,337,177,1441,0.47774480712166173,3048.07,0,0,0,1,0,0,1
1729,1935,511,30,287,1122,17.033333333333335,11383.0,1,0,0,0,1,0,0
2881,4308,991,106,79,250,9.349056603773585,11768.33,0,0,1,0,1,0,0
749,3626,972,312,243,914,3.1153846153846154,1502.29,0,0,0,1,1,0,0
2447,1785,942,10,501,1129,94.2,75434.42,0,0,1,0,0,0,1
4590,3501,515,405,205,773,1.271604938271605,6344.54,0,0,1,0,0,0,1
3378,1722,395,212,460,641,1.8632075471698113,5547.83,0,1,0,0,0,0,1
2740,2757,917,441,383,327,2.0793650793650795,4711.92,0,0,1,0,1,0,0
3901,2032,542,137,333,890,3.9562043795620436,9277.23,0,0,1,0,0,0,1
2661,607,974,359,603,1506,2.713091922005571,4928.58,0,0,0,1,0,0,1
3349,4661,976,141,166,771,6.921985815602837,11153.71,0,1,0,0,1,0,0
470,3578,457,43,161,1828,10.627906976744185,2109.89,0,1,0,0,0,1,0
957,2756,589,96,6,1955,6.135416666666667,2899.54,1,0,0,0,0,1,0
4986,1221,135,41,653,1971,3.292682926829268,10302.08,1,0,0,0,1,0,0
4853,389,564,268,205,377,2.1044776119402986,8207.8,1,0,0,0,1,0,0
483,2929,703,485,532,1676,1.4494845360824742,741.77,0,1,0,0,0,1,0
3977,2309,498,333,100,1039,1.4954954954954955,6331.77,0,0,1,0,0,0,1
2652,4912,621,322,677,1924,1.9285714285714286,4356.07,0,1,0,0,1,0,0
4434,1500,900,379,45,696,2.37467018469657,8290.26,0,0,1,0,0,1,0
4390,666,455,469,457,481,0.9701492537313433,6000.12,1,0,0,0,0,0,1
2825,1573,479,417,227,1040,1.1486810551558753,4128.28,1,0,0,0,1,0,0
4134,2087,358,42,315,1757,8.523809523809524,15024.61,0,0,1,0,0,1,0
3393,3887,517,396,52,1926,1.3055555555555556,5081.85,0,0,1,0,0,0,1
4351,3965,466,397,146,575,1.1738035264483626,6374.38,1,0,0,0,0,0,1
4088,3360,995,295,281,1777,3.3728813559322033,8908.92,0,0,1,0,0,1,0
1022,3647,917,335,123,485,2.737313432835821,2007.32,0,1,0,0,0,0,1
3015,3351,761,58,719,1303,13.120689655172415,15335.39,1,0,0,0,0,1,0
3050,1816,394,295,471,1357,1.335593220338983,4495.05,0,1,0,0,0,1,0
3146,1112,721,465,297,940,1.5505376344086022,4747.54,1,0,0,0,0,0,1
1074,1410,938,91,614,257,10.307692307692308,4545.88,0,0,0,1,0,1,0
1330,4670,457,153,512,1209,2.9869281045751634,2597.75,0,1,0,0,0,1,0
2535,717,637,446,641,1612,1.4282511210762332,3724.11,0,0,0,1,1,0,0
1914,4836,124,399,502,27,0.3107769423558897,2237.54,1,0,0,0,0,1,0
3034,4357,461,289,679,1049,1.5951557093425606,4777.61,0,1,0,0,0,0,1
1463,2082,663,380,202,1878,1.7447368421052631,2274.29,0,1,0,0,0,1,0
4040,2328,128,101,415,1086,1.2673267326732673,5961.59,0,1,0,0,0,0,1
303,4920,102,233,614,1682,0.43776824034334766,352.77,0,0,1,0,1,0,0
260,568,919,226,583,233,4.066371681415929,588.82,0,1,0,0,0,0,1
4587,4216,530,165,422,1488,3.212121212121212,9680.26,0,1,0,0,0,1,0
868,4455,594,286,520,349,2.076923076923077,1459.95,0,0,0,1,0,0,1
3848,1239,547,17,674,1310,32.1764705882353,43326.43,0,1,0,0,1,0,0
2681,1536,442,45,73,414,9.822222222222223,10792.76,0,0,1,0,1,0,0
1193,636,760,133,345,1620,5.714285714285714,3436.87,0,1,0,0,1,0,0
4600,1051,883,18,27,1711,49.05555555555556,73800.39,0,0,0,1,0,0,1
707,2913,154,49,169,406,3.142857142857143,1396.52,0,1,0,0,0,0,1
1640,3106,77,478,585,1405,0.16108786610878661,1785.71,0,1,0,0,0,0,1
2975,4094,709,188,209,1194,3.771276595744681,6841.83,0,0,0,1,1,0,0
3291,1940,887,138,611,1314,6.427536231884058,9807.03,1,0,0,0,0,0,1
1937,950,140,456,543,959,0.30701754385964913,2140.16,0,1,0,0,1,0,0
789,2071,742,382,545,516,1.942408376963351,1252.72,1,0,0,0,1,0,0
3859,1291,290,77,657,1010,3.7662337662337664,8561.06,0,0,0,1,0,1,0
3049,4020,798,467,611,287,1.708779443254818,4742.09,0,0,0,1,0,1,0
2203,4728,661,163,310,307,4.0552147239263805,5025.73,1,0,0,0,1,0,0
465,2162,575,433,180,562,1.327944572748268,714.1,0,0,1,0,1,0,0
3675,3146,522,12,647,782,43.5,52636.08,0,0,1,0,1,0,0
4650,4499,649,373,438,1032,1.739946380697051,7401.66,0,0,0,1,0,1,0
4299,3658,10,387,477,357,0.025839793281653745,4759.65,0,0,1,0,1,0,0
4272,4611,694,274,395,581,2.5328467153284673,7541.12,0,0,1,0,0,1,0
4425,404,951,425,702,1928,2.2376470588235295,7910.69,0,0,0,1,0,1,0
2478,2947,441,460,542,139,0.9586956521739131,3309.1,0,1,0,0,0,0,1
1305,2535,400,13,594,1535,30.76923076923077,14560.9,0,1,0,0,0,0,1
3939,2904,275,271,57,1272,1.014760147601476,5606.71,0,1,0,0,0,0,1
2835,2084,408,338,174,1565,1.2071005917159763,4011.17,0,0,1,0,0,1,0
3447,4036,817,291,326,1207,2.8075601374570445,6490.93,1,0,0,0,1,0,0
1775,812,265,395,322,1749,0.6708860759493671,2223.51,0,0,1,0,0,0,1
398,2995,404,459,183,423,0.8801742919389978,551.66,0,1,0,0,0,1,0
1056,1781,961,379,235,397,2.5356200527704487,1911.6,0,0,0,1,1,0,0
1214,1433,183,94,619,832,1.946808510638298,2111.74,0,0,0,1,0,0,1
2605,3298,54,351,186,305,0.15384615384615385,2948.53,0,0,0,1,0,1,0
1574,274,864,396,266,1043,2.1818181818181817,2673.91,0,0,1,0,0,0,1
4560,3305,150,44,644,1407,3.409090909090909,9953.29,1,0,0,0,0,0,1
4546,1516,548,123,329,1987,4.455284552845528,10675.01,0,1,0,0,0,1,0
3826,2087,754,68,365,226,11.088235294117647,17460.29,0,0,0,1,0,0,1
3571,4953,730,47,683,1254,15.53191489361702,20932.56,0,1,0,0,0,1,0
2928,1872,59,42,24,851,1.4047619047619047,4339.63,0,1,0,0,0,1,0
2950,4366,70,386,261,1632,0.18134715025906736,3257.57,0,0,1,0,0,0,1
2606,1174,252,408,355,495,0.6176470588235294,3244.16,0,0,0,1,1,0,0
3870,4860,278,212,196,1508,1.3113207547169812,5746.41,0,0,1,0,1,0,0
3064,691,149,211,611,627,0.7061611374407583,3971.82,0,1,0,0,1,0,0
4694,3078,166,109,490,1383,1.5229357798165137,7505.84,0,1,0,0,0,1,0
1049,4082,606,407,333,1716,1.488943488943489,1633.33,0,1,0,0,0,0,1
4703,2510,605,459,613,1397,1.318082788671024,7014.06,0,0,0,1,1,0,0
2950,947,285,310,632,1102,0.9193548387096774,3911.34,0,0,0,1,0,0,1
265,593,40,313,321,327,0.12779552715654952,278.4,0,0,0,1,1,0,0
3586,645,17,437,447,1300,0.038901601830663615,3649.18,0,1,0,0,1,0,0
2609,2386,801,127,377,1376,6.307086614173229,7906.0,0,1,0,0,0,0,1
1019,2797,724,430,203,1902,1.6837209302325582,1636.2,1,0,0,0,0,0,1
213,3937,944,252,90,1206,3.746031746031746,481.78,0,0,0,1,0,0,1
3604,1640,42,38,707,505,1.105263157894737,5256.29,0,1,0,0,0,0,1
1091,983,819,236,177,607,3.4703389830508473,2312.0,0,1,0,0,1,0,0
3939,4056,664,349,627,1622,1.9025787965616046,6575.7,1,0,0,0,0,0,1
1358,3194,461,222,32,1413,2.0765765765765765,2399.68,1,0,0,0,0,1,0
3526,2465,458,427,243,607,1.0725995316159251,4848.92,0,1,0,0,1,0,0
614,3447,937,196,70,1359,4.780612244897959,1565.99,0,0,0,1,0,1,0
4904,3171,916,122,71,1004,7.508196721311475,17422.21,0,0,1,0,1,0,0
3296,3775,871,382,623,1470,2.2801047120418847,5855.98,0,0,1,0,1,0,0
4534,4815,46,308,158,509,0.14935064935064934,5115.93,0,0,1,0,0,1,0
2684,1052,668,170,549,657,3.929411764705882,6395.11,0,0,0,1,1,0,0
167,3400,956,28,326,1272,34.142857142857146,1984.78,0,1,0,0,0,1,0
1696,3835,749,273,35,1717,2.7435897435897436,3125.7,0,0,1,0,1,0,0
4578,3279,43,168,480,1317,0.25595238095238093,5334.58,0,0,1,0,0,0,1
118,3063,464,20,460,531,23.2,1016.09,0,0,0,1,1,0,0
2830,4127,453,17,416,1162,26.647058823529413,25746.03,0,1,0,0,0,1,0
3621,3347,246,162,571,1580,1.5185185185185186,5559.46,0,1,0,0,0,0,1
672,4515,221,122,419,1762,1.8114754098360655,1087.71,0,0,0,1,0,0,1
2358,3457,830,157,511,1969,5.286624203821656,6614.34,0,0,1,0,0,0,1
3002,4948,149,47,368,1369,3.1702127659574466,6017.95,0,1,0,0,0,0,1
750,2804,711,144,207,37,4.9375,1940.27,0,1,0,0,1,0,0
2687,1137,617,382,361,314,1.6151832460732984,4230.25,0,0,1,0,0,1,0
3362,170,715,470,436,220,1.5212765957446808,5149.62,0,0,0,1,0,0,1
1438,2974,991,432,578,640,2.2939814814814814,2659.47,0,0,1,0,0,1,0
3734,205,370,244,270,1167,1.5163934426229508,5954.56,1,0,0,0,0,1,0
2927,869,313,264,233,1428,1.1856060606060606,4000.45,0,1,0,0,0,0,1
2317,2109,305,83,669,1719,3.674698795180723,5016.37,0,0,0,1,0,1,0
3639,3040,161,337,106,1933,0.47774480712166173,4163.69,0,0,1,0,0,1,0
1137,2292,955,371,666,404,2.5741239892183287,2099.23,0,0,1,0,0,1,0
4483,3595,232,383,18,1579,0.6057441253263708,5648.44,0,0,0,1,0,1,0
4078,4411,205,285,495,479,0.7192982456140351,5191.65,0,1,0,0,1,0,0
3061,4455,609,218,260,722,2.793577981651376,5664.14,0,0,0,1,1,0,0
3326,1033,308,276,485,937,1.1159420289855073,4526.48,1,0,0,0,1,0,0
1198,674,538,153,313,1584,3.5163398692810457,2504.43,0,0,0,1,0,1,0
2424,4030,497,494,631,824,1.0060728744939271,3316.91,1,0,0,0,1,0,0
1039,4480,220,51,102,220,4.313725490196078,2545.12,0,1,0,0,0,0,1
3816,4187,241,233,537,367,1.0343347639484979,5158.27,0,0,1,0,0,1,0
3514,2631,879,355,180,1220,2.476056338028169,6204.16,1,0,0,0,1,0,0
1548,2519,704,61,510,984,11.540983606557377,7459.27,1,0,0,0,1,0,0
670,169,683,430,477,684,1.5883720930232559,1074.18,0,0,0,1,0,1,0
3004,4574,376,317,674,1773,1.1861198738170347,4185.54,0,0,0,1,0,1,0
2605,1402,490,146,400,969,3.356164383561644,5447.8,0,0,1,0,0,1,0
1017,3914,591,428,350,1711,1.3808411214953271,1450.08,0,1,0,0,0,0,1
1974,2449,581,204,215,1970,2.8480392156862746,3743.96,1,0,0,0,1,0,0
1778,354,188,104,383,1056,1.8076923076923077,2952.55,0,0,1,0,0,0,1
715,1807,493,499,124,1019,0.9879759519038076,960.77,1,0,0,0,1,0,0
4601,4887,598,400,292,1760,1.495,7067.55,0,0,1,0,0,1,0
1849,933,504,267,668,1078,1.8876404494382022,3170.1,0,0,0,1,1,0,0
3925,2864,978,34,705,423,28.764705882352942,40530.46,0,0,0,1,0,1,0
4288,2571,556,241,328,1722,2.3070539419087135,7584.81,0,1,0,0,1,0,0
2577,3842,939,341,565,1004,2.7536656891495603,4878.51,0,0,0,1,0,0,1
4849,2135,25,103,682,234,0.24271844660194175,5301.2,0,0,1,0,1,0,0
3605,2067,475,359,98,829,1.3231197771587744,5416.74,1,0,0,0,0,1,0
3575,199,411,230,659,743,1.7869565217391303,5553.25,0,0,1,0,0,0,1
4629,1952,303,306,300,1134,0.9901960784313726,6040.95,0,1,0,0,0,0,1
1235,3283,180,212,30,987,0.8490566037735849,1565.82,0,0,0,1,1,0,0
4100,2455,41,445,74,879,0.09213483146067415,4315.67,0,0,0,1,1,0,0
474,211,272,352,172,1124,0.7727272727272727,620.5,1,0,0,0,0,0,1
306,3258,224,90,84,1736,2.488888888888889,580.52,0,1,0,0,1,0,0
4975,282,992,214,585,1235,4.635514018691588,13074.08,0,1,0,0,0,1,0
1419,3952,567,490,290,733,1.1571428571428573,2051.43,0,0,0,1,0,1,0
1241,264,198,458,639,1427,0.43231441048034935,1422.42,0,1,0,0,1,0,0
4727,2237,795,389,85,1861,2.043701799485861,7836.93,0,0,1,0,0,0,1
2790,2123,592,497,254,1174,1.1911468812877264,3836.97,0,1,0,0,1,0,0
3355,554,817,86,664,675,9.5,13066.01,0,0,1,0,0,0,1
189,2385,609,47,519,1418,12.957446808510639,976.13,0,0,1,0,0,0,1
4208,4922,855,204,452,655,4.1911764705882355,10360.23,0,0,1,0,0,1,0
3120,641,955,473,307,258,2.019027484143763,5352.64,0,0,0,1,1,0,0
1957,2765,270,51,648,1269,5.294117647058823,5470.72,0,0,1,0,0,0,1
904,2549,191,464,184,1002,0.41163793103448276,1067.24,1,0,0,0,0,0,1
1044,4033,514,191,314,1174,2.6910994764397906,1976.54,0,1,0,0,0,0,1
2889,2986,351,254,341,624,1.3818897637795275,4469.8,0,0,1,0,0,0,1
3975,4714,963,204,227,99,4.720588235294118,10297.7,1,0,0,0,0,1,0
1710,4392,31,87,264,1127,0.3563218390804598,1979.74,0,0,0,1,0,1,0
3023,4004,83,329,450,1747,0.25227963525835867,3359.94,0,0,0,1,0,1,0
3982,1788,611,473,251,12,1.291754756871036,5576.58,0,0,0,1,0,1,0
3321,1737,856,397,408,1917,2.1561712846347607,5918.2,0,0,0,1,0,1,0
4491,4828,175,424,170,1250,0.41273584905660377,5132.54,0,1,0,0,1,0,0
4835,4770,243,134,566,1982,1.8134328358208955,7849.86,0,0,0,1,1,0,0
2487,4182,384,150,132,813,2.56,4677.23,0,1,0,0,0,1,0
4823,1990,442,36,606,1466,12.277777777777779,24268.42,1,0,0,0,0,0,1
1041,3305,650,324,46,1172,2.006172839506173,1681.43,0,0,0,1,0,0,1
2666,577,343,330,350,179,1.0393939393939393,3501.04,0,0,0,1,1,0,0
1075,2466,813,457,99,1031,1.7789934354485777,1765.13,1,0,0,0,1,0,0
1054,2626,616,290,37,152,2.1241379310344826,1804.06,1,0,0,0,1,0,0
1362,466,549,302,438,835,1.8178807947019868,2142.91,0,1,0,0,0,1,0
1043,1936,875,251,75,582,3.4860557768924303,2343.33,0,0,1,0,0,0,1
2302,1815,44,245,58,1377,0.17959183673469387,2618.01,0,1,0,0,0,0,1
3427,112,453,212,19,565,2.1367924528301887,5949.18,0,0,1,0,1,0,0
4374,635,240,466,402,1698,0.5150214592274678,5404.36,0,1,0,0,1,0,0
2359,3339,327,389,188,1441,0.8406169665809768,2999.7,0,0,1,0,1,0,0
1928,2417,352,336,139,1629,1.0476190476190477,2777.77,0,0,0,1,1,0,0
1357,4142,439,151,143,1687,2.9072847682119205,2793.69,0,0,1,0,0,1,0
564,475,885,103,108,1594,8.592233009708737,2148.65,1,0,0,0,0,0,1
3394,1824,988,161,221,196,6.136645962732919,10286.74,1,0,0,0,0,1,0
1330,356,646,262,145,325,2.4656488549618323,2476.79,0,0,1,0,0,0,1
2754,2364,475,76,510,482,6.25,8444.9,0,0,0,1,0,1,0
984,549,88,185,376,208,0.4756756756756757,1173.73,0,0,0,1,0,0,1
3905,993,902,112,5,936,8.053571428571429,14061.01,0,0,1,0,0,1,0
3956,3312,582,100,388,1327,5.82,11170.31,0,0,1,0,0,0,1
3235,1284,458,202,568,1323,2.267326732673267,5678.32,1,0,0,0,0,1,0
1024,3323,738,175,560,957,4.217142857142857,2420.66,1,0,0,0,0,0,1
4689,1408,291,99,163,426,2.9393939393939394,9078.1,0,1,0,0,1,0,0
1646,4805,684,335,365,1086,2.0417910447761196,2863.05,0,0,0,1,0,0,1
1194,1016,66,324,417,1219,0.2037037037037037,1318.87,0,0,0,1,0,0,1
2511,247,984,499,509,567,1.971943887775551,4216.96,0,0,0,1,0,1,0
2717,4851,200,277,612,1387,0.7220216606498195,3357.12,0,1,0,0,1,0,0
862,2214,653,447,21,1585,1.4608501118568233,1298.66,0,1,0,0,0,1,0
2423,4116,472,60,614,618,7.866666666666666,8761.2,1,0,0,0,0,0,1
4245,4040,51,175,517,945,0.2914285714285714,4821.33,1,0,0,0,0,0,1
2875,4171,495,183,197,1102,2.7049180327868854,5498.46,0,0,1,0,0,0,1
4759,2895,182,236,661,887,0.7711864406779662,6271.22,0,1,0,0,0,0,1
4978,542,688,275,345,929,2.501818181818182,9053.18,0,1,0,0,0,1,0
3255,3044,259,18,330,284,14.38888888888889,17917.13,0,1,0,0,1,0,0
4070,4036,519,96,378,1081,5.40625,10762.53,0,0,0,1,0,0,1
2140,498,511,103,211,681,4.961165048543689,5635.13,1,0,0,0,0,1,0
683,1251,202,61,160,376,3.3114754098360657,1457.78,0,0,1,0,0,1,0
4431,3892,799,188,658,376,4.25,10666.46,0,1,0,0,0,1,0
2203,3095,916,287,570,1743,3.191637630662021,4434.62,0,1,0,0,0,1,0
2042,2316,759,248,354,772,3.060483870967742,4019.61,0,1,0,0,0,1,0
4555,1807,751,82,240,788,9.158536585365853,17342.39,0,0,0,1,0,0,1
209,3431,174,348,79,373,0.5,241.48,0,0,1,0,0,0,1
291,2087,764,81,152,857,9.432098765432098,1161.99,0,0,1,0,1,0,0
1003,4702,99,383,517,1699,0.2584856396866841,1098.13,0,1,0,0,1,0,0
961,2668,700,77,383,244,9.090909090909092,3829.35,0,0,1,0,1,0,0
1183,260,996,14,693,762,71.14285714285714,28973.61,0,0,0,1,1,0,0
749,4535,67,348,352,1845,0.1925287356321839,798.08,0,1,0,0,0,1,0
4234,4004,982,247,201,1063,3.9757085020242915,10112.96,1,0,0,0,0,1,0
3711,3673,272,475,133,1333,0.5726315789473684,4634.52,1,0,0,0,0,1,0
736,3277,657,130,634,633,5.053846153846154,2011.2,0,0,1,0,0,1,0
1136,1925,759,422,169,86,1.7985781990521328,1776.06,1,0,0,0,0,1,0
4231,4024,828,220,391,99,3.7636363636363637,9824.76,1,0,0,0,0,1,0
2248,1723,252,271,385,374,0.9298892988929889,3150.52,0,1,0,0,0,1,0
3965,1276,672,334,98,758,2.0119760479041915,6934.76,0,0,0,1,0,1,0
3257,3820,867,67,377,1519,12.940298507462687,17149.99,0,1,0,0,1,0,0
3687,4980,885,52,340,1884,17.01923076923077,22715.26,0,0,0,1,0,0,1
3394,3320,768,206,531,1930,3.7281553398058254,7348.71,0,1,0,0,1,0,0
4361,3359,228,81,132,1232,2.814814814814815,8778.11,1,0,0,0,0,1,0
2530,230,18,100,608,625,0.18,2727.8,0,1,0,0,0,1,0
1979,3662,439,46,210,983,9.543478260869565,7910.79,0,0,1,0,0,1,0
4066,1599,815,323,5,83,2.523219814241486,7179.88,0,0,1,0,0,0,1
3813,2888,888,246,377,1601,3.6097560975609757,8441.04,0,0,0,1,0,1,0
4226,4976,22,495,640,1,0.044444444444444446,4523.57,0,0,0,1,0,1,0
4206,3808,784,392,54,437,2.0,7376.83,0,0,0,1,1,0,0
2111,1807,916,302,498,686,3.033112582781457,4391.65,0,0,1,0,1,0,0
3473,1869,979,475,198,250,2.0610526315789475,5904.77,0,1,0,0,0,1,0
2243,1418,234,163,441,410,1.4355828220858895,3404.54,1,0,0,0,0,0,1
2600,3479,752,179,718,738,4.201117318435754,6119.7,0,0,0,1,0,0,1
4681,2873,699,281,180,1410,2.487544483985765,8282.53,0,1,0,0,1,0,0
1389,3090,768,415,241,1820,1.8506024096385543,2347.6,0,1,0,0,1,0,0
1547,3144,76,119,320,1108,0.6386554621848739,1944.7,0,0,1,0,0,0,1
3299,475,818,160,501,490,5.1125,8714.42,0,0,1,0,1,0,0
2043,3136,678,440,650,239,1.540909090909091,3007.88,1,0,0,0,0,1,0
3283,760,686,460,23,923,1.491304347826087,5067.96,0,1,0,0,0,1,0
3316,1503,512,140,632,540,3.657142857142857,7232.06,0,0,0,1,0,1,0
3236,840,193,277,627,380,0.6967509025270758,4011.66,0,0,1,0,0,1,0
3418,403,217,32,594,799,6.78125,11280.82,0,1,0,0,1,0,0
2882,1185,537,376,708,943,1.428191489361702,4192.41,0,0,1,0,0,1,0
1090,4981,309,148,180,1415,2.0878378378378377,1864.02,0,1,0,0,0,1,0
2253,3279,827,499,175,1352,1.657314629258517,3641.6,0,0,1,0,0,1,0
325,1310,250,317,198,1504,0.7886435331230284,436.02,0,0,0,1,0,1,0
876,3134,464,248,538,1995,1.8709677419354838,1479.66,1,0,0,0,0,0,1
2937,328,984,443,454,1328,2.221218961625282,5332.94,0,0,0,1,0,1,0
787,3219,751,450,99,1306,1.6688888888888889,1197.84,0,0,1,0,1,0,0
629,1954,911,201,427,695,4.532338308457711,1623.84,0,0,1,0,0,1,0
3542,367,539,136,453,1369,3.963235294117647,7761.71,0,0,1,0,0,0,1
2253,2874,668,439,191,135,1.5216400911161732,3365.45,0,0,0,1,0,1,0
1394,2949,253,38,578,1492,6.657894736842105,4213.45,0,0,1,0,1,0,0
1626,4449,572,130,499,361,4.4,4129.01,0,0,0,1,1,0,0
4874,2234,971,207,616,569,4.690821256038648,12230.32,0,0,1,0,0,0,1
2996,3559,780,183,191,1139,4.262295081967213,7042.18,1,0,0,0,1,0,0
3203,2369,247,153,141,186,1.6143790849673203,4833.69,1,0,0,0,1,0,0
2540,1089,255,491,691,478,0.5193482688391039,2981.49,0,0,1,0,1,0,0
4235,4592,354,188,175,888,1.8829787234042554,7034.2,0,1,0,0,0,0,1
3902,1037,493,366,420,1,1.3469945355191257,5504.59,0,0,0,1,0,0,1
944,539,319,20,676,850,15.95,5785.61,0,0,1,0,0,0,1
546,2458,570,148,434,968,3.8513513513513513,1268.02,0,0,0,1,0,0,1
4015,2107,293,456,440,541,0.6425438596491229,5076.77,0,1,0,0,0,0,1
3209,3445,47,446,531,1768,0.10538116591928251,3584.09,1,0,0,0,0,0,1
1334,4230,805,262,532,1686,3.072519083969466,2631.62,0,0,0,1,0,0,1
326,4916,41,354,361,992,0.11581920903954802,339.93,0,0,0,1,0,0,1
4243,3843,252,323,446,1448,0.7801857585139319,5613.62,0,0,0,1,0,0,1
3059,618,562,28,556,702,20.071428571428573,23257.25,0,0,0,1,0,1,0
1930,368,301,169,708,270,1.7810650887573964,3109.79,0,0,0,1,0,0,1
3879,4833,624,315,707,1784,1.980952380952381,6691.72,1,0,0,0,0,1,0
286,4285,301,131,357,898,2.2977099236641223,505.27,0,0,0,1,0,0,1
2977,1488,628,81,561,419,7.753086419753086,10097.85,0,0,0,1,0,0,1
2635,1794,767,64,59,1351,11.984375,12683.08,1,0,0,0,0,0,1
2032,3373,391,469,644,195,0.8336886993603412,2595.07,0,0,1,0,0,1,0
3024,1489,608,178,167,1917,3.4157303370786516,6411.76,0,0,1,0,0,1,0
948,3965,587,108,647,255,5.435185185185185,2530.56,0,0,0,1,0,0,1
2132,3129,147,79,601,79,1.860759493670886,3383.79,1,0,0,0,0,0,1
1352,2435,847,158,263,1899,5.360759493670886,3837.67,0,0,0,1,0,1,0
1981,3774,209,126,431,1122,1.6587301587301588,3001.16,0,0,1,0,0,0,1
369,4676,344,35,628,1174,9.82857142857143,1489.7,1,0,0,0,0,0,1
1730,600,614,257,196,786,2.3891050583657587,3265.61,0,1,0,0,0,1,0
4505,1761,456,394,354,814,1.1573604060913705,6418.77,1,0,0,0,0,1,0
3303,2199,357,218,620,1874,1.6376146788990826,5214.27,0,0,1,0,0,1,0
1674,202,287,236,47,447,1.2161016949152543,2477.78,1,0,0,0,0,0,1
2992,2846,541,420,309,123,1.2880952380952382,4365.69,0,1,0,0,0,1,0
1795,3376,810,443,230,1634,1.8284424379232507,2841.26,1,0,0,0,0,0,1
3358,3185,408,123,411,676,3.317073170731707,6982.66,0,0,0,1,1,0,0
3362,3637,400,203,316,1582,1.9704433497536946,5753.27,0,0,0,1,1,0,0
1545,1427,993,493,77,359,2.0141987829614605,2694.82,0,0,1,0,0,0,1
319,2574,611,330,62,239,1.8515151515151516,509.75,1,0,0,0,0,0,1
152,1779,571,19,571,1766,30.05263157894737,1562.28,0,0,1,0,0,1,0
1857,3846,19,104,238,805,0.18269230769230768,2022.95,1,0,0,0,0,0,1
1766,2662,600,130,701,1780,4.615384615384615,4462.31,0,0,1,0,0,0,1
2885,4263,558,135,568,1554,4.133333333333334,6642.38,1,0,0,0,0,1,0
819,3417,68,46,78,683,1.4782608695652173,1287.8,0,0,0,1,0,0,1
505,2536,97,78,559,1896,1.2435897435897436,761.22,0,0,1,0,1,0,0
2394,407,468,306,650,669,1.5294117647058822,3729.6,0,0,1,0,0,0,1
171,4096,113,183,416,204,0.6174863387978142,222.34,0,1,0,0,0,1,0
2153,1189,840,470,24,1682,1.7872340425531914,3402.58,1,0,0,0,0,0,1
1329,4655,798,54,29,143,14.777777777777779,7809.53,0,0,0,1,0,0,1
1667,2494,113,132,491,187,0.8560606060606061,2237.26,0,0,0,1,0,0,1
3782,4104,263,391,135,1512,0.6726342710997443,4664.8,0,0,0,1,1,0,0
3053,766,751,481,351,122,1.5613305613305613,4625.77,0,0,1,0,0,1,0
4582,4263,344,36,350,1374,9.555555555555555,18582.77,0,0,0,1,1,0,0
798,2334,472,202,281,1124,2.3366336633663365,1464.85,0,0,1,0,1,0,0
926,1336,558,349,476,284,1.5988538681948423,1489.67,0,1,0,0,0,1,0
448,1723,310,145,292,949,2.1379310344827585,781.95,0,0,0,1,0,1,0
4008,1474,663,204,189,527,3.25,8486.99,0,1,0,0,1,0,0
407,3411,564,58,583,384,9.724137931034482,1636.38,1,0,0,0,1,0,0
3516,276,637,105,419,1579,6.066666666666666,10649.9,1,0,0,0,0,0,1
2434,1453,350,130,468,1825,2.6923076923076925,4666.11,0,1,0,0,0,1,0
4961,3028,501,258,206,898,1.941860465116279,8026.09,1,0,0,0,1,0,0
4920,725,93,482,242,187,0.19294605809128632,5699.34,0,0,0,1,0,0,1
2909,2754,938,226,306,1032,4.150442477876106,6866.04,0,0,0,1,1,0,0
3658,3708,268,123,184,624,2.178861788617886,6529.66,0,0,1,0,1,0,0
4578,3815,369,23,478,545,16.043478260869566,28010.88,0,1,0,0,0,1,0
3577,4374,96,71,504,1443,1.352112676056338,5497.03,0,1,0,0,1,0,0
4720,494,437,52,128,914,8.403846153846153,16854.65,0,0,1,0,0,1,0
2786,1268,376,420,449,90,0.8952380952380953,3727.26,0,0,0,1,1,0,0
3085,297,352,249,230,496,1.4136546184738956,4404.39,0,1,0,0,0,0,1
375,1068,356,105,41,1685,3.3904761904761904,771.36,0,0,1,0,0,1,0
2647,4008,812,36,674,960,22.555555555555557,21136.11,0,1,0,0,0,1,0
2864,3255,930,333,392,1948,2.7927927927927927,5512.33,0,1,0,0,0,0,1
436,4864,105,392,340,1748,0.26785714285714285,509.67,0,0,1,0,0,1,0
2073,2604,264,251,670,116,1.051792828685259,2854.37,0,1,0,0,0,0,1
3079,1376,863,496,21,685,1.7399193548387097,4949.15,1,0,0,0,0,1,0
4676,4267,145,468,347,1044,0.30982905982905984,5582.88,0,0,1,0,0,1,0
4068,4418,257,249,10,1915,1.0321285140562249,5730.66,0,0,1,0,0,1,0
1010,1369,508,313,87,132,1.623003194888179,1509.31,1,0,0,0,0,1,0
2096,1464,893,76,545,1316,11.75,9651.76,0,1,0,0,1,0,0
3229,1023,967,290,339,1378,3.3344827586206898,6483.8,1,0,0,0,1,0,0
4304,570,495,201,715,1261,2.462686567164179,7535.5,0,1,0,0,1,0,0
3857,3116,411,128,4,1613,3.2109375,7828.97,0,0,0,1,0,1,0
427,2154,613,161,23,223,3.8074534161490683,981.31,1,0,0,0,1,0,0
1899,4383,421,274,197,436,1.5364963503649636,2842.13,1,0,0,0,0,1,0
414,2151,980,401,498,1662,2.4438902743142146,745.68,1,0,0,0,0,1,0
3645,3054,917,240,273,1063,3.8208333333333333,8131.21,0,0,0,1,0,0,1
1234,1248,457,360,451,327,1.2694444444444444,1804.53,0,1,0,0,0,0,1
2846,3186,256,258,107,1233,0.9922480620155039,4022.95,0,0,0,1,0,0,1
4976,1059,779,68,378,106,11.455882352941176,24248.05,1,0,0,0,0,1,0
1620,729,708,26,200,652,27.23076923076923,15752.25,0,0,0,1,0,0,1
255,874,430,180,2,1273,2.388888888888889,459.86,1,0,0,0,0,0,1
1824,459,133,360,121,567,0.36944444444444446,2164.32,0,0,1,0,0,1,0
3443,617,269,461,615,630,0.5835140997830802,4315.98,0,1,0,0,0,1,0
986,1443,178,141,149,1886,1.2624113475177305,1430.65,1,0,0,0,1,0,0
3173,2069,950,366,152,688,2.5956284153005464,6059.7,0,0,0,1,0,1,0
2905,3327,886,145,565,1378,6.110344827586207,8634.49,0,0,0,1,1,0,0
821,2999,120,51,678,470,2.3529411764705883,1540.09,0,0,0,1,0,1,0
1012,1034,299,314,306,725,0.9522292993630573,1307.47,0,1,0,0,0,0,1
3457,2086,608,15,679,265,40.53333333333333,47510.49,0,0,1,0,0,1,0
970,476,22,338,475,1676,0.0650887573964497,1028.2,0,1,0,0,1,0,0
4208,3660,272,179,364,1488,1.5195530726256983,6598.19,0,0,1,0,0,1,0
597,1874,809,465,71,837,1.739784946236559,925.93,0,0,0,1,0,1,0
1856,1605,32,297,640,851,0.10774410774410774,1999.16,0,1,0,0,0,0,1
1217,2754,954,408,33,1465,2.338235294117647,2215.21,0,0,1,0,0,1,0
3509,1110,209,347,157,1308,0.6023054755043228,4392.95,0,0,0,1,0,0,1
2928,3577,251,224,330,785,1.1205357142857142,4125.55,0,0,0,1,1,0,0
1747,1330,248,78,716,534,3.1794871794871793,3561.84,0,1,0,0,0,1,0
3083,1277,312,379,707,1955,0.8232189973614775,4133.5,0,0,1,0,1,0,0
242,3957,174,36,387,369,4.833333333333333,631.23,0,0,0,1,0,1,0
2861,2195,747,234,621,699,3.1923076923076925,6090.88,0,0,0,1,0,0,1
3535,1772,185,331,159,1743,0.5589123867069486,4430.29,0,0,0,1,0,1,0
4760,2028,38,243,539,1683,0.15637860082304528,5053.28,1,0,0,0,0,0,1
2531,3939,686,495,227,1519,1.385858585858586,3805.28,0,0,1,0,1,0,0
4612,3278,544,452,252,946,1.2035398230088497,6305.18,0,0,1,0,1,0,0
1948,4368,303,421,367,154,0.7197149643705463,2460.35,1,0,0,0,0,0,1
2796,2653,486,417,262,620,1.1654676258992807,3929.04,0,0,0,1,0,1,0
1817,2545,392,60,646,316,6.533333333333333,5838.1,1,0,0,0,0,0,1
3172,4489,565,158,538,1324,3.5759493670886076,6693.47,1,0,0,0,0,0,1
1167,651,782,424,43,1464,1.8443396226415094,1929.36,1,0,0,0,0,0,1
2886,2997,701,84,531,811,8.345238095238095,10305.84,0,0,1,0,0,0,1
3891,1139,305,315,16,151,0.9682539682539683,5497.59,0,0,0,1,1,0,0
1388,984,660,101,105,1994,6.534653465346534,4326.6,0,0,0,1,0,0,1
3971,3151,343,377,203,1430,0.9098143236074271,5412.85,0,0,1,0,0,0,1
1906,4329,257,433,678,175,0.5935334872979214,2390.56,0,0,1,0,1,0,0
1604,4966,250,77,59,1079,3.2467532467532467,3262.48,1,0,0,0,1,0,0
3408,3697,115,244,48,779,0.4713114754098361,4240.42,1,0,0,0,1,0,0
3051,2655,907,371,660,1335,2.444743935309973,5620.41,0,1,0,0,0,1,0
171,1189,940,153,277,154,6.143790849673203,510.99,0,1,0,0,0,1,0
1790,4675,694,85,412,1921,8.16470588235294,6500.68,0,0,1,0,1,0,0
1444,558,570,95,178,1524,6.0,4403.32,1,0,0,0,0,0,1
3403,4821,132,236,114,501,0.559322033898305,3997.51,0,0,1,0,0,0,1
3213,4354,44,372,296,1214,0.11827956989247312,3456.45,1,0,0,0,1,0,0
982,2107,627,456,438,506,1.375,1503.82,1,0,0,0,1,0,0
4334,2020,997,65,266,149,15.338461538461539,24368.14,0,0,1,0,0,1,0
2762,4627,849,89,162,8,9.539325842696629,11348.05,0,0,1,0,1,0,0
1604,1103,425,33,504,1684,12.878787878787879,8115.87,0,0,0,1,0,1,0
2563,3183,717,236,36,1709,3.038135593220339,4999.25,0,0,0,1,1,0,0
2653,2214,630,37,587,593,17.027027027027028,17195.58,0,1,0,0,0,0,1
832,2689,646,130,458,591,4.969230769230769,2244.54,0,0,1,0,1,0,0
1848,2243,336,499,647,469,0.6733466933867736,2325.11,0,1,0,0,0,0,1
4024,4410,304,102,371,321,2.980392156862745,7733.77,0,0,1,0,1,0,0
523,2341,441,350,486,572,1.26,742.76,0,0,1,0,0,1,0
3578,2186,356,121,272,451,2.9421487603305785,7397.15,0,0,1,0,1,0,0
1691,1038,46,387,179,1631,0.11886304909560723,1770.75,0,0,0,1,0,0,1
4585,4401,709,354,480,1848,2.0028248587570623,7457.85,0,1,0,0,0,0,1
4537,4070,521,496,159,128,1.0504032258064515,6557.51,0,0,1,0,0,0,1
4809,4099,858,40,204,1658,21.45,38908.86,0,1,0,0,1,0,0
592,4750,979,152,278,1311,6.440789473684211,1858.63,0,1,0,0,0,1,0
291,3508,909,376,143,853,2.4175531914893615,509.63,0,0,0,1,0,1,0
598,870,544,307,520,87,1.771986970684039,937.93,0,0,0,1,0,1,0
1356,348,919,236,512,1918,3.8940677966101696,2993.08,0,0,1,0,0,0,1
2068,472,782,367,116,1105,2.130790190735695,3603.83,1,0,0,0,0,0,1
4422,3026,715,259,392,534,2.7606177606177607,8406.69,0,1,0,0,0,1,0
2286,3957,887,59,343,1276,15.033898305084746,12656.43,0,0,0,1,0,1,0
916,801,673,223,373,190,3.0179372197309418,1796.17,0,1,0,0,1,0,0
3320,2285,27,389,688,824,0.06940874035989718,3680.82,1,0,0,0,1,0,0
1573,1041,36,398,369,1622,0.09045226130653267,1744.3,0,1,0,0,1,0,0
1186,4014,545,441,215,1508,1.2358276643990929,1730.24,0,0,1,0,0,1,0
4299,893,38,278,511,379,0.1366906474820144,4513.57,0,1,0,0,0,1,0
1974,777,660,297,569,456,2.2222222222222223,3580.44,0,0,0,1,0,1,0
970,1661,667,204,327,1903,3.269607843137255,2024.16,0,0,1,0,0,0,1
4863,4153,644,263,37,1032,2.4486692015209126,8852.56,0,0,1,0,0,1,0
2142,552,649,88,380,318,7.375,7523.92,1,0,0,0,1,0,0
372,2566,889,484,512,334,1.8367768595041323,577.49,0,0,1,0,1,0,0
1129,3756,126,253,324,230,0.4980237154150198,1369.82,0,0,0,1,0,0,1
3318,4246,141,100,369,664,1.41,5095.1,1,0,0,0,1,0,0
4169,3854,298,423,224,508,0.7044917257683215,5082.27,0,0,1,0,1,0,0
1151,309,727,15,713,790,48.46666666666667,18525.4,1,0,0,0,0,0,1
4133,2026,245,290,100,1551,0.8448275862068966,5686.89,0,1,0,0,1,0,0
1673,4066,51,421,75,1499,0.12114014251781473,1770.52,0,0,1,0,0,0,1
3290,1977,169,455,437,924,0.37142857142857144,3850.83,0,0,0,1,1,0,0
4488,726,773,159,703,1430,4.861635220125786,11856.9,0,0,0,1,0,0,1
3897,2826,700,333,368,1311,2.1021021021021022,6602.63,0,0,1,0,0,0,1
3389,1558,134,408,63,969,0.3284313725490196,3874.76,0,1,0,0,0,1,0
3847,2924,269,291,624,760,0.9243986254295533,4944.94,1,0,0,0,0,0,1
2205,1350,285,200,655,1791,1.425,3207.47,0,0,0,1,1,0,0
407,4858,222,283,99,446,0.784452296819788,547.06,0,0,0,1,0,1,0
3459,4463,972,82,225,1367,11.853658536585366,17049.17,1,0,0,0,0,1,0
3276,2263,482,456,75,325,1.0570175438596492,4446.28,1,0,0,0,0,1,0
1351,1723,845,327,710,877,2.5840978593272173,2489.88,0,0,0,1,0,0,1
2847,1953,711,77,184,167,9.233766233766234,11206.28,1,0,0,0,0,0,1
1617,853,579,313,293,1617,1.8498402555910542,2601.34,0,0,1,0,0,1,0
1478,1968,440,443,57,1320,0.9932279909706546,2043.84,0,0,0,1,0,0,1
4991,281,724,72,249,581,10.055555555555555,20072.9,0,0,0,1,1,0,0
2061,1613,89,462,626,1207,0.19264069264069264,2372.0,0,0,0,1,1,0,0
4405,1002,964,143,469,839,6.741258741258742,13713.84,0,0,1,0,1,0,0
2963,3444,237,451,140,1600,0.5254988913525499,3729.35,0,0,0,1,0,0,1
2756,3553,911,316,359,1800,2.882911392405063,5373.13,1,0,0,0,1,0,0
2594,3707,104,277,553,1863,0.37545126353790614,3110.24,0,0,0,1,1,0,0
4667,2656,433,232,408,1110,1.8663793103448276,7881.3,0,0,1,0,0,0,1
4105,2239,982,440,474,1580,2.231818181818182,7059.97,0,0,1,0,0,0,1
3663,4344,928,135,665,806,6.874074074074074,11935.17,0,1,0,0,1,0,0
1022,2264,957,274,446,1909,3.4927007299270074,2219.99,0,0,0,1,0,1,0
4332,2712,525,16,232,1173,32.8125,49211.21,0,0,1,0,0,1,0
4562,2121,174,422,617,772,0.41232227488151657,5367.02,0,1,0,0,0,0,1
3059,2921,435,215,618,928,2.0232558139534884,5065.77,0,0,0,1,0,0,1
283,2381,821,188,300,1847,4.367021276595745,674.04,0,0,1,0,0,0,1
3458,1670,902,477,642,861,1.8909853249475892,5716.79,0,0,1,0,0,1,0
1498,2072,51,192,426,956,0.265625,1622.59,0,0,0,1,1,0,0
2896,4086,806,489,161,59,1.6482617586912065,4732.1,0,0,0,1,0,1,0
636,2344,750,452,401,606,1.6592920353982301,1014.51,0,1,0,0,0,0,1
1373,2542,412,449,378,1859,0.9175946547884187,1828.6,0,0,0,1,0,1,0
3067,813,764,415,257,5,1.8409638554216867,4790.3,0,0,0,1,0,0,1
3149,3645,733,237,494,83,3.0928270042194095,6453.26,1,0,0,0,1,0,0
1196,322,425,245,489,840,1.7346938775510203,1821.63,0,0,0,1,0,0,1
1405,963,309,155,182,1407,1.9935483870967743,2397.93,0,0,1,0,1,0,0
1015,4725,64,67,526,549,0.9552238805970149,1315.34,0,1,0,0,1,0,0
3181,1525,345,305,100,1503,1.1311475409836065,4539.98,0,1,0,0,0,1,0
4347,2404,910,250,358,1051,3.64,9463.04,0,1,0,0,0,0,1
1128,753,890,354,231,525,2.5141242937853105,2109.9,0,0,1,0,0,1,0
2077,1259,439,296,565,1002,1.4831081081081081,3042.69,0,0,0,1,0,0,1
3454,1942,981,449,6,1926,2.1848552338530065,5785.07,0,0,1,0,0,0,1
2611,543,694,172,90,1601,4.034883720930233,5914.33,1,0,0,0,0,0,1
370,2565,798,35,64,414,22.8,3020.17,0,1,0,0,0,1,0
1286,4769,343,461,88,715,0.7440347071583514,1612.85,0,0,0,1,0,1,0
4655,4536,750,115,33,180,6.521739130434782,13875.48,0,0,0,1,0,0,1
4300,2957,415,249,72,1833,1.6666666666666667,6659.64,0,1,0,0,0,1,0
3864,1380,39,349,556,1488,0.11174785100286533,4275.39,1,0,0,0,0,0,1
2498,3139,544,427,253,783,1.2740046838407495,3654.06,1,0,0,0,0,1,0
4629,3895,526,341,107,901,1.5425219941348973,7423.38,0,0,0,1,0,1,0
4335,3737,584,409,514,527,1.4278728606356967,6461.87,0,0,1,0,1,0,0
4282,3858,230,388,136,1,0.5927835051546392,5211.34,0,1,0,0,0,1,0
1811,199,836,51,629,271,16.392156862745097,11460.27,0,0,1,0,0,0,1
2330,2186,999,142,409,484,7.035211267605634,7546.18,0,0,0,1,0,1,0
228,2410,603,326,121,956,1.8496932515337423,376.44,0,1,0,0,0,1,0
1369,4345,503,53,478,1072,9.49056603773585,5765.16,1,0,0,0,0,0,1
3772,2837,763,44,94,694,17.34090909090909,24562.82,1,0,0,0,0,1,0
1701,1707,262,373,505,1207,0.7024128686327078,2162.04,1,0,0,0,1,0,0
4865,3053,573,356,7,840,1.6095505617977528,7773.35,0,0,0,1,1,0,0
4070,4081,330,393,600,373,0.8396946564885496,5480.51,1,0,0,0,1,0,0
4344,3294,48,10,694,1750,4.8,11146.53,0,1,0,0,1,0,0
727,4439,474,235,191,539,2.0170212765957447,1174.46,0,1,0,0,0,0,1
3897,4782,780,308,457,1531,2.5324675324675323,7530.3,0,1,0,0,0,0,1
2144,3192,947,297,386,1762,3.1885521885521886,4353.16,0,1,0,0,1,0,0
3652,3062,848,245,278,670,3.4612244897959186,7679.88,1,0,0,0,0,0,1
2441,2762,420,368,448,1996,1.141304347826087,3598.41,0,1,0,0,0,1,0
3314,955,421,456,52,1530,0.9232456140350878,4600.97,0,0,0,1,0,1,0
349,2246,501,42,405,572,11.928571428571429,1650.69,0,1,0,0,0,1,0
3025,1486,447,104,396,66,4.298076923076923,7139.02,1,0,0,0,1,0,0
1074,1816,488,214,694,1710,2.2803738317757007,1939.14,1,0,0,0,1,0,0
1425,4251,792,118,211,52,6.711864406779661,4437.89,0,0,1,0,0,0,1
1083,1825,958,331,710,470,2.894259818731118,2074.22,0,1,0,0,0,0,1
988,2053,81,39,270,243,2.076923076923077,1760.7,1,0,0,0,0,0,1
3037,284,591,275,545,337,2.149090909090909,5277.61,0,0,1,0,1,0,0
2217,621,229,32,614,1827,7.15625,7508.59,0,0,0,1,0,0,1
2772,2411,13,106,282,756,0.12264150943396226,3078.92,0,1,0,0,0,1,0
1426,1348,871,48,398,1145,18.145833333333332,9883.02,1,0,0,0,0,1,0
570,1758,922,182,216,554,5.065934065934066,1566.03,1,0,0,0,0,1,0
2087,1102,299,257,432,1720,1.1634241245136188,2956.41,0,1,0,0,1,0,0
190,3327,389,388,321,1069,1.0025773195876289,265.77,0,0,1,0,0,0,1
629,3238,911,422,639,52,2.1587677725118484,1118.94,0,1,0,0,0,0,1
4856,2028,813,423,493,1175,1.9219858156028369,8380.5,0,0,0,1,1,0,0
4159,493,364,171,606,413,2.128654970760234,7300.89,0,0,0,1,1,0,0
4934,1717,752,189,586,1565,3.9788359788359786,11789.59,0,1,0,0,0,1,0
2873,3741,944,112,128,569,8.428571428571429,10233.93,0,0,1,0,1,0,0
1786,760,89,218,74,1522,0.40825688073394495,2030.02,0,0,0,1,0,1,0
291,4264,75,31,476,1811,2.4193548387096775,510.16,0,1,0,0,0,1,0
2086,419,145,14,452,1233,10.357142857142858,8691.57,0,0,1,0,0,0,1
3723,2324,408,148,462,8,2.7567567567567566,6861.55,0,0,1,0,0,1,0
2285,683,712,223,438,946,3.192825112107623,4528.52,1,0,0,0,0,0,1
4540,3700,356,169,256,1415,2.106508875739645,8146.94,0,0,0,1,0,1,0
1108,681,857,417,448,247,2.0551558752997603,1839.89,0,1,0,0,0,0,1
3883,3796,970,404,102,1419,2.400990099009901,6999.25,0,0,0,1,1,0,0
4398,1867,68,148,559,1731,0.4594594594594595,5415.36,0,0,1,0,0,0,1
4768,1656,787,154,677,834,5.1103896103896105,12220.79,1,0,0,0,1,0,0
4387,1898,528,169,283,1363,3.1242603550295858,8768.56,0,0,0,1,0,0,1
2152,4306,889,92,204,412,9.66304347826087,8524.11,0,1,0,0,1,0,0
3408,1098,723,164,86,952,4.408536585365853,7964.8,0,0,0,1,1,0,0
1816,857,853,297,324,1564,2.872053872053872,3705.5,0,0,1,0,1,0,0
410,382,986,326,164,1369,3.0245398773006134,849.14,1,0,0,0,0,1,0
4638,4996,246,290,57,843,0.8482758620689655,6329.89,0,0,0,1,1,0,0
1360,230,789,73,206,1320,10.808219178082192,6270.96,0,0,1,0,0,0,1
4032,1393,88,201,429,235,0.43781094527363185,4632.08,0,0,1,0,1,0,0
3368,160,567,165,148,642,3.4363636363636365,7377.05,1,0,0,0,1,0,0
684,2311,764,433,301,588,1.7644341801385681,1122.2,0,0,1,0,0,0,1
2899,1648,809,100,290,1469,8.09,10854.26,0,0,0,1,1,0,0
459,4467,681,151,21,233,4.509933774834437,1103.71,0,1,0,0,0,0,1
2966,1881,124,51,137,742,2.4313725490196076,5341.82,1,0,0,0,1,0,0
2111,137,995,258,369,1868,3.856589147286822,4687.67,0,0,1,0,0,0,1
4106,3731,471,304,522,1906,1.549342105263158,6169.6,0,0,0,1,0,0,1
1725,2764,635,267,557,1945,2.3782771535580522,3148.59,1,0,0,0,1,0,0
2864,573,135,346,436,997,0.3901734104046243,3251.69,0,0,1,0,1,0,0
990,158,611,10,30,1887,61.1,20026.19,0,0,0,1,1,0,0
831,2736,582,118,448,310,4.932203389830509,2193.84,0,0,1,0,1,0,0
4061,2714,974,425,225,1937,2.291764705882353,6942.35,0,0,0,1,1,0,0
4801,2714,509,476,386,944,1.069327731092437,6504.11,0,0,1,0,1,0,0
2604,4578,838,134,689,908,6.253731343283582,8213.92,1,0,0,0,0,1,0
714,1511,111,73,608,701,1.5205479452054795,1122.4,1,0,0,0,1,0,0
3906,184,635,215,429,478,2.953488372093023,7865.6,1,0,0,0,0,1,0
1819,1633,183,424,529,1538,0.43160377358490565,2230.39,0,0,1,0,0,1,0
4869,3897,461,451,28,336,1.0221729490022173,6370.97,0,0,1,0,0,1,0
1687,2774,101,347,126,1601,0.2910662824207493,1835.42,1,0,0,0,1,0,0
1711,2973,704,253,499,52,2.782608695652174,3187.65,1,0,0,0,0,0,1
996,3220,394,87,187,546,4.528735632183908,2465.53,0,1,0,0,0,0,1
377,1190,214,120,654,301,1.7833333333333334,611.68,0,0,0,1,0,0,1
4747,2934,372,151,372,1776,2.4635761589403975,8349.23,0,1,0,0,1,0,0
1736,4324,716,225,138,641,3.1822222222222223,3417.83,0,0,0,1,0,0,1
2258,2176,826,462,337,1267,1.7878787878787878,3756.47,0,0,1,0,0,0,1
2532,3290,507,25,214,356,20.28,18769.79,0,0,0,1,1,0,0
4004,4887,546,462,291,820,1.1818181818181819,5961.89,0,0,0,1,1,0,0
4956,4328,243,63,570,835,3.857142857142857,10935.99,0,0,1,0,0,1,0
3362,1308,25,150,371,1634,0.16666666666666666,3758.57,0,0,1,0,1,0,0
1549,3677,990,389,530,588,2.544987146529563,2951.39,0,0,1,0,0,0,1
4600,4841,150,345,692,1848,0.43478260869565216,5653.77,1,0,0,0,1,0,0
1332,2681,957,88,670,1466,10.875,5851.57,1,0,0,0,1,0,0
4217,3887,629,424,549,877,1.4834905660377358,6211.54,0,0,0,1,0,0,1
777,615,429,462,296,731,0.9285714285714286,1015.91,0,0,1,0,0,0,1
2758,2312,465,158,591,1842,2.9430379746835444,5539.31,1,0,0,0,1,0,0
2128,3074,309,136,419,1637,2.2720588235294117,3765.4,0,0,1,0,1,0,0
3858,1032,348,167,666,1143,2.0838323353293413,6645.38,0,0,0,1,1,0,0
4724,1763,312,288,361,1433,1.0833333333333333,6272.15,1,0,0,0,0,0,1
2137,656,901,47,158,1676,19.170212765957448,14991.08,1,0,0,0,0,1,0
2749,1771,601,166,75,1395,3.6204819277108435,5912.68,0,1,0,0,1,0,0
756,1092,85,342,372,737,0.24853801169590642,882.54,0,0,0,1,1,0,0
265,1728,797,297,567,1791,2.6835016835016834,515.47,1,0,0,0,1,0,0
4691,1791,923,121,718,1097,7.628099173553719,16088.68,0,0,0,1,0,1,0
689,4952,959,199,521,1473,4.819095477386934,1791.36,0,0,0,1,1,0,0
4624,1204,789,115,106,824,6.860869565217391,14208.82,0,0,1,0,0,1,0
2921,1370,633,100,367,1842,6.33,9007.6,0,0,0,1,1,0,0
4358,3002,930,363,402,1495,2.56198347107438,7782.46,0,1,0,0,0,0,1
1362,4844,325,310,103,156,1.0483870967741935,1918.21,1,0,0,0,0,1,0
171,1509,509,58,325,771,8.775862068965518,656.85,0,0,0,1,0,0,1
3616,3746,84,170,373,934,0.49411764705882355,4276.78,0,0,0,1,1,0,0
4850,1430,735,13,338,576,56.53846153846154,90343.98,0,0,1,0,0,0,1
3680,4823,375,411,33,1334,0.9124087591240876,4729.53,0,0,1,0,0,1,0
368,2154,555,207,108,1060,2.681159420289855,685.43,0,1,0,0,1,0,0
1876,1053,662,329,422,248,2.012158054711246,3299.31,0,0,0,1,0,0,1
2562,1942,687,421,269,1452,1.631828978622328,4001.76,0,0,0,1,0,1,0
1368,2902,405,373,73,1068,1.0857908847184987,1899.62,0,0,0,1,0,1,0
1115,109,240,386,181,453,0.6217616580310881,1406.22,0,0,0,1,0,1,0
2822,2709,813,451,152,1143,1.8026607538802661,4558.78,1,0,0,0,0,0,1
1183,221,37,484,512,1373,0.07644628099173553,1253.15,0,0,0,1,0,1,0
4201,4882,484,263,68,693,1.8403041825095057,6611.31,0,0,0,1,1,0,0
506,2660,304,99,372,909,3.0707070707070705,1033.41,1,0,0,0,1,0,0
3176,3137,854,321,348,940,2.660436137071651,6138.56,0,0,1,0,0,1,0
1085,540,436,29,709,1412,15.03448275862069,6530.62,0,1,0,0,0,1,0
3703,2849,881,86,32,1094,10.244186046511627,15087.81,0,0,0,1,1,0,0
4585,690,100,229,620,947,0.4366812227074236,5220.22,1,0,0,0,1,0,0
809,1468,124,171,79,1894,0.7251461988304093,1073.58,0,0,0,1,0,1,0
2718,2089,168,352,259,454,0.4772727272727273,3303.28,0,0,1,0,1,0,0
4949,1461,267,403,497,267,0.6625310173697271,6500.96,1,0,0,0,0,1,0
1511,3873,382,124,175,731,3.0806451612903225,3032.72,1,0,0,0,0,0,1
4721,2164,859,103,367,1462,8.339805825242719,17221.56,1,0,0,0,0,1,0
1585,2515,99,415,15,366,0.2385542168674699,1756.9,0,0,0,1,0,1,0
3050,3051,766,142,51,1726,5.394366197183099,8099.9,0,0,1,0,0,0,1
4751,2868,307,181,107,1792,1.6961325966850829,7439.92,0,1,0,0,0,1,0
3034,3516,40,123,469,1211,0.3252032520325203,3334.88,1,0,0,0,0,1,0
4214,1676,838,18,202,1251,46.55555555555556,66281.75,0,0,0,1,0,0,1
4770,214,367,308,218,61,1.1915584415584415,7023.7,0,1,0,0,1,0,0
1103,1468,833,269,41,168,3.096654275092937,2196.02,1,0,0,0,1,0,0
2566,238,479,179,385,132,2.6759776536312847,4669.75,0,0,0,1,1,0,0
2566,3473,749,330,715,155,2.2696969696969695,4733.22,0,1,0,0,1,0,0
2038,1415,860,107,336,784,8.037383177570094,7041.72,0,1,0,0,1,0,0
2039,173,137,178,611,722,0.7696629213483146,2642.5,1,0,0,0,0,0,1
1735,3946,791,457,661,7,1.7308533916849016,2849.2,0,0,0,1,0,0,1
1798,583,279,320,105,523,0.871875,2325.53,0,1,0,0,0,1,0
4627,4211,507,227,203,1736,2.2334801762114536,8377.54,0,0,1,0,1,0,0
2191,1649,422,411,510,251,1.02676399026764,3025.53,0,0,1,0,0,0,1
1995,1459,218,409,95,1600,0.5330073349633252,2390.81,0,1,0,0,0,0,1
4340,1996,699,352,177,692,1.9857954545454546,7525.04,1,0,0,0,1,0,0
3498,4324,315,439,65,1664,0.7175398633257403,4515.4,1,0,0,0,0,0,1
1173,610,200,429,553,1286,0.4662004662004662,1419.34,1,0,0,0,0,1,0
2502,522,366,355,224,120,1.0309859154929577,3440.96,0,1,0,0,0,1,0
4995,2532,466,459,579,48,1.0152505446623095,6695.38,1,0,0,0,1,0,0
3312,2006,458,53,380,1093,8.641509433962264,12260.93,1,0,0,0,1,0,0
4137,4427,77,270,255,1913,0.2851851851851852,4530.5,0,0,1,0,1,0,0
1251,1058,848,294,298,1286,2.8843537414965987,2390.37,0,0,0,1,0,1,0
2545,924,788,135,581,742,5.837037037037037,7196.1,0,0,1,0,0,0,1
2056,164,791,269,171,1788,2.940520446096654,3892.43,0,1,0,0,0,1,0
4658,4810,883,364,613,1469,2.4258241758241756,8136.63,0,0,1,0,1,0,0
4007,3448,476,223,652,1986,2.1345291479820627,6750.55,0,0,0,1,0,0,1
907,900,369,314,718,1503,1.1751592356687899,1309.84,0,0,1,0,0,1,0
286,377,396,209,364,1255,1.894736842105263,456.83,1,0,0,0,1,0,0
4927,1817,137,245,73,224,0.5591836734693878,6053.78,0,0,0,1,1,0,0
4624,2513,785,350,60,457,2.242857142857143,8128.17,0,1,0,0,0,0,1
1407,1338,742,145,455,719,5.117241379310345,3864.49,0,0,1,0,0,1,0
2384,4623,763,387,336,853,1.971576227390181,4025.19,0,0,1,0,0,0,1
4966,1586,494,445,668,1390,1.1101123595505618,7226.88,1,0,0,0,0,0,1
857,4781,253,125,124,949,2.024,1463.88,0,0,0,1,0,1,0
4331,3398,948,462,455,28,2.051948051948052,7014.95,1,0,0,0,0,1,0
4987,4570,914,414,14,877,2.207729468599034,8606.24,0,0,1,0,0,1,0
3954,3095,28,164,416,1755,0.17073170731707318,4447.08,0,0,1,0,0,0,1
4366,192,405,431,27,901,0.9396751740139211,5862.7,0,0,0,1,0,0,1
2306,3631,676,398,50,849,1.6984924623115578,3627.01,0,0,1,0,0,1,0
3658,1940,238,350,187,101,0.68,4700.0,0,0,0,1,0,1,0
1680,3627,377,326,57,58,1.156441717791411,2327.5,0,1,0,0,0,0,1
1061,1721,67,401,667,1048,0.16708229426433915,1215.46,0,0,1,0,0,1,0
3947,1661,290,351,34,415,0.8262108262108262,5128.8,0,0,0,1,1,0,0
3675,1516,566,27,538,1251,20.962962962962962,28477.49,0,0,0,1,0,1,0
975,3064,111,397,371,1193,0.2795969773299748,1160.59,1,0,0,0,1,0,0
2518,4290,57,13,86,1513,4.384615384615385,6288.08,0,0,1,0,1,0,0
4298,1230,571,174,160,1270,3.281609195402299,8982.74,1,0,0,0,0,0,1
1101,1513,602,136,425,1860,4.426470588235294,2783.33,0,0,0,1,0,0,1
3484,3697,821,408,712,1748,2.0122549019607843,5900.34,0,1,0,0,0,0,1
4166,3844,68,431,106,363,0.15777262180974477,4555.89,0,1,0,0,0,1,0
2945,2218,170,420,391,1489,0.40476190476190477,3591.07,0,0,1,0,0,0,1
1581,763,112,222,512,1454,0.5045045045045045,1825.23,0,1,0,0,0,1,0
3401,2734,855,57,275,1802,15.0,19467.69,0,0,1,0,0,0,1
757,2874,421,55,289,421,7.654545454545454,2580.94,0,0,1,0,1,0,0
2880,4069,795,55,258,1941,14.454545454545455,16466.19,0,0,0,1,0,0,1
522,3590,192,57,220,21,3.3684210526315788,1050.82,0,0,0,1,1,0,0
3781,1671,426,196,527,636,2.173469387755102,6659.16,0,0,0,1,0,1,0
4366,1623,125,129,533,1393,0.9689922480620154,5830.37,1,0,0,0,0,0,1
2810,1087,883,141,59,464,6.26241134751773,8168.4,0,0,0,1,0,0,1
552,3338,408,468,360,97,0.8717948717948718,764.64,0,0,1,0,1,0,0
2497,3945,966,28,594,1674,34.5,28942.43,0,0,0,1,0,0,1
2075,3793,788,450,630,1516,1.751111111111111,3275.57,1,0,0,0,0,1,0
1757,198,685,284,113,1874,2.4119718309859155,3091.05,0,0,0,1,1,0,0
2641,2388,664,484,276,1377,1.371900826446281,3974.74,0,1,0,0,0,1,0
3175,1614,446,241,257,1629,1.8506224066390042,5324.1,0,0,1,0,0,1,0
3264,4397,327,51,329,1119,6.411764705882353,10363.66,0,1,0,0,1,0,0
3066,733,825,101,235,24,8.168316831683168,10908.23,0,1,0,0,0,1,0
2153,4941,615,270,51,380,2.2777777777777777,3814.33,1,0,0,0,0,0,1
387,4685,259,57,678,396,4.543859649122807,975.2,0,1,0,0,0,1,0
3317,678,920,418,221,1428,2.200956937799043,5853.86,0,0,0,1,0,0,1
3954,4059,456,460,596,1990,0.991304347826087,5497.2,0,0,1,0,1,0,0
1547,372,506,291,230,1672,1.738831615120275,2535.18,0,1,0,0,0,0,1
707,4981,352,83,222,1870,4.240963855421687,1622.17,0,1,0,0,0,1,0
4652,4054,436,225,666,1157,1.9377777777777778,7480.18,0,0,1,0,0,0,1
1864,4027,827,455,54,54,1.8175824175824176,3091.91,0,0,0,1,0,1,0
1325,552,837,230,631,1316,3.639130434782609,2903.67,0,1,0,0,0,0,1
1335,1275,249,118,710,1014,2.110169491525424,2273.22,0,0,1,0,1,0,0
1129,513,68,144,273,1136,0.4722222222222222,1347.65,0,0,0,1,1,0,0
2771,1650,536,437,198,422,1.2265446224256293,3931.65,0,0,0,1,0,0,1
4062,4626,806,352,128,131,2.289772727272727,7257.34,0,0,0,1,1,0,0
4642,2046,212,247,604,420,0.8582995951417004,6026.0,1,0,0,0,0,0,1
3277,291,758,164,9,1302,4.621951219512195,8318.88,0,0,0,1,0,1,0
3822,140,475,435,227,776,1.0919540229885059,5176.85,0,0,0,1,0,0,1
1575,1959,305,338,558,1981,0.9023668639053254,2153.01,0,0,1,0,0,1,0
2996,1432,296,65,134,1918,4.553846153846154,7643.07,1,0,0,0,0,0,1
908,3549,82,396,16,1614,0.20707070707070707,1020.2,0,0,0,1,0,1,0
1078,235,735,391,215,775,1.8797953964194374,1748.19,0,1,0,0,1,0,0
2563,4301,532,406,112,1092,1.3103448275862069,3575.66,1,0,0,0,0,0,1
825,4714,346,207,157,1598,1.671497584541063,1253.75,0,0,1,0,1,0,0
2601,2041,746,324,425,1427,2.302469135802469,4432.66,1,0,0,0,1,0,0
3462,1665,327,47,452,875,6.957446808510638,10698.91,0,1,0,0,0,1,0
1316,4321,212,350,318,175,0.6057142857142858,1667.45,1,0,0,0,1,0,0
4151,488,240,348,360,1304,0.6896551724137931,5488.8,0,1,0,0,0,1,0
2297,1658,913,226,376,464,4.039823008849558,5086.52,0,0,0,1,1,0,0
2906,2221,572,240,296,390,2.3833333333333333,5039.95,0,0,0,1,1,0,0
878,1128,66,461,198,748,0.14316702819956617,994.52,1,0,0,0,0,0,1
1072,3634,653,351,570,136,1.8603988603988604,1785.31,1,0,0,0,0,0,1
2910,181,429,462,398,409,0.9285714285714286,3871.22,0,0,1,0,0,1,0
2223,875,924,266,590,224,3.473684210526316,4990.29,0,0,1,0,1,0,0
698,3138,289,443,242,601,0.6523702031602708,882.48,0,1,0,0,1,0,0
3441,4473,818,218,429,970,3.7522935779816513,7804.27,0,0,0,1,0,0,1
324,2987,314,210,611,619,1.4952380952380953,499.99,1,0,0,0,0,1,0
940,1978,475,146,6,1577,3.2534246575342465,1898.83,0,0,0,1,0,0,1
1914,2371,746,137,318,1722,5.445255474452555,5286.71,1,0,0,0,1,0,0
4909,1707,183,62,212,1212,2.9516129032258065,9456.15,0,1,0,0,0,1,0
1206,3239,813,353,273,878,2.303116147308782,2143.16,0,0,0,1,1,0,0
224,705,275,403,84,1411,0.6823821339950372,270.69,0,0,1,0,0,0,1
3346,4835,256,93,624,9,2.752688172043011,6342.49,0,1,0,0,0,1,0
3031,3514,87,218,710,1204,0.39908256880733944,3520.21,0,0,0,1,0,0,1
4225,3765,656,342,360,1722,1.9181286549707601,6850.34,0,1,0,0,1,0,0
3071,2244,661,294,381,1468,2.248299319727891,5183.1,1,0,0,0,1,0,0
2117,4370,863,45,540,594,19.177777777777777,15399.04,0,0,0,1,0,0,1
2515,3865,262,224,141,1713,1.1696428571428572,3540.34,0,0,0,1,1,0,0
4690,1476,484,36,510,606,13.444444444444445,25527.83,0,0,0,1,0,0,1
3196,3562,185,155,173,1925,1.1935483870967742,4703.11,0,0,1,0,0,0,1
1709,447,430,27,20,1470,15.925925925925926,10085.13,0,1,0,0,0,1,0
817,100,980,127,629,116,7.716535433070866,2822.43,0,0,1,0,1,0,0
3661,162,941,146,503,1696,6.445205479452055,11514.08,0,0,1,0,1,0,0
1116,1883,581,76,566,245,7.644736842105263,3859.05,0,1,0,0,0,0,1
3665,3914,470,400,227,1307,1.175,5380.76,0,1,0,0,0,1,0
4801,325,873,323,109,1237,2.7027863777089784,9190.74,0,0,0,1,0,0,1
4570,1142,263,472,320,1688,0.5572033898305084,5669.74,0,0,0,1,1,0,0
2060,944,529,39,308,1702,13.564102564102564,11264.47,0,1,0,0,0,1,0
1148,2780,912,82,87,451,11.121951219512194,5039.25,0,0,0,1,0,1,0
1457,4219,116,132,228,1936,0.8787878787878788,1948.69,1,0,0,0,0,0,1
3526,1334,180,454,310,1679,0.3964757709251101,3979.1,0,0,0,1,0,0,1
215,2084,67,498,379,1049,0.13453815261044177,229.51,0,1,0,0,0,1,0
2195,4356,346,484,583,1736,0.7148760330578512,2722.41,0,0,1,0,1,0,0
1901,1378,351,237,385,233,1.481012658227848,2901.32,0,1,0,0,1,0,0
2246,1694,951,347,113,1540,2.7406340057636887,4438.02,0,1,0,0,0,1,0
1720,2651,299,488,293,1312,0.6127049180327869,2063.2,0,0,1,0,0,0,1
4880,2052,93,282,305,685,0.32978723404255317,5774.88,1,0,0,0,0,0,1
3050,1795,126,255,291,184,0.49411764705882355,3552.22,0,0,0,1,1,0,0
3892,1054,721,446,105,251,1.616591928251121,5889.15,1,0,0,0,1,0,0
3041,3391,543,399,291,291,1.3609022556390977,4675.24,0,0,1,0,0,1,0
1077,456,228,48,477,949,4.75,2614.27,1,0,0,0,1,0,0
3166,3695,747,418,521,798,1.7870813397129186,4959.25,0,0,1,0,1,0,0
883,1068,926,179,677,1383,5.173184357541899,2301.95,0,1,0,0,0,0,1
340,341,792,435,60,624,1.8206896551724139,540.53,1,0,0,0,0,0,1
1653,3546,910,324,312,305,2.808641975308642,3156.49,0,0,0,1,1,0,0
4678,4334,111,111,106,350,1.0,6144.15,0,0,0,1,0,0,1
1112,2244,666,303,623,1363,2.198019801980198,1931.7,0,0,1,0,0,0,1
286,246,465,424,89,1972,1.096698113207547,395.28,0,1,0,0,0,0,1
1981,642,668,252,268,479,2.6507936507936507,3778.62,1,0,0,0,1,0,0
4686,791,782,166,583,1489,4.710843373493976,12289.54,1,0,0,0,0,0,1
530,1125,800,369,119,1016,2.168021680216802,900.76,0,0,1,0,1,0,0
338,4150,860,274,445,130,3.1386861313868613,692.13,1,0,0,0,1,0,0
2445,4105,535,266,429,187,2.011278195488722,4065.86,0,0,0,1,0,1,0
175,3459,275,473,351,1445,0.5813953488372093,206.35,0,0,0,1,0,1,0
1456,3051,296,367,306,1520,0.8065395095367848,1956.77,1,0,0,0,0,1,0
2430,829,150,352,615,1565,0.42613636363636365,2914.47,1,0,0,0,1,0,0
4786,4599,904,132,202,670,6.848484848484849,14622.23,0,1,0,0,0,1,0
2002,2655,415,465,23,1910,0.8924731182795699,2601.36,0,1,0,0,0,0,1
4113,1250,302,56,90,235,5.392857142857143,11099.94,1,0,0,0,0,1,0
4770,1835,944,341,471,278,2.768328445747801,9440.06,1,0,0,0,1,0,0
2159,1138,915,19,93,1126,48.1578947368421,35887.91,0,0,1,0,0,0,1
240,3012,40,153,285,1483,0.26143790849673204,269.08,0,1,0,0,0,0,1
1889,4940,180,440,683,1761,0.4090909090909091,2154.2,1,0,0,0,0,0,1
3726,2640,364,308,309,787,1.1818181818181819,5241.87,0,0,1,0,0,1,0
116,4514,214,161,536,835,1.329192546583851,175.4,0,1,0,0,0,1,0
4448,1342,487,496,376,1256,0.9818548387096774,6018.68,0,0,1,0,0,1,0
564,872,941,145,714,1878,6.489655172413793,1681.31,1,0,0,0,0,1,0
4571,2016,300,84,499,274,3.5714285714285716,9505.0,0,0,0,1,0,0,1
1927,3512,120,370,636,365,0.32432432432432434,2184.98,0,0,0,1,1,0,0
3128,2599,77,35,142,1502,2.2,5269.52,0,0,0,1,0,1,0
619,3540,704,16,52,1985,44.0,9444.68,0,0,0,1,1,0,0
189,3645,382,88,70,468,4.340909090909091,447.26,1,0,0,0,0,0,1
4915,1313,205,24,260,1649,8.541666666666666,19046.08,0,0,0,1,1,0,0
2951,3031,135,441,698,1925,0.30612244897959184,3420.92,0,0,0,1,1,0,0
2943,518,696,396,719,1996,1.7575757575757576,4671.71,1,0,0,0,0,1,0
4825,3881,271,409,293,651,0.6625916870415648,6136.96,0,1,0,0,0,1,0
1984,888,896,216,378,1752,4.148148148148148,4584.42,0,1,0,0,0,0,1
4271,1971,933,98,39,826,9.520408163265307,16702.25,0,1,0,0,0,1,0
1025,4690,807,106,348,1298,7.613207547169812,3690.61,0,0,1,0,1,0,0
3834,2125,164,407,578,1352,0.40294840294840295,4539.49,0,1,0,0,1,0,0
1069,2546,590,225,525,861,2.6222222222222222,1911.35,1,0,0,0,1,0,0
1194,4923,117,468,706,184,0.25,1323.38,0,1,0,0,1,0,0
3295,660,432,268,506,918,1.6119402985074627,4966.39,0,0,1,0,0,1,0
1504,2751,44,338,382,1848,0.1301775147928994,1603.08,0,0,1,0,0,0,1
3464,4004,880,463,425,1218,1.900647948164147,5469.46,0,0,0,1,0,1,0
4390,639,53,296,436,1815,0.17905405405405406,4739.19,1,0,0,0,1,0,0
4082,4855,664,384,645,272,1.7291666666666667,6622.98,0,1,0,0,0,0,1
4423,3236,732,473,707,1324,1.547568710359408,7007.93,0,1,0,0,0,0,1
4113,3389,999,84,322,1608,11.892857142857142,19440.26,1,0,0,0,1,0,0
4656,2710,425,251,590,196,1.6932270916334662,7387.93,1,0,0,0,1,0,0
4813,2044,294,26,250,782,11.307692307692308,21228.52,1,0,0,0,0,1,0
3192,3245,456,186,180,905,2.4516129032258065,5589.97,1,0,0,0,0,0,1
4259,2858,527,268,689,331,1.9664179104477613,7145.23,1,0,0,0,0,0,1
2174,3360,739,132,29,1776,5.598484848484849,6315.0,1,0,0,0,0,1,0
384,4207,36,476,496,1510,0.07563025210084033,396.17,1,0,0,0,1,0,0
1287,1995,236,481,678,620,0.49064449064449067,1538.23,0,0,1,0,0,0,1
4069,2600,805,320,326,499,2.515625,7832.69,0,0,0,1,0,1,0
3065,2929,910,120,648,1424,7.583333333333333,10779.47,0,1,0,0,0,0,1
4419,3973,434,265,187,1421,1.6377358490566039,6720.37,0,0,1,0,0,1,0
883,147,577,243,55,1828,2.374485596707819,1555.12,0,0,1,0,0,0,1
1049,2464,377,465,514,1836,0.810752688172043,1427.77,0,1,0,0,1,0,0
4039,2356,319,365,410,1124,0.873972602739726,5210.65,0,0,1,0,1,0,0
144,4772,857,49,17,81,17.489795918367346,939.22,1,0,0,0,0,0,1
1910,853,114,131,571,1806,0.8702290076335878,2494.29,0,0,1,0,0,0,1
4666,2902,27,459,88,861,0.058823529411764705,4981.03,0,1,0,0,0,0,1
2181,4749,214,224,223,1018,0.9553571428571429,2872.48,0,0,0,1,0,1,0
3598,3752,52,305,58,1041,0.17049180327868851,4034.8,0,1,0,0,1,0,0
929,502,98,295,704,1729,0.33220338983050846,1045.55,0,0,0,1,0,1,0
2009,2186,595,290,562,1236,2.0517241379310347,3440.99,1,0,0,0,1,0,0
2681,2327,166,16,230,1889,10.375,11420.08,0,0,1,0,1,0,0
791,3510,275,101,154,126,2.722772277227723,1473.25,0,1,0,0,0,1,0
4119,3090,143,370,273,1846,0.3864864864864865,4916.04,0,1,0,0,1,0,0
1031,4743,473,443,46,1662,1.0677200902934538,1492.64,0,0,0,1,1,0,0
3506,1249,610,132,452,130,4.621212121212121,9093.96,0,0,1,0,0,0,1
247,162,757,346,306,1681,2.1878612716763004,412.67,0,1,0,0,0,1,0
1132,3253,141,105,427,1792,1.3428571428571427,1660.2,0,1,0,0,0,1,0
1411,1108,750,10,118,1559,75.0,35462.29,0,0,1,0,1,0,0
487,2131,43,100,688,214,0.43,580.76,1,0,0,0,0,1,0
3221,1422,92,437,580,1153,0.21052631578947367,3673.17,0,0,0,1,1,0,0
1973,2181,938,493,251,1548,1.9026369168356998,3401.38,0,1,0,0,1,0,0
3688,851,141,442,403,1677,0.3190045248868778,4179.26,0,0,1,0,0,1,0
1015,4244,437,16,200,1486,27.3125,10051.01,1,0,0,0,1,0,0
1978,757,875,129,146,970,6.782945736434108,6059.47,0,1,0,0,0,0,1
3848,1760,213,396,51,1804,0.5378787878787878,4857.61,1,0,0,0,0,1,0
377,800,808,359,368,1081,2.2506963788300838,680.72,0,1,0,0,0,1,0
2077,1180,345,138,698,598,2.5,3824.11,0,1,0,0,1,0,0
1959,2256,971,188,320,1298,5.164893617021277,5404.47,1,0,0,0,0,1,0
3136,1640,506,107,199,615,4.728971962616822,8090.65,0,0,0,1,0,1,0
3471,3132,451,431,441,1363,1.0464037122969838,4812.47,1,0,0,0,0,0,1
4813,2083,837,52,145,1886,16.096153846153847,30708.17,0,0,1,0,0,0,1
2282,414,267,192,59,1167,1.390625,3276.15,0,1,0,0,0,1,0
4775,3181,301,194,707,423,1.5515463917525774,7692.43,1,0,0,0,1,0,0
1270,4833,975,62,143,334,15.725806451612904,7373.67,1,0,0,0,0,0,1
589,2414,134,237,223,1865,0.5654008438818565,721.99,0,1,0,0,0,0,1
2625,2235,965,170,100,1989,5.676470588235294,7259.41,0,1,0,0,0,0,1
1282,1749,672,244,26,1953,2.7540983606557377,2404.89,1,0,0,0,1,0,0
4579,3319,880,473,432,688,1.8604651162790697,7585.52,0,0,0,1,0,1,0
4358,3900,768,455,526,1157,1.687912087912088,6587.56,0,1,0,0,0,1,0
2588,2578,184,367,122,1880,0.5013623978201635,3257.34,1,0,0,0,0,0,1
1976,4167,893,404,465,264,2.2103960396039604,3378.22,0,0,1,0,0,1,0
2562,1875,501,209,265,147,2.397129186602871,4524.47,0,0,0,1,0,0,1
1730,2066,878,445,7,1460,1.9730337078651685,2991.83,0,0,1,0,0,0,1
387,1867,823,10,220,12,82.3,10702.43,0,1,0,0,1,0,0
4382,3915,89,23,695,1864,3.869565217391304,10104.98,0,1,0,0,1,0,0
2007,341,628,487,396,1928,1.2895277207392197,2824.16,0,0,0,1,0,0,1
1261,4897,821,222,457,55,3.6981981981981984,2864.75,0,1,0,0,1,0,0
229,3049,924,387,108,230,2.387596899224806,407.21,0,0,1,0,1,0,0
2463,4936,314,286,492,1146,1.097902097902098,3599.66,1,0,0,0,1,0,0
243,4976,519,43,636,861,12.069767441860465,1198.26,1,0,0,0,0,1,0
115,2356,353,495,682,1257,0.7131313131313132,151.27,0,0,1,0,0,1,0
344,4211,579,483,460,162,1.1987577639751552,502.03,0,0,1,0,1,0,0
1026,3468,100,370,9,1618,0.2702702702702703,1175.1,0,1,0,0,0,1,0
3278,466,656,279,367,1985,2.3512544802867383,5990.66,0,1,0,0,0,0,1
2276,2927,871,177,125,1995,4.9209039548022595,5972.73,0,0,0,1,0,0,1
986,1352,178,387,162,1583,0.4599483204134367,1127.8,1,0,0,0,1,0,0
440,2587,343,428,36,1900,0.8014018691588785,564.64,0,0,0,1,1,0,0
2151,4885,643,179,4,803,3.5921787709497206,4610.44,0,0,1,0,0,1,0
3498,3703,245,91,413,1524,2.6923076923076925,6774.77,0,0,1,0,1,0,0
4050,3621,408,413,87,1696,0.9878934624697336,5552.8,0,0,0,1,1,0,0
405,4617,597,325,483,179,1.8369230769230769,666.54,0,0,0,1,0,0,1
1007,1743,830,146,603,1386,5.684931506849315,2955.17,1,0,0,0,0,0,1
2754,1312,486,242,58,1232,2.0082644628099175,4645.06,0,0,1,0,0,1,0
3892,4803,544,124,140,1926,4.387096774193548,9211.14,0,0,0,1,0,1,0
4142,119,854,261,172,905,3.2720306513409962,8218.04,1,0,0,0,0,1,0
1471,775,594,298,260,552,1.9932885906040267,2388.13,0,1,0,0,1,0,0
420,4577,97,58,495,726,1.6724137931034482,632.65,0,1,0,0,1,0,0
4754,708,624,461,25,1456,1.353579175704989,6842.94,1,0,0,0,1,0,0
4159,161,615,13,198,1480,47.30769230769231,67197.03,0,0,0,1,1,0,0
1231,1365,970,388,579,1528,2.5,2186.87,1,0,0,0,0,0,1
2678,2385,837,185,423,1888,4.524324324324325,6364.56,1,0,0,0,0,1,0
4142,1254,787,281,118,1178,2.800711743772242,8362.17,0,0,0,1,0,1,0
3467,1728,262,440,6,1362,0.5954545454545455,4493.7,0,1,0,0,0,0,1
917,1726,367,35,97,293,10.485714285714286,4043.79,1,0,0,0,0,0,1
111,3816,67,79,72,436,0.8481012658227848,140.75,0,1,0,0,1,0,0
294,1542,952,302,432,396,3.152317880794702,619.03,1,0,0,0,0,1,0
2637,1753,408,415,380,166,0.983132530120482,3598.88,0,0,1,0,0,1,0
2942,2602,530,243,550,994,2.1810699588477367,4955.63,0,0,0,1,0,0,1
2329,3369,534,240,56,1476,2.225,4107.18,0,1,0,0,0,1,0
3109,381,928,272,615,784,3.411764705882353,6315.93,0,0,0,1,0,0,1
4851,1124,426,435,103,957,0.9793103448275862,6886.53,0,1,0,0,0,1,0
2177,4918,402,295,216,1560,1.3627118644067797,3320.31,0,1,0,0,0,0,1
3967,3503,652,83,21,1998,7.855421686746988,13662.98,0,0,0,1,1,0,0
4973,1335,231,130,627,401,1.7769230769230768,7943.37,1,0,0,0,0,1,0
543,4282,338,472,210,115,0.7161016949152542,685.73,1,0,0,0,1,0,0
397,4860,381,15,291,351,25.4,3716.96,0,0,1,0,0,0,1
944,885,520,33,715,1284,15.757575757575758,5598.28,0,1,0,0,0,1,0
1115,3417,162,203,188,818,0.7980295566502463,1388.57,0,0,0,1,0,1,0
1484,1767,902,177,151,876,5.096045197740113,3833.33,0,1,0,0,1,0,0
1497,3108,888,386,191,1250,2.300518134715026,2584.71,1,0,0,0,1,0,0
653,3294,993,408,407,614,2.4338235294117645,1237.03,0,0,0,1,0,0,1
2450,4889,489,446,214,1510,1.0964125560538116,3556.72,0,0,0,1,1,0,0
4616,3875,592,350,554,131,1.6914285714285715,7167.45,0,1,0,0,0,1,0
1369,2546,941,219,478,264,4.296803652968037,3134.56,0,0,1,0,0,1,0
1360,3890,866,142,194,1548,6.098591549295775,4047.18,1,0,0,0,0,1,0
284,633,29,354,250,1955,0.08192090395480225,314.18,1,0,0,0,0,1,0
4663,501,602,301,593,834,2.0,7661.2,0,1,0,0,1,0,0
2510,3763,959,467,41,181,2.0535331905781584,4234.4,0,1,0,0,1,0,0
4531,229,237,183,370,349,1.2950819672131149,6400.11,0,0,1,0,0,0,1
2309,2439,355,160,20,471,2.21875,3971.84,1,0,0,0,1,0,0
3772,4471,28,97,9,161,0.28865979381443296,4409.67,0,0,1,0,0,0,1
4783,3059,453,310,636,114,1.461290322580645,7174.45,0,0,0,1,1,0,0
1981,1958,686,275,203,18,2.4945454545454546,3618.42,0,0,0,1,1,0,0
4396,3073,377,319,590,1128,1.1818181818181819,6424.73,0,0,1,0,0,1,0
621,4250,908,79,18,1210,11.49367088607595,2973.02,0,0,1,0,1,0,0
1987,3749,628,214,319,1366,2.9345794392523366,3806.23,0,1,0,0,0,0,1
2652,2886,898,350,712,1486,2.565714285714286,4888.18,1,0,0,0,0,1,0
3909,3197,869,41,282,1629,21.195121951219512,31206.22,1,0,0,0,1,0,0
4983,3612,735,52,476,1837,14.134615384615385,27305.51,1,0,0,0,0,1,0
4255,4960,760,127,252,143,5.984251968503937,12680.99,0,0,1,0,0,1,0
4773,1320,156,386,340,655,0.40414507772020725,5515.44,0,1,0,0,0,1,0
4516,741,702,24,462,1837,29.25,44406.81,0,1,0,0,0,0,1
3579,3414,513,331,631,964,1.5498489425981874,5329.53,0,1,0,0,0,0,1
1509,823,439,408,401,1636,1.0759803921568627,2076.28,0,0,1,0,1,0,0
1794,4997,857,124,371,453,6.911290322580645,5708.55,0,0,1,0,0,1,0
4764,837,449,346,282,451,1.2976878612716762,7211.45,0,1,0,0,1,0,0
626,4953,207,29,390,1996,7.137931034482759,2073.8,0,0,1,0,0,0,1
2760,1399,296,187,337,62,1.5828877005347595,4325.92,0,0,0,1,0,1,0
2272,3580,574,271,345,596,2.1180811808118083,3971.58,1,0,0,0,0,0,1
379,439,378,88,519,940,4.295454545454546,913.51,1,0,0,0,0,1,0
3064,252,249,390,273,1300,0.6384615384615384,3931.86,1,0,0,0,0,1,0
4077,1521,811,410,253,1703,1.9780487804878049,7005.08,0,0,0,1,0,1,0
2769,3151,296,129,640,1319,2.294573643410853,4839.38,0,1,0,0,1,0,0
2993,526,709,35,374,1153,20.257142857142856,21361.48,1,0,0,0,0,0,1
1851,3658,404,31,604,364,13.03225806451613,9984.19,0,0,1,0,0,0,1
4081,1235,527,210,6,1091,2.5095238095238095,7613.1,0,0,0,1,0,0,1
4869,2472,804,73,414,47,11.013698630136986,22442.36,0,1,0,0,0,1,0
2461,3429,784,469,586,969,1.671641791044776,3974.79,0,0,0,1,1,0,0
4527,1049,570,223,498,1398,2.5560538116591927,8488.65,1,0,0,0,1,0,0
4231,1473,873,323,56,822,2.7027863777089784,8022.43,0,1,0,0,1,0,0
1808,1056,721,480,398,660,1.5020833333333334,2880.98,1,0,0,0,1,0,0
2786,1801,69,302,238,762,0.22847682119205298,3193.58,0,1,0,0,0,1,0
2995,3041,554,87,490,1161,6.367816091954023,9453.77,1,0,0,0,0,1,0
4635,2582,312,225,22,1119,1.3866666666666667,6851.73,0,1,0,0,1,0,0
2876,1403,253,465,441,238,0.5440860215053763,3648.13,0,0,0,1,1,0,0
1219,470,693,483,41,796,1.434782608695652,1871.37,0,1,0,0,0,0,1
3088,3080,216,233,258,1856,0.927038626609442,4241.29,0,1,0,0,0,1,0
4359,2396,384,386,451,35,0.9948186528497409,5709.13,0,0,0,1,1,0,0
4343,4898,292,37,48,1320,7.891891891891892,15528.4,0,1,0,0,0,1,0
294,2225,487,489,503,1917,0.9959100204498977,394.64,0,0,0,1,0,0,1
762,3066,31,479,139,870,0.06471816283924843,828.76,1,0,0,0,1,0,0
579,4245,568,314,202,492,1.8089171974522293,943.96,1,0,0,0,0,1,0
4318,2842,358,210,652,258,1.7047619047619047,6598.91,1,0,0,0,0,1,0
1523,4121,498,76,509,387,6.552631578947368,4756.29,0,1,0,0,0,1,0
2808,2464,953,482,654,270,1.9771784232365146,4675.45,0,0,1,0,0,1,0
3275,862,679,368,286,867,1.8451086956521738,5482.86,0,0,1,0,0,1,0
3914,4162,267,135,233,1348,1.9777777777777779,6549.77,1,0,0,0,0,1,0
2114,1104,664,469,316,1071,1.415778251599147,3156.81,0,0,0,1,0,0,1
3889,3855,56,358,461,606,0.1564245810055866,4364.44,0,1,0,0,0,1,0
4905,2946,36,204,670,694,0.17647058823529413,5509.98,0,0,0,1,0,0,1
2543,449,976,434,550,954,2.248847926267281,4681.04,0,1,0,0,0,0,1
1011,3064,36,183,587,1726,0.19672131147540983,1108.35,0,0,0,1,0,1,0
3313,786,990,96,321,1511,10.3125,14496.18,1,0,0,0,1,0,0
2464,4737,406,352,175,1587,1.1534090909090908,3372.07,0,0,1,0,0,1,0
3729,3226,960,320,39,1742,3.0,7655.14,0,0,0,1,0,0,1
3572,4556,154,475,433,1840,0.32421052631578945,4227.55,1,0,0,0,0,1,0
780,2855,596,404,485,411,1.4752475247524752,1206.88,0,0,1,0,0,1,0
4751,3624,708,493,585,845,1.436105476673428,6878.81,0,0,1,0,0,1,0
709,3724,531,163,58,1975,3.2576687116564416,1540.35,0,0,1,0,0,0,1
2256,2832,130,465,496,125,0.27956989247311825,2675.7,0,0,0,1,0,0,1
3966,1793,810,485,601,212,1.6701030927835052,6173.41,0,0,0,1,0,0,1
471,2992,471,219,134,1393,2.1506849315068495,819.63,0,0,1,0,1,0,0
715,3911,686,22,655,945,31.181818181818183,8061.59,0,0,0,1,1,0,0
2353,4280,391,173,509,920,2.260115606936416,4143.72,1,0,0,0,1,0,0
4238,784,785,499,607,1290,1.5731462925851702,6611.86,0,1,0,0,1,0,0
964,4440,682,497,156,135,1.3722334004024146,1442.94,0,0,1,0,0,1,0
1368,3019,912,264,201,1908,3.4545454545454546,2966.61,0,1,0,0,1,0,0
884,3856,427,393,499,785,1.0865139949109415,1239.6,0,0,1,0,1,0,0
4671,3383,336,73,402,790,4.602739726027397,11572.26,0,1,0,0,1,0,0
4278,4791,400,316,496,315,1.2658227848101267,6220.99,0,0,1,0,0,1,0
2337,4126,306,85,488,300,3.6,5284.56,1,0,0,0,1,0,0
4154,1256,639,31,160,1803,20.612903225806452,32420.44,0,0,1,0,1,0,0
4995,3161,832,69,211,1322,12.057971014492754,24845.66,1,0,0,0,1,0,0
1035,4545,784,395,453,279,1.9848101265822784,1719.66,0,0,1,0,0,0,1
4080,2429,93,65,684,374,1.4307692307692308,6289.58,0,0,0,1,1,0,0
2438,1392,155,177,70,1980,0.8757062146892656,3197.89,0,1,0,0,1,0,0
425,1984,180,421,314,726,0.42755344418052255,511.36,1,0,0,0,1,0,0
1634,1660,343,214,431,1512,1.602803738317757,2556.99,0,0,1,0,0,1,0
3580,1083,433,362,382,62,1.1961325966850829,5010.6,0,0,0,1,1,0,0
3961,2167,318,268,657,879,1.1865671641791045,5614.24,0,0,1,0,1,0,0
2085,1963,535,200,167,1078,2.675,4070.28,0,1,0,0,0,0,1
4703,2079,670,491,391,338,1.3645621181262728,7233.26,0,0,1,0,0,0,1
2878,1836,890,416,319,1399,2.139423076923077,4822.18,0,0,0,1,0,1,0
1370,2552,772,64,117,877,12.0625,6616.37,0,0,1,0,0,1,0
740,2018,578,425,697,474,1.36,1087.09,0,0,1,0,1,0,0
4803,800,356,349,512,112,1.0200573065902578,6579.55,1,0,0,0,0,0,1
4178,4146,311,293,203,990,1.0614334470989761,6046.37,1,0,0,0,0,1,0
4761,2173,931,389,162,1293,2.3933161953727504,8603.67,0,0,1,0,0,1,0
1467,4761,356,273,462,324,1.304029304029304,2210.31,0,0,1,0,0,0,1
4142,3853,417,268,700,619,1.5559701492537314,6478.82,0,0,0,1,1,0,0
2675,494,142,359,555,795,0.3955431754874652,3024.5,0,0,1,0,0,0,1
3703,2056,691,98,201,883,7.051020408163265,12338.49,0,1,0,0,1,0,0
1681,3148,623,446,231,1704,1.3968609865470851,2539.79,1,0,0,0,1,0,0
2086,3552,997,231,516,1610,4.316017316017316,5150.04,0,1,0,0,0,0,1
2340,622,115,422,206,748,0.2725118483412322,2550.15,0,0,1,0,1,0,0
4066,1662,180,359,331,1628,0.5013927576601671,4790.47,0,0,0,1,0,1,0
2205,3009,649,491,606,1109,1.3217922606924644,3316.26,0,1,0,0,0,0,1
228,2949,259,98,347,372,2.642857142857143,423.92,0,0,1,0,0,1,0
4901,649,553,474,349,1099,1.1666666666666667,7218.98,1,0,0,0,1,0,0
4096,1568,737,68,160,596,10.838235294117647,18315.5,0,0,1,0,1,0,0
951,932,271,161,625,1781,1.6832298136645962,1431.37,1,0,0,0,0,0,1
4203,4582,851,431,252,508,1.974477958236659,7160.32,0,0,0,1,0,0,1
2176,1521,503,37,222,228,13.594594594594595,11617.96,1,0,0,0,1,0,0
3094,385,253,234,606,595,1.0811965811965811,4227.5,0,0,1,0,0,0,1
3844,2845,460,327,394,1418,1.4067278287461773,5477.41,0,0,0,1,1,0,0
2856,3865,912,493,396,15,1.8498985801217038,4529.26,1,0,0,0,0,1,0
1744,4564,806,60,167,1005,13.433333333333334,8914.08,1,0,0,0,0,0,1
4471,1545,299,272,452,813,1.099264705882353,6291.98,0,1,0,0,0,1,0
3244,1566,272,288,138,181,0.9444444444444444,4483.51,1,0,0,0,0,0,1
342,1876,858,55,210,1532,15.6,1988.13,0,0,1,0,0,1,0
4185,3755,854,483,585,338,1.7681159420289856,6851.75,0,0,0,1,1,0,0
270,1014,323,343,214,1287,0.9416909620991254,377.44,0,0,1,0,1,0,0
752,387,94,115,360,926,0.8173913043478261,994.61,1,0,0,0,1,0,0
3612,4290,424,293,663,78,1.447098976109215,5581.87,0,0,1,0,1,0,0
1599,2188,338,33,235,229,10.242424242424242,6645.29,0,1,0,0,0,0,1
2199,4526,54,16,397,1769,3.375,4458.65,0,0,1,0,0,1,0
2258,1904,824,377,304,1054,2.1856763925729443,3875.18,0,0,0,1,0,0,1
2072,1278,342,493,109,374,0.6937119675456389,2680.69,0,0,0,1,0,0,1
4025,2651,474,496,390,155,0.9556451612903226,5534.27,1,0,0,0,1,0,0
2358,4470,209,344,120,817,0.6075581395348837,3054.04,0,0,0,1,0,0,1
4139,1688,210,442,610,1209,0.4751131221719457,5026.86,0,0,1,0,0,1,0
2135,2056,338,12,210,448,28.166666666666668,21005.55,1,0,0,0,0,0,1
3371,1875,689,267,427,869,2.5805243445692883,6457.42,0,0,1,0,0,1,0
957,4962,249,272,544,447,0.9154411764705882,1238.49,0,1,0,0,1,0,0
3923,1087,893,130,330,432,6.869230769230769,12983.63,0,0,1,0,1,0,0
1149,1303,807,217,226,767,3.71889400921659,2519.86,0,0,0,1,0,0,1
4090,3430,711,30,635,1193,23.7,33680.75,0,0,0,1,0,1,0
398,1219,592,402,147,1105,1.472636815920398,583.14,0,1,0,0,1,0,0
1023,296,666,149,340,798,4.469798657718121,2630.33,1,0,0,0,1,0,0
4332,4075,368,486,564,1234,0.757201646090535,5647.37,0,0,0,1,0,0,1
4406,625,910,289,180,1283,3.14878892733564,8717.38,0,0,0,1,0,1,0
2899,4827,730,298,290,988,2.4496644295302015,5164.55,0,0,0,1,1,0,0
4975,1510,369,215,187,549,1.716279069767442,7816.97,0,1,0,0,1,0,0
4162,4603,387,52,486,1310,7.4423076923076925,13529.68,0,1,0,0,0,1,0
4145,1392,394,347,337,1078,1.1354466858789625,5617.17,0,0,0,1,0,0,1
1902,1294,729,127,108,469,5.74015748031496,5571.72,1,0,0,0,0,0,1
2813,2048,474,14,126,369,33.857142857142854,33854.65,0,0,0,1,1,0,0
4606,3755,231,216,706,1748,1.0694444444444444,6684.98,0,0,1,0,1,0,0
2953,4886,808,132,34,854,6.121212121212121,8432.4,0,0,1,0,0,0,1
2757,2317,684,336,438,1124,2.0357142857142856,4835.6,1,0,0,0,0,0,1
4622,4354,374,354,276,1621,1.0564971751412429,6280.03,0,0,0,1,1,0,0
3446,3680,81,151,494,984,0.5364238410596026,4131.71,1,0,0,0,0,1,0
1571,1117,249,381,182,725,0.6535433070866141,1902.93,0,0,1,0,0,1,0
3049,3253,513,241,239,1927,2.128630705394191,5488.82,0,0,0,1,1,0,0
1041,3690,423,173,348,1800,2.445086705202312,1981.63,0,0,0,1,1,0,0
2007,4307,136,44,146,982,3.090909090909091,4202.56,0,0,1,0,1,0,0
4937,4169,496,373,44,598,1.3297587131367292,6969.2,1,0,0,0,1,0,0
1343,147,606,443,499,1599,1.3679458239277653,2053.57,1,0,0,0,0,0,1
4523,3763,536,481,295,1471,1.1143451143451144,6418.05,0,1,0,0,0,1,0
1566,4571,257,344,531,1216,0.747093023255814,1941.67,0,1,0,0,0,1,0
4057,927,491,20,211,414,24.55,34825.13,0,1,0,0,0,1,0
2066,4822,321,417,402,1506,0.7697841726618705,2718.39,1,0,0,0,0,0,1
475,2189,453,84,231,93,5.392857142857143,1343.39,0,0,0,1,1,0,0
362,2156,292,309,339,1277,0.9449838187702265,504.03,0,0,0,1,0,1,0
4462,918,11,444,5,1674,0.024774774774774775,4739.62,0,1,0,0,0,1,0
3488,4852,83,410,311,965,0.20243902439024392,3897.63,1,0,0,0,0,0,1
3495,4084,73,390,162,561,0.18717948717948718,3943.82,0,1,0,0,1,0,0
2044,3780,782,207,216,1657,3.7777777777777777,4699.66,1,0,0,0,1,0,0
1993,1911,356,350,612,1063,1.0171428571428571,2645.52,1,0,0,0,1,0,0
3734,4985,333,273,171,546,1.2197802197802199,5477.74,0,1,0,0,0,1,0
1752,3214,248,344,252,1382,0.7209302325581395,2203.73,0,0,0,1,0,0,1
4241,1729,406,383,681,778,1.0600522193211488,5804.21,0,0,0,1,0,1,0
3992,1643,346,233,38,1033,1.4849785407725322,5815.25,1,0,0,0,0,0,1
699,3679,350,131,228,188,2.6717557251908395,1333.37,0,0,1,0,0,0,1
4915,2004,288,83,637,608,3.4698795180722892,10125.05,0,0,1,0,0,1,0
2012,1536,362,37,278,645,9.783783783783784,8640.47,0,0,1,0,0,0,1
1392,3417,955,472,285,675,2.0233050847457625,2375.84,0,1,0,0,0,0,1
700,3620,901,405,510,139,2.224691358024691,1282.77,0,0,0,1,0,0,1
480,3159,472,180,649,298,2.6222222222222222,878.67,0,0,1,0,1,0,0
4313,4216,471,475,366,1104,0.991578947368421,5976.31,0,0,1,0,1,0,0
3737,1098,722,385,620,1627,1.8753246753246753,6402.6,0,0,1,0,1,0,0
2263,1531,302,430,68,1280,0.7023255813953488,2821.61,0,0,1,0,1,0,0
4455,4652,807,373,104,1684,2.163538873994638,7417.33,0,1,0,0,0,1,0
1198,3161,742,392,401,179,1.8928571428571428,1997.37,0,0,0,1,0,1,0
465,364,416,225,246,1281,1.8488888888888888,749.39,0,0,0,1,0,1,0
2670,3831,171,328,677,218,0.5213414634146342,3171.9,0,0,0,1,1,0,0
3519,2374,512,110,192,267,4.654545454545454,9270.68,0,0,1,0,0,1,0
2576,3975,457,255,707,1341,1.7921568627450981,4259.68,1,0,0,0,1,0,0
890,3417,704,102,644,591,6.901960784313726,2865.47,0,1,0,0,1,0,0
3669,2146,464,72,296,679,6.444444444444445,10816.22,0,1,0,0,0,0,1
846,3244,894,275,144,616,3.250909090909091,1703.1,0,1,0,0,0,0,1
412,3321,274,215,26,1840,1.2744186046511627,586.53,0,0,0,1,1,0,0
4733,3240,141,89,251,850,1.5842696629213484,7322.69,0,0,0,1,0,0,1
1020,1353,843,46,607,1308,18.32608695652174,6957.35,0,1,0,0,0,0,1
1177,822,129,20,712,1369,6.45,3463.04,0,0,1,0,0,0,1
2929,183,901,124,615,727,7.266129032258065,10192.37,1,0,0,0,0,0,1
2481,4935,228,99,193,75,2.303030303030303,4422.86,0,0,0,1,0,1,0
3718,3470,426,241,381,737,1.7676348547717842,5700.84,0,0,0,1,0,0,1
897,3919,681,28,2,336,24.321428571428573,7963.82,0,0,1,0,1,0,0
4543,3464,514,61,603,804,8.426229508196721,16141.46,0,0,1,0,0,0,1
372,1857,309,383,45,855,0.8067885117493473,495.36,0,0,0,1,0,0,1
3110,4418,118,283,3,1606,0.4169611307420495,3744.48,0,0,1,0,0,1,0
4915,2880,247,103,449,363,2.3980582524271843,9283.29,0,0,1,0,0,1,0
1873,3387,302,41,576,190,7.365853658536586,6217.5,0,0,1,0,0,1,0
2647,2552,996,160,135,1496,6.225,7699.82,1,0,0,0,0,0,1
3264,428,997,149,291,1130,6.691275167785235,9906.28,1,0,0,0,1,0,0
4880,525,588,67,278,70,8.776119402985074,17855.4,1,0,0,0,0,1,0
4817,869,837,470,176,522,1.7808510638297872,7989.39,0,0,1,0,0,0,1
1046,4075,196,30,282,1238,6.533333333333333,3318.63,0,0,1,0,0,0,1
2765,707,45,158,120,983,0.2848101265822785,3294.15,1,0,0,0,0,0,1
606,1952,570,230,174,517,2.4782608695652173,1089.21,1,0,0,0,0,1,0
343,2772,265,230,439,28,1.1521739130434783,498.63,0,1,0,0,0,0,1
605,2224,444,251,459,1339,1.7689243027888446,934.67,0,0,0,1,0,1,0
4617,1400,628,228,630,905,2.754385964912281,9194.26,1,0,0,0,0,0,1
3258,565,17,38,341,1959,0.4473684210526316,3714.41,0,1,0,0,1,0,0
3690,2064,757,472,697,1777,1.603813559322034,5896.03,0,1,0,0,1,0,0
1972,2045,187,56,121,1531,3.3392857142857144,4068.85,1,0,0,0,0,0,1
3893,2639,251,405,575,1260,0.6197530864197531,4700.46,0,1,0,0,0,1,0
1292,2460,50,67,661,92,0.746268656716418,1692.66,1,0,0,0,0,0,1
4525,2139,366,434,493,1854,0.8433179723502304,6177.75,0,0,0,1,1,0,0
4845,1284,766,284,276,1881,2.6971830985915495,9435.14,0,0,0,1,0,0,1
1564,4034,122,149,29,363,0.8187919463087249,2009.17,0,0,0,1,0,1,0
490,3317,886,32,685,38,27.6875,4721.29,1,0,0,0,0,1,0
4576,2882,777,398,244,1755,1.9522613065326633,7393.42,0,1,0,0,0,1,0
3477,877,175,387,321,664,0.45219638242894056,4274.08,1,0,0,0,0,1,0
4937,3479,513,419,643,704,1.224343675417661,6822.67,0,0,0,1,1,0,0
772,2518,863,382,352,1657,2.2591623036649215,1412.21,0,1,0,0,0,1,0
2660,4177,87,72,532,491,1.2083333333333333,3842.12,0,0,1,0,0,1,0
1311,4362,728,61,81,1707,11.934426229508198,6358.41,0,0,0,1,1,0,0
1029,2539,832,275,293,1134,3.0254545454545454,2127.42,1,0,0,0,0,1,0
1639,4931,887,351,294,144,2.527065527065527,3073.91,1,0,0,0,1,0,0
1012,2089,205,176,497,1602,1.1647727272727273,1407.17,1,0,0,0,0,1,0
743,1166,411,160,458,834,2.56875,1361.56,0,0,1,0,0,1,0
4622,1044,842,20,682,1221,42.1,64088.06,0,1,0,0,0,1,0
601,128,73,485,558,1070,0.15051546391752577,657.29,1,0,0,0,0,1,0
829,1997,661,104,60,1173,6.355769230769231,2436.22,1,0,0,0,0,0,1
1383,1797,895,81,608,1596,11.049382716049383,6357.08,1,0,0,0,0,0,1
2218,2914,434,393,543,138,1.104325699745547,3002.79,0,0,0,1,0,1,0
4652,3465,51,496,380,490,0.1028225806451613,5209.8,0,0,0,1,0,1,0
4486,2588,382,57,324,402,6.701754385964913,14451.21,0,0,1,0,0,1,0
3936,1765,965,357,628,602,2.7030812324929974,7763.25,0,1,0,0,0,0,1
1019,4719,315,281,62,724,1.1209964412811388,1373.54,0,1,0,0,0,1,0
4150,1670,218,439,146,681,0.49658314350797267,5148.99,1,0,0,0,1,0,0
2439,1833,476,440,362,932,1.0818181818181818,3515.12,1,0,0,0,0,0,1
855,859,941,104,53,625,9.048076923076923,3189.99,0,0,0,1,0,0,1
1969,2257,313,242,402,341,1.2933884297520661,3006.05,0,0,0,1,0,0,1
4572,1451,976,57,563,1602,17.12280701754386,28901.18,0,0,0,1,0,1,0
607,3576,594,217,681,302,2.737327188940092,1128.87,0,0,0,1,1,0,0
1536,1368,401,462,707,118,0.8679653679653679,2016.28,1,0,0,0,0,0,1
2675,1885,162,236,449,1761,0.6864406779661016,3228.65,0,0,0,1,1,0,0
3526,4049,656,418,83,151,1.569377990430622,5645.53,0,1,0,0,1,0,0
658,2707,371,86,379,1191,4.313953488372093,1550.11,0,0,0,1,1,0,0
3202,498,273,358,646,607,0.7625698324022346,4139.75,0,0,1,0,0,1,0
4616,2730,225,228,458,772,0.9868421052631579,6355.63,0,0,0,1,0,1,0
3722,2546,730,369,81,1449,1.978319783197832,6400.19,1,0,0,0,0,1,0
4499,1769,725,90,514,1795,8.055555555555555,15756.19,1,0,0,0,0,0,1
4157,338,631,46,309,997,13.717391304347826,22788.9,1,0,0,0,0,0,1
3815,3636,552,111,494,437,4.972972972972973,9618.42,0,0,0,1,1,0,0
1401,3961,533,200,236,632,2.665,2698.64,0,1,0,0,0,0,1
2255,3203,648,38,668,1098,17.05263157894737,15058.92,1,0,0,0,0,1,0
792,1246,834,323,37,362,2.582043343653251,1417.44,0,1,0,0,0,1,0
4450,1657,203,262,657,96,0.7748091603053435,5548.37,1,0,0,0,0,1,0
1578,3838,661,260,325,292,2.542307692307692,2936.52,1,0,0,0,0,1,0
356,2257,36,235,56,1201,0.15319148936170213,374.09,0,1,0,0,1,0,0
2530,3551,55,103,121,27,0.5339805825242718,2990.3,0,0,1,0,0,0,1
541,399,656,424,314,821,1.5471698113207548,807.17,1,0,0,0,0,1,0
1981,3798,838,95,211,305,8.821052631578947,7570.97,0,1,0,0,1,0,0
2746,4153,963,119,103,723,8.092436974789916,9646.44,1,0,0,0,0,0,1
3920,4959,67,226,439,870,0.29646017699115046,4471.62,0,0,0,1,1,0,0
4777,348,22,205,38,769,0.1073170731707317,5187.78,0,1,0,0,0,1,0
1835,2668,958,492,620,986,1.9471544715447155,3119.3,1,0,0,0,0,1,0
3835,4229,621,306,414,942,2.0294117647058822,6753.5,0,0,1,0,0,1,0
2745,4423,970,443,224,1854,2.1896162528216703,4777.26,0,0,0,1,0,0,1
118,4780,58,53,293,205,1.0943396226415094,162.3,1,0,0,0,0,1,0
1224,2960,812,402,696,867,2.0199004975124377,2016.56,0,0,0,1,0,0,1
4085,823,103,452,155,1015,0.22787610619469026,4641.24,0,0,1,0,1,0,0
2754,669,616,99,32,578,6.222222222222222,8639.21,0,1,0,0,0,0,1
2180,319,666,484,234,662,1.3760330578512396,3315.43,1,0,0,0,1,0,0
1647,1494,593,164,489,679,3.6158536585365852,3504.36,0,1,0,0,0,0,1
961,2934,460,475,570,220,0.968421052631579,1350.98,1,0,0,0,0,1,0
254,2222,388,487,333,300,0.7967145790554415,337.86,1,0,0,0,0,1,0
3594,4331,19,118,675,258,0.16101694915254236,3815.81,0,1,0,0,1,0,0
1004,4100,683,68,17,715,10.044117647058824,4316.5,0,1,0,0,0,0,1
1369,4449,735,119,414,240,6.176470588235294,4018.69,1,0,0,0,0,0,1
504,3189,525,488,658,1851,1.0758196721311475,699.42,0,0,1,0,1,0,0
943,149,233,115,240,1253,2.026086956521739,1561.7,0,0,1,0,0,0,1
1882,614,390,396,286,1498,0.9848484848484849,2458.54,1,0,0,0,0,0,1
1664,2891,550,230,346,1180,2.391304347826087,3077.38,0,1,0,0,1,0,0
1284,2878,311,272,375,218,1.1433823529411764,1867.33,0,0,1,0,1,0,0
846,2718,212,91,16,465,2.32967032967033,1470.61,1,0,0,0,1,0,0
1825,1937,951,281,587,195,3.3843416370106763,3766.06,0,0,0,1,0,0,1
3288,4771,598,58,260,270,10.310344827586206,14036.77,1,0,0,0,1,0,0
370,1265,580,386,361,1552,1.5025906735751295,580.35,0,1,0,0,1,0,0
4965,2349,966,41,399,1777,23.5609756097561,40368.6,1,0,0,0,1,0,0
4056,514,205,495,460,1788,0.41414141414141414,4928.69,0,0,0,1,1,0,0
271,2368,331,98,516,563,3.377551020408163,595.94,0,0,0,1,0,1,0
373,1204,427,437,85,356,0.977116704805492,509.42,1,0,0,0,0,1,0
2406,4958,628,489,63,540,1.2842535787321063,3353.1,0,0,0,1,0,1,0
1258,4758,351,28,100,476,12.535714285714286,6150.41,1,0,0,0,1,0,0
1806,3456,398,12,295,565,33.166666666666664,19995.97,0,1,0,0,0,0,1
1871,2516,18,387,162,308,0.046511627906976744,1946.3,0,1,0,0,0,1,0
521,2034,541,69,178,628,7.840579710144928,1888.26,0,1,0,0,1,0,0
1309,303,158,428,444,409,0.3691588785046729,1462.06,0,0,1,0,0,1,0
4775,168,392,251,328,1465,1.5617529880478087,7211.23,1,0,0,0,0,1,0
990,615,538,38,328,521,14.157894736842104,5463.45,0,1,0,0,1,0,0
4917,3663,21,84,42,1547,0.25,5747.77,1,0,0,0,1,0,0
3367,4556,485,79,242,485,6.139240506329114,9807.44,0,0,0,1,0,1,0
1573,1564,603,92,342,1643,6.554347826086956,5029.16,0,1,0,0,1,0,0
3343,1752,588,366,91,1837,1.6065573770491803,5243.33,0,0,1,0,0,1,0
4578,806,654,182,28,1877,3.5934065934065935,10156.63,0,1,0,0,0,1,0
2281,1725,965,420,459,1282,2.2976190476190474,4185.32,0,0,1,0,0,1,0
1549,4852,62,206,667,694,0.30097087378640774,1693.32,0,0,0,1,0,1,0
3196,3885,445,355,631,930,1.2535211267605635,4630.85,1,0,0,0,0,0,1
3356,1445,215,428,385,1194,0.5023364485981309,4150.31,0,0,0,1,0,0,1
3256,443,953,156,487,1485,6.108974358974359,10039.14,0,0,0,1,1,0,0
1690,3886,995,282,220,1861,3.528368794326241,3525.05,0,0,0,1,0,0,1
4339,635,924,44,264,651,21.0,32756.24,0,0,0,1,0,0,1
4081,454,754,122,121,797,6.180327868852459,11739.07,0,0,0,1,1,0,0
1535,3642,922,470,46,111,1.9617021276595745,2641.95,1,0,0,0,0,1,0
323,1082,63,215,280,604,0.2930232558139535,381.52,0,0,1,0,0,0,1
319,1445,589,167,115,220,3.5269461077844313,688.28,0,0,0,1,0,0,1
4374,3109,499,262,168,1029,1.9045801526717556,6887.48,0,1,0,0,0,0,1
1754,626,812,131,435,1556,6.198473282442748,5066.9,0,0,1,0,0,0,1
4628,1030,353,57,246,1637,6.192982456140351,14052.13,0,0,1,0,0,1,0
364,2856,178,194,484,1319,0.9175257731958762,509.81,0,1,0,0,1,0,0
1053,2382,918,282,375,1482,3.25531914893617,2255.95,0,1,0,0,0,0,1
4624,2046,170,110,280,1952,1.5454545454545454,7307.88,0,1,0,0,0,0,1
3833,4027,536,24,22,669,22.333333333333332,30747.7,0,1,0,0,0,0,1
2874,2641,712,137,714,1986,5.197080291970803,8079.54,0,1,0,0,0,0,1
3224,2016,536,219,68,895,2.4474885844748857,6052.47,0,0,0,1,1,0,0
579,3460,296,121,648,513,2.446280991735537,1037.62,0,0,1,0,0,1,0
3614,1693,884,279,58,1236,3.1684587813620073,7576.87,0,1,0,0,1,0,0
1453,3025,421,151,527,119,2.7880794701986753,2783.73,0,1,0,0,0,0,1
3422,3725,531,182,264,385,2.9175824175824174,6841.02,1,0,0,0,0,0,1
3978,1323,578,362,682,260,1.5966850828729282,6454.21,0,0,1,0,1,0,0
989,2059,208,175,423,1423,1.1885714285714286,1374.71,0,0,1,0,0,1,0
3954,1065,170,456,499,1199,0.37280701754385964,4745.72,0,0,0,1,0,1,0
1024,3778,784,128,291,1438,6.125,3077.14,0,0,1,0,0,1,0
2270,4412,398,212,169,134,1.8773584905660377,3885.58,0,1,0,0,0,1,0
2002,722,483,20,560,102,24.15,16728.44,1,0,0,0,1,0,0
4973,4548,390,258,462,385,1.5116279069767442,7748.42,0,0,1,0,1,0,0
2495,4887,774,313,608,455,2.472843450479233,4362.07,1,0,0,0,0,1,0
128,4826,640,257,556,1086,2.490272373540856,229.14,0,1,0,0,1,0,0
134,2472,601,163,353,960,3.687116564417178,291.28,1,0,0,0,1,0,0
3689,3048,133,332,240,901,0.4006024096385542,4310.97,0,0,1,0,0,0,1
2770,3399,834,34,283,566,24.529411764705884,25388.99,0,0,1,0,1,0,0
3465,1268,81,474,449,1841,0.17088607594936708,3667.26,0,0,0,1,1,0,0
688,4849,991,454,582,7,2.182819383259912,1157.77,0,1,0,0,0,1,0
3318,491,177,351,66,868,0.5042735042735043,3897.52,0,0,0,1,1,0,0
3238,3909,293,230,327,515,1.2739130434782608,4665.24,0,0,0,1,0,1,0
1003,2507,503,119,456,332,4.226890756302521,2288.68,0,1,0,0,0,0,1
4186,4964,45,419,477,1403,0.10739856801909307,4738.02,0,0,1,0,0,0,1
2269,4992,833,427,285,445,1.9508196721311475,3798.3,1,0,0,0,1,0,0
439,4360,184,99,31,335,1.8585858585858586,739.39,0,0,0,1,1,0,0
4370,4928,208,274,448,1492,0.7591240875912408,5779.67,0,0,1,0,0,1,0
1814,680,125,49,214,1961,2.5510204081632653,3413.88,0,0,1,0,0,0,1
4792,920,945,468,693,661,2.019230769230769,8390.78,0,0,0,1,0,1,0
4646,1347,324,272,714,288,1.1911764705882353,6875.33,0,0,0,1,1,0,0
656,223,948,167,580,1036,5.676646706586826,1795.82,0,0,0,1,0,0,1
3187,4539,229,127,25,997,1.8031496062992125,5353.93,0,0,1,0,1,0,0
3366,1974,900,459,373,1128,1.9607843137254901,5626.07,0,1,0,0,0,0,1
3667,623,587,265,397,1647,2.2150943396226417,6267.45,0,1,0,0,0,1,0
2156,3223,786,423,337,1287,1.8581560283687943,3562.18,0,0,0,1,1,0,0
3999,4324,143,205,672,1459,0.697560975609756,4971.71,1,0,0,0,1,0,0
1116,3298,640,323,280,173,1.9814241486068112,1864.61,0,0,1,0,0,0,1
2162,2885,131,320,623,1631,0.409375,2625.71,1,0,0,0,0,1,0
938,2218,842,23,559,321,36.608695652173914,11275.88,0,0,0,1,0,0,1
1737,1310,908,470,691,1980,1.9319148936170212,2793.96,0,0,1,0,0,0,1
4421,1126,979,127,548,1739,7.708661417322834,16045.91,0,1,0,0,0,0,1
3596,4217,430,226,198,1069,1.9026548672566372,5900.0,0,1,0,0,1,0,0
1913,4361,904,214,554,1570,4.224299065420561,4468.89,1,0,0,0,0,1,0
3579,597,501,86,479,211,5.825581395348837,10741.87,0,0,0,1,0,1,0
1551,4629,608,430,602,907,1.413953488372093,2410.19,1,0,0,0,0,1,0
2413,2905,298,389,580,737,0.7660668380462725,2980.68,0,0,0,1,0,0,1
1614,1793,658,181,70,417,3.6353591160220993,3496.55,0,1,0,0,0,1,0
1331,4858,62,399,505,264,0.15538847117794485,1520.21,0,0,1,0,0,1,0
1745,824,214,35,110,301,6.114285714285714,5034.74,0,1,0,0,1,0,0
3099,475,357,137,382,1480,2.605839416058394,5840.92,1,0,0,0,1,0,0
3540,4498,60,383,397,1250,0.1566579634464752,3825.26,0,0,1,0,1,0,0
4156,2552,848,151,409,104,5.6158940397351,11979.75,0,0,0,1,0,0,1
405,3959,931,401,351,987,2.321695760598504,697.96,0,1,0,0,1,0,0
3636,1786,921,33,534,221,27.90909090909091,36110.54,0,0,0,1,0,1,0
1823,4903,49,479,501,334,0.1022964509394572,1878.95,0,1,0,0,1,0,0
1789,356,259,241,707,418,1.0746887966804979,2425.54,0,0,0,1,0,0,1
1617,4594,227,432,421,1325,0.5254629629629629,1902.26,0,1,0,0,1,0,0
4017,3700,188,186,557,635,1.010752688172043,5344.91,0,1,0,0,0,1,0
519,150,560,350,111,1509,1.6,834.21,0,0,0,1,1,0,0
3036,694,192,244,209,961,0.7868852459016393,4095.99,0,1,0,0,1,0,0
3962,4831,745,328,439,1481,2.2713414634146343,7164.7,0,1,0,0,1,0,0
4329,3973,173,35,178,436,4.942857142857143,11382.55,0,1,0,0,0,0,1
1550,3536,755,275,425,394,2.7454545454545456,2891.89,1,0,0,0,0,0,1
3196,1172,386,470,328,734,0.8212765957446808,4092.87,0,1,0,0,0,0,1
3361,1576,714,371,11,43,1.9245283018867925,5465.79,0,0,0,1,0,0,1
1264,4970,506,126,252,210,4.015873015873016,3003.36,0,0,0,1,0,0,1
1969,3120,606,67,235,1873,9.044776119402986,7496.65,1,0,0,0,1,0,0
1919,1764,470,279,648,966,1.6845878136200716,3170.01,0,1,0,0,1,0,0
2805,4592,764,338,254,11,2.260355029585799,5081.99,1,0,0,0,0,0,1
3615,2830,483,464,566,216,1.040948275862069,5218.17,1,0,0,0,0,0,1
1442,1495,694,304,478,1188,2.2828947368421053,2541.14,0,1,0,0,1,0,0
2326,3997,914,131,129,225,6.977099236641221,7618.62,0,0,0,1,0,1,0
1179,4724,46,168,532,1761,0.27380952380952384,1311.62,0,1,0,0,1,0,0
4306,4880,608,187,100,1270,3.251336898395722,9019.63,1,0,0,0,0,0,1
4663,4145,650,153,290,658,4.248366013071895,11638.96,0,0,1,0,1,0,0
2879,2760,715,337,569,1727,2.121661721068249,4725.79,1,0,0,0,0,0,1
2628,2333,328,377,226,773,0.870026525198939,3409.8,0,0,0,1,1,0,0
913,3422,564,316,653,1823,1.7848101265822784,1441.29,0,1,0,0,1,0,0
2131,4297,421,408,125,16,1.0318627450980393,3064.82,0,0,1,0,1,0,0
422,4318,365,98,438,1218,3.7244897959183674,905.37,1,0,0,0,0,1,0
3069,2201,680,248,564,1033,2.7419354838709675,6047.89,1,0,0,0,1,0,0
1003,1406,626,47,646,514,13.319148936170214,5148.3,1,0,0,0,1,0,0
1641,1737,974,370,665,293,2.6324324324324326,3189.7,0,1,0,0,0,1,0
3603,1240,238,88,347,1108,2.7045454545454546,6844.67,0,1,0,0,1,0,0
2753,715,738,354,698,1979,2.0847457627118646,4583.2,1,0,0,0,0,1,0
2576,4752,273,336,183,1233,0.8125,3431.29,0,1,0,0,0,1,0
3440,4309,939,355,351,58,2.6450704225352113,6688.94,0,0,1,0,0,1,0
4343,1666,496,261,515,985,1.9003831417624522,7139.6,0,0,1,0,1,0,0
1241,1076,570,337,378,851,1.6913946587537092,2004.27,0,0,0,1,0,0,1
949,4896,361,475,708,1536,0.76,1186.53,0,1,0,0,1,0,0
466,1416,451,158,465,1642,2.8544303797468356,946.16,0,1,0,0,0,0,1
2997,2439,644,25,678,648,25.76,26410.11,1,0,0,0,0,0,1
1189,4456,468,376,340,1844,1.2446808510638299,1669.22,0,0,1,0,0,1,0
4141,2196,824,332,141,1355,2.4819277108433737,7432.62,0,1,0,0,0,1,0
2138,478,34,330,111,461,0.10303030303030303,2237.75,0,1,0,0,0,1,0
2960,3565,140,278,261,1613,0.5035971223021583,3545.76,0,1,0,0,0,1,0
4370,2371,950,127,188,969,7.480314960629921,14825.61,1,0,0,0,1,0,0
1954,1146,379,201,371,1349,1.8855721393034826,3217.98,0,0,1,0,1,0,0
4783,1107,445,326,358,1234,1.3650306748466257,6769.19,0,1,0,0,0,0,1
594,209,233,297,273,1768,0.7845117845117845,749.88,0,1,0,0,1,0,0
3282,2871,620,405,697,1149,1.5308641975308641,5176.15,1,0,0,0,1,0,0
1884,3983,361,360,604,692,1.0027777777777778,2649.43,0,0,0,1,0,0,1
3610,2700,811,306,449,1486,2.650326797385621,6694.16,1,0,0,0,1,0,0
3886,3343,494,203,706,290,2.4334975369458127,7033.02,0,1,0,0,1,0,0
4230,1105,206,498,417,1238,0.41365461847389556,4842.16,0,0,1,0,0,1,0
1098,4893,118,401,388,1456,0.2942643391521197,1293.17,0,0,1,0,0,1,0
4569,405,869,452,338,1121,1.9225663716814159,7893.48,0,1,0,0,0,0,1
1551,1058,229,290,311,920,0.7896551724137931,1974.32,0,0,0,1,0,1,0
1851,1053,785,398,329,249,1.9723618090452262,3176.63,1,0,0,0,1,0,0
2380,2768,932,310,47,1527,3.0064516129032257,4686.12,0,1,0,0,0,1,0
4900,3638,729,395,656,733,1.8455696202531646,7614.99,0,1,0,0,0,1,0
4758,2777,328,435,149,525,0.7540229885057471,6184.19,0,1,0,0,0,0,1
3034,1730,91,259,350,1529,0.35135135135135137,3491.44,1,0,0,0,1,0,0
3834,1891,546,431,323,1842,1.2668213457076567,5692.39,0,0,1,0,0,0,1
3446,2703,707,240,120,1115,2.9458333333333333,6977.46,1,0,0,0,1,0,0
1973,2071,441,12,398,705,36.75,25969.81,0,1,0,0,1,0,0
4634,166,906,183,646,1735,4.950819672131147,12020.85,0,0,1,0,1,0,0
3903,934,17,249,197,772,0.06827309236947791,4175.12,0,0,0,1,0,1,0
2079,305,645,495,413,576,1.303030303030303,3007.49,0,1,0,0,0,0,1
798,2933,158,415,439,842,0.38072289156626504,915.55,0,0,1,0,1,0,0
1412,4350,107,113,37,744,0.9469026548672567,1928.76,0,0,1,0,0,1,0
3062,1814,737,298,187,1763,2.4731543624161074,5775.5,0,0,1,0,0,0,1
3038,1632,110,253,420,167,0.43478260869565216,3488.46,0,1,0,0,0,1,0
4887,3245,739,297,460,1275,2.4882154882154883,9372.97,0,0,0,1,0,1,0
2400,3220,376,376,110,1471,1.0,3333.35,0,0,1,0,1,0,0
3297,807,471,282,187,1210,1.6702127659574468,5335.08,0,1,0,0,0,0,1
226,278,934,129,471,249,7.24031007751938,788.5,0,0,1,0,0,1,0
1291,212,423,347,78,1808,1.219020172910663,1851.99,1,0,0,0,0,1,0
2739,856,268,449,374,340,0.5968819599109132,3252.48,0,0,1,0,0,1,0
4489,996,912,268,330,1470,3.4029850746268657,9788.74,0,1,0,0,0,1,0
4016,2968,365,79,125,1162,4.620253164556962,10416.89,0,0,1,0,1,0,0
1466,258,20,442,316,109,0.04524886877828054,1510.03,0,0,1,0,1,0,0
1119,885,425,192,320,830,2.2135416666666665,1866.58,1,0,0,0,0,0,1
4179,1903,580,470,475,417,1.2340425531914894,5803.89,1,0,0,0,0,1,0
4614,1939,259,256,489,1991,1.01171875,6209.27,0,1,0,0,1,0,0
4639,3268,661,127,514,426,5.2047244094488185,12980.68,0,0,0,1,0,0,1
784,2398,856,40,334,1068,21.4,5818.72,0,0,0,1,0,0,1
3729,4178,559,474,71,1966,1.1793248945147679,5454.09,0,0,0,1,1,0,0
2987,1642,131,158,465,342,0.8291139240506329,4048.83,0,0,0,1,1,0,0
1562,4308,929,25,376,1003,37.16,20514.16,0,1,0,0,0,1,0
4186,4454,74,282,8,1873,0.2624113475177305,4552.66,0,1,0,0,1,0,0
2361,2254,667,361,696,201,1.8476454293628808,3918.93,1,0,0,0,1,0,0
4280,674,311,394,164,378,0.7893401015228426,5798.46,1,0,0,0,1,0,0
2941,3138,134,377,295,1128,0.35543766578249336,3293.78,0,0,0,1,0,0,1
1867,1481,321,111,358,458,2.891891891891892,3497.8,1,0,0,0,1,0,0
4280,1322,200,81,81,991,2.4691358024691357,8101.28,0,1,0,0,0,0,1
3660,2574,784,202,275,1439,3.881188118811881,8432.43,0,0,0,1,0,0,1
2212,1601,882,331,617,901,2.6646525679758306,4237.56,0,0,1,0,1,0,0
4858,958,459,120,540,632,3.825,11438.7,0,0,1,0,0,0,1
726,3674,817,302,47,1426,2.705298013245033,1416.45,0,0,1,0,0,1,0
4259,3829,703,417,392,1414,1.685851318944844,6667.89,1,0,0,0,0,1,0
3514,3065,168,356,567,1386,0.47191011235955055,4186.32,0,0,0,1,0,0,1
1475,3291,362,349,79,1458,1.0372492836676217,1961.97,0,0,1,0,1,0,0
1281,1696,829,376,513,1407,2.2047872340425534,2193.01,0,0,0,1,1,0,0
590,1661,999,327,680,1052,3.055045871559633,1181.11,0,1,0,0,0,0,1
3829,2622,808,286,23,1131,2.825174825174825,7258.98,0,0,1,0,1,0,0
3634,2699,683,115,228,1816,5.939130434782609,11034.68,0,0,1,0,0,0,1
3396,2491,272,46,438,1989,5.913043478260869,9431.33,0,0,1,0,0,1,0
2040,2775,738,300,298,540,2.46,3753.65,0,1,0,0,0,0,1
4508,2283,921,431,260,1210,2.136890951276102,7968.76,0,0,0,1,0,0,1
1982,376,415,190,676,195,2.1842105263157894,3520.92,0,0,1,0,0,1,0
3087,3982,702,152,10,1170,4.618421052631579,7838.17,0,0,1,0,0,1,0
3259,3704,612,123,628,772,4.975609756097561,8457.0,0,0,0,1,0,0,1
4875,2178,26,247,158,872,0.10526315789473684,5490.84,1,0,0,0,0,1,0
4630,4442,646,435,158,689,1.4850574712643678,6912.9,1,0,0,0,0,1,0
781,4606,269,103,320,128,2.6116504854368934,1497.4,0,0,1,0,1,0,0
1173,4177,966,269,202,1920,3.591078066914498,2662.5,0,0,1,0,0,1,0
2487,4268,899,116,121,106,7.75,8375.44,1,0,0,0,0,1,0
2494,1220,364,253,139,1440,1.4387351778656126,3908.61,1,0,0,0,0,0,1
2793,4868,498,432,674,352,1.1527777777777777,4050.62,0,0,1,0,0,1,0
1470,2623,223,344,567,1407,0.6482558139534884,1864.15,0,0,0,1,0,0,1
4844,3470,248,32,339,1747,7.75,16707.71,1,0,0,0,1,0,0
4440,4482,189,370,260,1373,0.5108108108108108,5583.42,0,0,1,0,0,0,1
2256,2008,428,280,433,1505,1.5285714285714285,3305.03,0,1,0,0,0,0,1
2680,3620,693,483,44,834,1.434782608695652,3999.11,0,0,0,1,1,0,0
4491,4407,152,149,159,314,1.0201342281879195,6309.22,0,0,1,0,1,0,0
2259,4596,326,475,355,1547,0.6863157894736842,2945.08,0,1,0,0,0,1,0
3348,4850,253,463,98,1903,0.5464362850971922,3975.67,1,0,0,0,0,0,1
3831,3205,241,393,538,1001,0.6132315521628499,4557.38,0,1,0,0,0,0,1
3929,597,693,91,710,1384,7.615384615384615,13941.35,0,1,0,0,0,0,1
1727,3687,798,386,609,1345,2.0673575129533677,2916.15,0,1,0,0,1,0,0
3572,4293,598,447,239,384,1.337807606263982,5077.44,1,0,0,0,0,0,1
127,2513,312,353,475,1002,0.8838526912181303,162.05,0,1,0,0,0,1,0
2085,3900,340,431,524,17,0.7888631090487239,2743.62,1,0,0,0,1,0,0
4253,562,570,165,557,1394,3.4545454545454546,9165.41,0,0,1,0,0,0,1
1621,2860,958,344,392,1872,2.7848837209302326,3229.38,0,1,0,0,1,0,0
396,3557,257,28,9,1090,9.178571428571429,1491.11,0,0,0,1,1,0,0
2281,372,292,78,513,886,3.7435897435897436,5263.3,0,0,1,0,1,0,0
3502,1250,296,457,389,1137,0.6477024070021882,4553.56,1,0,0,0,0,0,1
2396,3489,949,141,210,1668,6.7304964539007095,7556.73,0,0,1,0,0,0,1
2697,118,41,265,54,1440,0.15471698113207547,2843.82,0,1,0,0,0,1,0
1001,1716,509,218,616,71,2.334862385321101,1863.31,1,0,0,0,1,0,0
1198,3278,679,19,152,1949,35.73684210526316,14142.96,0,1,0,0,0,0,1
1777,4181,539,149,410,1085,3.61744966442953,3924.33,0,0,1,0,0,0,1
2981,511,390,462,10,444,0.8441558441558441,3920.17,0,0,0,1,0,1,0
4966,841,72,144,552,969,0.5,6187.81,0,0,1,0,0,0,1
1478,2771,137,264,556,1338,0.5189393939393939,1793.95,0,0,1,0,0,0,1
1348,2879,537,309,268,483,1.7378640776699028,2147.0,0,1,0,0,0,0,1
3835,2724,172,416,667,1268,0.41346153846153844,4690.31,0,0,0,1,1,0,0
4341,614,967,267,451,1845,3.6217228464419478,9930.73,0,1,0,0,0,1,0
1364,306,260,103,594,517,2.5242718446601944,2528.59,0,1,0,0,0,1,0
2007,1047,658,381,197,1394,1.727034120734908,3185.39,0,1,0,0,0,1,0
1158,2541,839,250,398,317,3.356,2517.01,1,0,0,0,0,0,1
2849,1928,304,246,52,1045,1.2357723577235773,4229.77,0,1,0,0,0,0,1
2148,3698,188,174,469,698,1.0804597701149425,2935.09,0,0,0,1,0,0,1
4348,2267,238,334,368,721,0.7125748502994012,5581.58,0,1,0,0,1,0,0
2576,1756,892,157,374,231,5.681528662420382,7074.05,0,1,0,0,1,0,0
4116,701,403,227,59,1550,1.775330396475771,6709.09,0,0,0,1,0,1,0
4703,811,701,437,294,864,1.6041189931350115,7547.23,0,0,1,0,1,0,0
3297,1303,405,117,110,1615,3.4615384615384617,6846.83,0,1,0,0,1,0,0
4686,1491,81,240,542,1493,0.3375,5327.16,0,0,1,0,0,0,1
3653,2796,327,79,107,1718,4.139240506329114,8556.83,0,1,0,0,0,0,1
4540,3372,908,230,297,1102,3.9478260869565216,10755.0,0,1,0,0,0,1,0
1861,3231,604,83,95,1833,7.27710843373494,6357.06,1,0,0,0,0,0,1
320,3830,388,188,719,1808,2.0638297872340425,534.55,0,0,0,1,0,0,1
4918,2766,916,89,684,563,10.292134831460674,20591.59,0,0,0,1,1,0,0
4723,649,145,363,472,769,0.39944903581267216,5656.94,0,0,1,0,0,1,0
2988,4841,739,168,79,808,4.398809523809524,7263.71,1,0,0,0,1,0,0
1764,4082,630,365,250,530,1.726027397260274,2836.33,0,1,0,0,0,1,0
4086,1344,387,178,339,290,2.1741573033707864,7189.02,1,0,0,0,0,1,0
4676,3986,928,323,57,1242,2.873065015479876,9192.75,0,0,0,1,0,0,1
3077,4112,128,398,147,1981,0.32160804020100503,3580.72,0,1,0,0,1,0,0
1971,2649,915,170,17,100,5.382352941176471,5610.97,0,1,0,0,1,0,0
1562,3304,539,436,368,149,1.2362385321100917,2327.21,0,0,1,0,0,0,1
444,945,853,412,709,1409,2.070388349514563,730.5,1,0,0,0,0,1,0
144,4645,944,41,189,1179,23.024390243902438,1205.44,0,1,0,0,0,1,0
2168,143,675,130,644,1971,5.1923076923076925,5788.67,0,0,0,1,0,1,0
1614,758,532,224,248,395,2.375,2842.89,0,0,1,0,0,1,0
2698,4923,659,12,150,376,54.916666666666664,50123.26,0,0,0,1,0,0,1
1101,4030,396,394,714,102,1.0050761421319796,1506.19,0,0,1,0,0,1,0
1133,2967,583,237,213,1651,2.459915611814346,2121.71,1,0,0,0,1,0,0
2140,3747,592,434,217,782,1.3640552995391706,3043.9,0,0,1,0,0,1,0
373,2882,582,485,6,92,1.2,522.63,1,0,0,0,0,1,0
2747,1791,653,57,670,1975,11.456140350877194,12219.43,1,0,0,0,0,1,0
1879,2325,582,176,587,411,3.3068181818181817,4022.27,0,1,0,0,0,0,1
4576,3166,913,398,395,406,2.2939698492462313,8430.05,1,0,0,0,0,1,0
578,2047,879,342,304,21,2.5701754385964914,1083.8,0,0,1,0,0,0,1
615,1465,278,20,558,632,13.9,3375.72,0,0,1,0,1,0,0
4386,3230,533,247,411,1432,2.1578947368421053,7258.9,0,1,0,0,0,1,0
1291,4633,556,287,403,19,1.9372822299651569,2144.15,0,0,1,0,0,1,0
2768,4621,495,250,380,1560,1.98,4644.66,1,0,0,0,1,0,0
1511,1067,447,480,452,1562,0.93125,1940.67,0,0,1,0,0,1,0
3380,1504,572,201,229,153,2.845771144278607,6755.83,0,0,0,1,0,1,0
371,585,564,21,694,301,26.857142857142858,3453.72,0,0,0,1,0,0,1
242,1855,749,62,505,1900,12.080645161290322,1200.01,0,1,0,0,0,0,1
3432,3730,120,64,595,413,1.875,5578.57,1,0,0,0,1,0,0
887,3068,331,318,145,202,1.0408805031446542,1279.87,0,0,1,0,0,0,1
1781,1679,536,30,50,139,17.866666666666667,11567.53,0,1,0,0,0,0,1
722,2895,186,28,424,1816,6.642857142857143,2173.43,0,1,0,0,1,0,0
3941,150,683,462,100,24,1.4783549783549783,6246.31,1,0,0,0,1,0,0
3776,1759,560,353,343,12,1.5864022662889519,5708.97,0,1,0,0,0,1,0
2672,4400,547,359,651,135,1.5236768802228413,4140.74,0,0,0,1,0,1,0
3360,2887,633,465,526,936,1.3612903225806452,4909.43,0,1,0,0,0,1,0
4812,4728,974,331,13,81,2.9425981873111784,9639.43,0,0,1,0,0,1,0
166,2255,953,324,172,1379,2.941358024691358,331.11,0,0,0,1,0,0,1
4386,4446,482,442,489,1094,1.090497737556561,6232.57,0,0,0,1,0,0,1
4716,4330,572,491,359,1228,1.164969450101833,6375.94,0,0,0,1,1,0,0
1240,3261,888,68,106,591,13.058823529411764,6607.78,0,0,1,0,1,0,0
2414,1714,397,160,189,992,2.48125,4412.48,1,0,0,0,0,0,1
2632,2836,107,268,529,1303,0.39925373134328357,3100.17,0,1,0,0,0,1,0
3680,506,420,449,50,711,0.9354120267260579,4906.4,0,1,0,0,0,1,0
1287,3479,384,381,249,1403,1.0078740157480315,1841.97,0,0,0,1,0,1,0
4571,4297,179,67,410,1318,2.671641791044776,8894.69,0,0,0,1,0,1,0
4848,1484,65,225,391,1439,0.28888888888888886,5432.21,0,1,0,0,1,0,0
3439,3795,742,71,379,797,10.450704225352112,15334.6,0,0,1,0,0,0,1
648,4599,334,155,227,1452,2.1548387096774193,1113.52,0,0,0,1,1,0,0
4187,3002,667,454,591,1180,1.4691629955947136,6557.24,0,0,0,1,0,0,1
172,1729,966,391,213,1612,2.4705882352941178,300.41,0,0,1,0,0,1,0
298,3362,269,248,529,731,1.0846774193548387,409.01,1,0,0,0,1,0,0
3301,1126,650,302,346,1860,2.152317880794702,5665.94,0,0,0,1,0,0,1
1881,3089,571,191,419,277,2.9895287958115184,3833.54,1,0,0,0,0,0,1
671,2324,349,378,84,1289,0.9232804232804233,872.48,0,0,1,0,0,0,1
890,3020,847,104,197,49,8.14423076923077,3152.24,0,1,0,0,0,0,1
1738,4415,413,87,530,610,4.747126436781609,4518.13,0,1,0,0,0,1,0
1931,4368,541,458,221,293,1.1812227074235808,2635.38,1,0,0,0,0,1,0
1955,2883,183,151,176,1045,1.2119205298013245,2719.41,0,0,0,1,0,0,1
1274,1513,804,114,584,1468,7.052631578947368,4268.57,0,1,0,0,0,0,1
3840,4697,547,270,603,1559,2.025925925925926,6714.41,0,0,1,0,0,0,1
3377,3748,169,104,322,472,1.625,5389.4,0,0,0,1,0,1,0
278,2908,19,232,535,1162,0.08189655172413793,299.84,1,0,0,0,1,0,0
2344,3431,603,487,394,230,1.2381930184804928,3246.54,1,0,0,0,0,0,1
4186,2278,265,493,640,838,0.537525354969574,5263.14,1,0,0,0,1,0,0
834,897,626,199,571,1429,3.1457286432160805,1641.17,1,0,0,0,0,1,0
898,2946,661,138,324,357,4.7898550724637685,2272.66,0,0,1,0,0,1,0
887,1029,723,328,85,541,2.2042682926829267,1481.0,0,1,0,0,0,1,0
2895,4918,353,204,427,827,1.7303921568627452,4709.95,1,0,0,0,0,1,0
4404,3191,545,29,268,936,18.79310344827586,30705.34,0,1,0,0,0,1,0
4688,2362,382,308,112,1045,1.2402597402597402,7016.1,0,1,0,0,1,0,0
3184,1433,444,249,628,1878,1.783132530120482,4955.06,1,0,0,0,1,0,0
3018,1374,943,244,398,1635,3.8647540983606556,7051.01,0,0,0,1,1,0,0
831,4683,55,94,52,1599,0.5851063829787234,1026.75,1,0,0,0,1,0,0
1229,3580,738,103,84,814,7.165048543689321,4012.46,0,0,1,0,0,0,1
3546,3442,913,51,623,645,17.901960784313726,24043.93,0,0,0,1,0,1,0
1705,1317,64,373,712,527,0.17158176943699732,1934.47,1,0,0,0,1,0,0
3878,1564,87,359,425,1022,0.24233983286908078,4343.09,0,1,0,0,1,0,0
2845,4508,500,462,21,1129,1.0822510822510822,3856.44,0,1,0,0,0,0,1
3270,4274,680,83,688,623,8.19277108433735,12342.6,0,0,0,1,0,0,1
4789,4870,865,481,56,851,1.7983367983367984,7603.43,0,0,1,0,0,1,0
3033,113,281,374,291,1360,0.7513368983957219,4087.65,0,1,0,0,0,1,0
1315,2393,669,124,655,424,5.395161290322581,3707.61,0,0,1,0,0,0,1
424,2145,559,432,373,623,1.2939814814814814,629.08,0,1,0,0,0,0,1
1950,1137,120,199,8,1899,0.6030150753768844,2305.62,0,0,0,1,0,0,1
1590,4228,24,441,124,1879,0.05442176870748299,1688.44,1,0,0,0,0,1,0
993,1559,87,134,101,4,0.6492537313432836,1246.03,0,1,0,0,0,0,1
1490,356,510,15,93,469,34.0,17316.1,0,0,0,1,1,0,0
3489,4229,597,467,385,664,1.278372591006424,4899.47,0,0,0,1,0,1,0
4339,4173,427,388,80,1578,1.1005154639175259,5983.62,1,0,0,0,0,1,0
4579,1383,849,51,298,887,16.647058823529413,27652.84,1,0,0,0,1,0,0
2363,3587,284,67,31,538,4.2388059701492535,5524.05,0,0,0,1,1,0,0
3532,2284,503,436,378,1898,1.1536697247706422,4794.21,0,1,0,0,0,1,0
2471,458,206,19,330,1218,10.842105263157896,11298.92,0,0,1,0,0,1,0
3186,3891,385,98,299,360,3.9285714285714284,7406.77,0,0,1,0,0,0,1
4412,4949,740,343,282,520,2.1574344023323615,7950.68,1,0,0,0,0,0,1
1615,3287,72,120,12,1097,0.6,1978.1,0,1,0,0,1,0,0
3017,4599,370,48,639,1986,7.708333333333333,10779.53,0,0,0,1,1,0,0
2452,1325,982,406,699,1102,2.41871921182266,4479.84,0,0,1,0,1,0,0
1267,2397,553,468,69,1684,1.1816239316239316,1827.02,0,0,1,0,1,0,0
210,377,754,176,523,1858,4.284090909090909,506.17,0,1,0,0,0,0,1
4427,4307,119,20,23,68,5.95,13289.84,0,0,0,1,0,1,0
3755,2086,686,119,337,1891,5.764705882352941,10291.98,1,0,0,0,0,0,1
3893,3644,203,25,427,695,8.12,13484.01,0,0,1,0,1,0,0
1855,2893,528,42,209,1358,12.571428571428571,8935.9,0,1,0,0,0,0,1
1677,491,953,242,215,85,3.93801652892562,3763.83,1,0,0,0,1,0,0
1396,1068,660,498,635,1520,1.3253012048192772,2066.37,0,1,0,0,0,0,1
3874,2290,468,197,423,79,2.3756345177664975,7063.33,0,0,0,1,0,1,0
2320,2328,864,233,73,1575,3.708154506437768,5250.11,0,1,0,0,1,0,0
1072,2726,808,68,606,1330,11.882352941176471,5030.75,1,0,0,0,0,0,1
1130,2945,949,467,666,20,2.032119914346895,1937.16,0,0,0,1,1,0,0
2693,4464,310,60,274,1606,5.166666666666667,6947.97,0,0,1,0,0,1,0
4092,3407,977,280,640,156,3.4892857142857143,8383.81,1,0,0,0,1,0,0
4713,2700,577,473,233,1141,1.2198731501057083,6885.0,0,1,0,0,0,1,0
1013,2780,681,52,41,880,13.096153846153847,5350.22,0,0,1,0,0,0,1
2281,4470,505,36,289,939,14.027777777777779,12619.33,0,0,0,1,0,1,0
3297,4938,158,65,555,1474,2.4307692307692306,5848.86,1,0,0,0,1,0,0
1562,185,808,130,270,28,6.2153846153846155,4889.53,0,0,0,1,0,0,1
2478,3234,778,122,439,1911,6.377049180327869,7850.82,0,0,0,1,1,0,0
3554,4599,470,325,314,610,1.4461538461538461,5358.6,0,1,0,0,1,0,0
3653,2339,148,124,510,974,1.1935483870967742,5451.72,0,1,0,0,0,0,1
1407,3464,870,118,394,1353,7.372881355932203,4654.04,0,1,0,0,0,1,0
1289,2145,845,489,28,1687,1.7280163599182004,2053.35,0,0,1,0,0,1,0
787,1154,301,463,270,1388,0.6501079913606912,1027.76,0,0,1,0,0,0,1
4761,3501,344,184,467,419,1.8695652173913044,7774.72,0,1,0,0,0,0,1
1307,3829,708,121,74,22,5.851239669421488,3770.89,0,0,1,0,1,0,0
1994,2769,844,109,657,261,7.743119266055046,6678.54,1,0,0,0,1,0,0
1911,375,193,17,674,60,11.352941176470589,8597.59,0,0,0,1,0,0,1
3283,4846,316,456,246,937,0.6929824561403509,4028.12,0,1,0,0,0,0,1
3897,4190,934,482,410,1437,1.937759336099585,6510.78,0,0,0,1,1,0,0
1744,1205,990,144,498,163,6.875,5511.11,0,0,0,1,1,0,0
4068,4781,907,260,418,1138,3.4884615384615385,8389.45,0,0,0,1,0,1,0
2816,3032,271,346,211,354,0.7832369942196532,3655.03,1,0,0,0,0,0,1
290,228,936,249,223,196,3.7590361445783134,658.33,1,0,0,0,1,0,0
1435,4451,319,231,360,1069,1.380952380952381,2178.98,0,0,1,0,0,1,0
4903,4426,353,395,582,625,0.8936708860759494,6738.23,0,0,0,1,1,0,0
3206,3668,433,154,20,905,2.811688311688312,6195.13,0,0,1,0,0,0,1
478,2502,666,386,423,179,1.7253886010362693,753.76,0,0,0,1,0,1,0
4582,1747,782,13,121,1806,60.15384615384615,93239.77,0,1,0,0,1,0,0
3929,3656,523,291,173,1517,1.7972508591065293,6055.5,0,0,0,1,0,0,1
715,3991,835,343,34,325,2.434402332361516,1315.56,0,0,0,1,0,0,1
2430,2293,533,337,71,370,1.5816023738872405,3728.34,1,0,0,0,0,0,1
1854,2147,270,206,545,568,1.3106796116504855,2699.98,0,1,0,0,0,0,1
563,3204,371,398,621,1903,0.9321608040201005,741.79,0,0,1,0,0,1,0
1066,4455,965,137,535,1371,7.043795620437956,3360.84,0,1,0,0,1,0,0
4367,2234,178,270,658,779,0.6592592592592592,5440.67,1,0,0,0,1,0,0
3258,942,669,100,14,926,6.69,10098.75,1,0,0,0,0,0,1
3724,2071,209,334,306,115,0.625748502994012,4847.75,0,0,0,1,1,0,0
789,4460,394,268,548,357,1.4701492537313432,1244.26,1,0,0,0,0,0,1
2722,4003,321,431,271,1191,0.7447795823665894,3544.62,1,0,0,0,1,0,0
2312,3713,591,103,53,1378,5.737864077669903,6860.37,0,0,0,1,1,0,0
482,491,321,266,494,115,1.2067669172932332,705.82,1,0,0,0,1,0,0
2356,2379,575,145,560,1432,3.9655172413793105,5337.27,1,0,0,0,0,1,0
3910,1000,404,22,463,1616,18.363636363636363,26987.51,0,0,1,0,0,0,1
3603,4783,780,477,523,1850,1.6352201257861636,5488.83,0,0,0,1,0,1,0
1512,2594,360,207,324,798,1.7391304347826086,2458.99,0,0,0,1,1,0,0
1683,1252,37,187,524,1944,0.19786096256684493,1790.89,0,0,1,0,0,1,0
471,1394,888,121,443,323,7.338842975206612,1633.34,0,0,1,0,0,1,0
710,565,884,273,251,1565,3.238095238095238,1481.35,0,0,1,0,0,1,0
215,2275,641,423,160,42,1.5153664302600474,314.57,0,0,1,0,1,0,0
546,3345,142,378,36,1484,0.37566137566137564,660.5,0,0,0,1,0,1,0
1491,587,389,433,661,1143,0.8983833718244804,2058.98,0,0,1,0,1,0,0
3424,3038,611,88,198,574,6.943181818181818,11456.27,0,0,1,0,0,0,1
1440,2726,537,387,450,1691,1.3875968992248062,2197.36,1,0,0,0,1,0,0
4610,1049,296,265,378,1821,1.1169811320754717,6572.03,0,0,0,1,1,0,0
3039,4601,293,83,246,1474,3.5301204819277108,6505.77,0,0,1,0,1,0,0
3799,1149,912,392,393,441,2.326530612244898,6538.49,1,0,0,0,0,0,1
1173,4175,751,170,204,1213,4.41764705882353,2806.34,0,0,0,1,0,0,1
4913,4559,658,210,44,285,3.1333333333333333,9862.03,0,0,1,0,1,0,0
3669,1490,816,378,315,104,2.1587301587301586,6261.58,0,0,1,0,1,0,0
3250,1183,236,317,408,569,0.7444794952681388,4200.7,1,0,0,0,0,0,1
1705,4746,436,386,206,457,1.1295336787564767,2330.33,0,1,0,0,0,0,1
4757,1758,36,42,241,311,0.8571428571428571,6093.65,0,0,0,1,1,0,0
2394,4487,341,82,41,1908,4.158536585365853,5766.43,1,0,0,0,0,0,1
3762,1917,126,471,588,1708,0.267515923566879,4066.97,0,0,1,0,1,0,0
4582,290,98,361,714,1408,0.27146814404432135,5029.25,0,1,0,0,1,0,0
4897,560,628,302,363,1692,2.0794701986754967,8297.83,0,1,0,0,1,0,0
1083,2621,742,207,95,1189,3.5845410628019323,2281.13,1,0,0,0,0,0,1
451,3576,744,334,540,407,2.2275449101796405,824.6,1,0,0,0,0,0,1
1824,2805,131,397,144,845,0.32997481108312343,2138.89,1,0,0,0,0,0,1
2051,4466,903,325,59,581,2.7784615384615385,3923.33,0,0,0,1,1,0,0
1379,1257,875,249,641,1500,3.5140562248995986,2864.56,0,1,0,0,1,0,0
2007,4366,42,473,509,1082,0.08879492600422834,2139.83,0,0,0,1,0,1,0
4948,127,612,83,513,719,7.373493975903615,16927.23,0,1,0,0,1,0,0
1124,4331,705,40,22,1440,17.625,7751.83,0,0,0,1,1,0,0
645,3072,897,488,204,597,1.8381147540983607,1047.98,1,0,0,0,0,1,0
4274,3124,779,23,699,1861,33.869565217391305,51004.47,0,0,1,0,1,0,0
2481,1364,407,214,471,1637,1.9018691588785046,3972.68,1,0,0,0,1,0,0
988,955,534,325,284,1828,1.643076923076923,1566.99,0,0,0,1,0,0,1
1205,4125,33,77,372,1275,0.42857142857142855,1392.44,1,0,0,0,0,1,0
2649,1351,334,137,498,1244,2.437956204379562,4677.32,0,1,0,0,0,0,1
2090,4704,43,35,332,1184,1.2285714285714286,3005.97,0,0,0,1,0,1,0
4098,3970,256,417,27,187,0.6139088729016786,4955.45,1,0,0,0,1,0,0
3875,1426,864,193,129,896,4.476683937823834,9734.05,1,0,0,0,0,1,0
2912,1125,28,146,380,1980,0.1917808219178082,3368.2,0,0,1,0,0,0,1
1020,461,39,300,507,1623,0.13,1101.49,0,0,1,0,1,0,0
4745,1318,58,115,95,464,0.5043478260869565,5639.1,1,0,0,0,0,0,1
2161,705,948,472,578,1522,2.0084745762711864,3524.0,0,1,0,0,0,1,0
4587,1770,921,33,177,330,27.90909090909091,44671.12,0,1,0,0,0,1,0
3739,4911,189,424,473,349,0.44575471698113206,4476.23,0,1,0,0,0,1,0
3265,2397,379,348,486,500,1.089080459770115,4493.32,1,0,0,0,0,0,1
4535,2294,893,459,275,1691,1.9455337690631809,7629.39,0,0,1,0,1,0,0
2744,4543,747,203,668,1891,3.6798029556650245,6155.64,1,0,0,0,1,0,0
4952,1377,954,178,423,490,5.359550561797753,13040.49,0,0,1,0,0,0,1
1145,498,404,45,531,1005,8.977777777777778,4523.95,0,1,0,0,0,0,1
3656,2272,599,110,320,280,5.445454545454545,10495.45,0,0,1,0,0,0,1
2781,2910,505,43,58,855,11.744186046511627,12612.2,1,0,0,0,1,0,0
3299,2752,440,386,273,1859,1.1398963730569949,4671.25,1,0,0,0,0,1,0
1038,3039,216,48,198,1188,4.5,2586.6,1,0,0,0,0,0,1
541,921,44,220,79,1005,0.2,614.17,0,0,1,0,0,0,1
2650,1044,771,239,41,398,3.225941422594142,5415.79,0,1,0,0,0,1,0
4325,3578,592,288,245,1092,2.0555555555555554,7564.53,1,0,0,0,1,0,0
696,2879,422,89,23,428,4.741573033707865,1777.07,1,0,0,0,0,0,1
1605,4529,373,247,709,1456,1.5101214574898785,2427.49,0,0,1,0,0,0,1
961,4550,319,181,236,1898,1.7624309392265194,1574.78,0,1,0,0,0,0,1
2740,1296,991,335,126,375,2.9582089552238804,5651.25,0,0,1,0,0,1,0
3831,1312,288,451,140,1824,0.6385809312638581,4935.59,0,0,0,1,0,1,0
1651,923,161,68,394,1016,2.3676470588235294,3086.49,0,0,0,1,0,1,0
3336,1996,236,419,127,1748,0.5632458233890215,4003.4,1,0,0,0,0,1,0
1836,4363,252,31,114,632,8.129032258064516,6388.29,0,0,1,0,1,0,0
1549,2515,19,374,525,1937,0.05080213903743316,1656.64,0,0,1,0,0,1,0
364,635,838,376,228,989,2.228723404255319,610.08,1,0,0,0,0,0,1
2759,3110,401,353,521,697,1.1359773371104815,3948.8,0,0,0,1,0,0,1
2821,2727,57,247,146,1447,0.23076923076923078,3088.69,0,1,0,0,0,0,1
1562,3877,633,305,163,928,2.0754098360655737,2649.69,0,1,0,0,0,0,1
4352,1049,213,350,169,1988,0.6085714285714285,5483.94,0,0,0,1,1,0,0
1545,3608,998,103,538,1752,9.689320388349515,6327.6,1,0,0,0,1,0,0
2398,4402,903,253,125,1666,3.569169960474308,5082.88,1,0,0,0,1,0,0
3025,643,166,20,300,78,8.3,11486.68,0,1,0,0,1,0,0
1732,4000,864,126,250,488,6.857142857142857,5699.79,0,1,0,0,1,0,0
2474,3853,35,274,522,1194,0.12773722627737227,2723.21,0,0,0,1,1,0,0
612,4324,430,21,105,1062,20.476190476190474,4676.79,0,0,0,1,0,1,0
315,2182,829,163,618,567,5.085889570552148,828.66,0,0,1,0,1,0,0
3431,2966,687,47,513,951,14.617021276595745,19170.81,0,0,0,1,1,0,0
2272,2346,770,140,694,1314,5.5,6117.2,0,0,0,1,0,0,1
3253,1936,783,391,506,558,2.002557544757033,5625.75,0,1,0,0,0,0,1
1806,176,273,234,302,171,1.1666666666666667,2531.0,0,1,0,0,1,0,0
2206,468,538,152,653,642,3.539473684210526,4863.32,0,0,1,0,0,1,0
1667,4721,597,440,230,1700,1.356818181818182,2415.9,0,1,0,0,0,1,0
2308,448,967,398,64,1606,2.42964824120603,4307.91,0,1,0,0,0,1,0
2431,4701,479,63,590,292,7.603174603174603,8059.94,0,1,0,0,0,1,0
2253,4838,263,33,232,1942,7.96969696969697,8117.21,0,0,0,1,1,0,0
1228,4433,727,404,599,581,1.7995049504950495,2043.65,0,1,0,0,0,1,0
3610,1555,555,130,183,422,4.269230769230769,8777.2,1,0,0,0,1,0,0
4423,2285,156,128,319,105,1.21875,6460.62,0,0,0,1,1,0,0
3753,3911,335,170,658,566,1.9705882352941178,6285.79,0,1,0,0,1,0,0
2465,3372,347,480,92,1430,0.7229166666666667,3167.28,0,0,0,1,1,0,0
4997,3782,749,83,635,880,9.024096385542169,18647.09,0,1,0,0,1,0,0
3021,1946,127,194,64,1483,0.654639175257732,3704.95,0,0,1,0,0,0,1
4667,1954,174,445,219,875,0.39101123595505616,5590.9,0,0,1,0,1,0,0
1179,3085,559,201,704,248,2.781094527363184,2367.14,0,0,1,0,1,0,0
3611,4550,920,436,619,927,2.110091743119266,6216.34,0,1,0,0,1,0,0
2841,2725,879,229,247,309,3.8384279475982535,6556.01,0,0,1,0,0,0,1
3120,2994,817,496,473,1397,1.6471774193548387,4980.43,0,0,0,1,0,0,1
328,658,658,130,57,1130,5.061538461538461,908.61,0,0,1,0,1,0,0
270,2996,830,218,45,1885,3.8073394495412844,624.38,0,0,1,0,0,1,0
394,2017,767,393,86,315,1.9516539440203562,663.89,0,0,1,0,1,0,0
4384,1354,207,309,38,609,0.6699029126213593,5325.69,0,0,1,0,0,1,0
525,1781,383,355,182,1878,1.0788732394366196,720.12,0,0,0,1,0,1,0
1018,1914,587,482,164,945,1.2178423236514522,1424.77,1,0,0,0,1,0,0
3353,762,601,173,126,539,3.4739884393063583,7432.04,0,0,1,0,0,1,0
598,4216,573,277,207,72,2.068592057761733,1012.34,0,1,0,0,0,0,1
2909,3425,138,449,267,378,0.30734966592427615,3347.3,1,0,0,0,1,0,0
925,1341,423,12,354,1520,35.25,11739.9,0,0,1,0,0,0,1
3879,3243,389,59,411,1209,6.593220338983051,12518.03,1,0,0,0,0,0,1
1958,3137,889,422,599,134,2.1066350710900474,3447.82,0,1,0,0,1,0,0
2218,261,10,373,657,1198,0.02680965147453083,2267.64,0,1,0,0,1,0,0
245,4325,176,481,122,1817,0.3659043659043659,272.51,0,0,1,0,1,0,0
4665,2050,25,220,508,1634,0.11363636363636363,4884.6,0,0,1,0,0,0,1
3677,4420,666,470,610,393,1.4170212765957446,5628.03,0,1,0,0,1,0,0
292,1881,121,25,469,1088,4.84,745.39,0,0,0,1,0,0,1
3988,4775,377,177,133,996,2.1299435028248586,6613.05,1,0,0,0,0,1,0
151,1577,111,292,379,415,0.3801369863013699,180.65,0,0,0,1,1,0,0
2510,3130,603,388,318,403,1.5541237113402062,3751.87,0,0,1,0,0,0,1
1920,4086,415,335,577,1137,1.2388059701492538,2788.68,0,0,0,1,1,0,0
3064,206,991,307,711,65,3.228013029315961,6478.43,0,0,0,1,0,0,1
2621,2768,516,194,125,1752,2.6597938144329896,4998.94,1,0,0,0,0,0,1
1969,1264,620,147,451,866,4.217687074829932,4903.59,0,0,1,0,0,1,0
2668,1257,680,134,208,401,5.074626865671642,7021.91,1,0,0,0,1,0,0
1967,2346,49,431,300,290,0.1136890951276102,2097.51,0,1,0,0,0,0,1
2838,766,676,401,489,1507,1.685785536159601,4359.25,1,0,0,0,1,0,0
3369,2226,557,411,633,1444,1.3552311435523114,4977.46,1,0,0,0,0,0,1
3299,3041,390,489,142,1933,0.7975460122699386,4436.85,0,1,0,0,0,1,0
2679,611,768,410,474,1339,1.8731707317073172,4580.7,0,0,0,1,0,0,1
4105,349,525,67,569,1113,7.835820895522388,15091.86,1,0,0,0,0,0,1
340,988,506,371,304,759,1.3638814016172507,504.58,0,1,0,0,1,0,0
3540,1123,895,75,657,844,11.933333333333334,17194.52,0,0,1,0,0,1,0
4731,4794,974,437,556,661,2.2288329519450802,8353.47,0,0,0,1,0,0,1
1507,4948,290,349,644,357,0.830945558739255,1970.4,0,1,0,0,1,0,0
3602,699,360,211,593,878,1.7061611374407584,5528.58,0,0,0,1,0,0,1
4138,3122,343,18,30,998,19.055555555555557,27975.5,0,1,0,0,1,0,0
182,2630,935,441,377,1985,2.120181405895692,310.76,1,0,0,0,0,1,0
3868,2983,952,432,341,752,2.2037037037037037,6544.79,0,0,0,1,0,1,0
1050,2164,770,114,209,1542,6.754385964912281,3459.38,1,0,0,0,1,0,0
710,1858,533,98,243,749,5.438775510204081,2010.78,0,1,0,0,0,1,0
4769,3669,292,98,695,365,2.979591836734694,9590.44,1,0,0,0,1,0,0
3705,1342,950,353,158,267,2.691218130311615,6728.04,1,0,0,0,1,0,0
4654,4429,737,15,146,1872,49.13333333333333,77812.15,0,1,0,0,0,1,0
3383,2395,328,167,340,406,1.964071856287425,5710.24,1,0,0,0,0,1,0
2273,2025,832,388,92,1774,2.1443298969072164,3899.27,1,0,0,0,1,0,0
3584,2162,423,339,329,139,1.247787610619469,5249.61,1,0,0,0,1,0,0
1622,3495,603,112,172,1189,5.383928571428571,4605.73,0,0,1,0,0,1,0
2701,540,23,232,702,1818,0.09913793103448276,2992.15,0,0,1,0,0,1,0
2757,2843,65,411,31,1721,0.15815085158150852,3024.53,0,0,1,0,1,0,0
2259,106,412,180,621,666,2.2888888888888888,3910.12,0,0,0,1,1,0,0
2549,1686,351,42,272,1130,8.357142857142858,9366.88,1,0,0,0,1,0,0
3930,925,803,190,95,1173,4.226315789473684,9755.95,1,0,0,0,0,1,0
221,3924,208,193,77,185,1.077720207253886,316.43,1,0,0,0,0,0,1
4468,1368,869,412,151,1434,2.1092233009708736,7314.93,0,0,0,1,1,0,0
1417,3536,687,96,142,783,7.15625,4808.25,0,0,0,1,0,0,1
4593,3538,974,78,231,871,12.487179487179487,22170.88,0,1,0,0,0,1,0
2618,1410,301,389,128,703,0.7737789203084833,3409.95,1,0,0,0,0,0,1
1330,4133,667,35,696,1699,19.057142857142857,9654.33,0,1,0,0,0,0,1
1233,1727,450,422,497,907,1.066350710900474,1718.79,0,1,0,0,1,0,0
1401,1136,87,417,280,201,0.20863309352517986,1548.81,0,0,0,1,0,0,1
4134,577,121,15,541,618,8.066666666666666,14592.5,0,0,1,0,0,1,0
2010,2778,544,265,530,1751,2.0528301886792453,3346.95,0,0,0,1,1,0,0
1605,814,384,191,131,1860,2.0104712041884816,2788.52,0,0,0,1,0,0,1
3285,1776,125,304,461,220,0.41118421052631576,3994.68,0,0,1,0,0,0,1
2016,2262,151,269,269,857,0.5613382899628253,2549.44,0,0,1,0,0,0,1
3648,608,206,393,618,1494,0.5241730279898219,4341.01,0,0,0,1,0,0,1
2857,481,799,323,669,1753,2.473684210526316,5374.83,1,0,0,0,1,0,0
2056,1280,549,313,571,1012,1.7539936102236422,3149.36,0,1,0,0,1,0,0
278,1945,308,325,604,1458,0.9476923076923077,364.41,1,0,0,0,1,0,0
996,4470,85,243,260,1053,0.3497942386831276,1157.14,0,1,0,0,0,1,0
1651,1818,539,291,51,1774,1.852233676975945,2672.88,1,0,0,0,0,1,0
591,1200,109,216,133,64,0.5046296296296297,688.08,0,0,1,0,1,0,0
160,1960,488,86,679,937,5.674418604651163,434.18,1,0,0,0,1,0,0
1177,2191,982,177,5,1120,5.548022598870056,3327.67,0,0,0,1,0,1,0
2995,817,477,351,648,1690,1.358974358974359,4348.2,0,1,0,0,0,0,1
4260,417,645,388,502,540,1.6623711340206186,6394.7,0,1,0,0,1,0,0
3783,4729,886,470,184,510,1.8851063829787233,6177.6,1,0,0,0,1,0,0
685,1876,301,65,409,1364,4.630769230769231,1686.83,0,0,1,0,0,0,1
4060,2384,134,304,91,1712,0.4407894736842105,4861.94,0,0,0,1,0,1,0
3870,1344,528,90,436,251,5.866666666666666,11674.35,0,0,1,0,0,1,0
634,1433,32,493,189,1730,0.06490872210953347,666.24,0,0,0,1,1,0,0
3562,3769,171,176,480,1303,0.9715909090909091,5058.95,0,0,0,1,0,0,1
4111,1300,638,185,383,39,3.4486486486486485,8436.19,0,0,0,1,0,1,0
3498,1894,515,290,322,69,1.7758620689655173,5408.92,1,0,0,0,0,0,1
2255,2801,891,427,443,277,2.0866510538641685,3928.03,0,0,0,1,0,0,1
1104,1554,873,392,490,1144,2.2270408163265305,1979.46,0,0,0,1,1,0,0
2599,2033,30,158,133,1110,0.189873417721519,2863.21,0,0,0,1,0,0,1
426,846,773,265,684,177,2.9169811320754717,821.64,0,1,0,0,0,0,1
4803,940,847,290,426,971,2.920689655172414,9726.93,0,1,0,0,0,0,1
2806,2595,473,354,250,606,1.3361581920903955,4306.65,1,0,0,0,0,0,1
101,1188,492,287,61,1116,1.7142857142857142,168.08,1,0,0,0,0,0,1
1133,892,511,288,562,1444,1.7743055555555556,1846.23,0,1,0,0,1,0,0
2581,1367,952,418,422,81,2.277511961722488,4666.02,0,1,0,0,0,1,0
224,1650,318,215,476,341,1.4790697674418605,349.98,0,0,0,1,0,1,0
1204,2790,605,471,223,421,1.2845010615711252,1801.21,0,1,0,0,0,0,1
2799,392,883,419,438,228,2.107398568019093,5022.42,1,0,0,0,1,0,0
1961,4122,562,497,684,1919,1.130784708249497,2839.08,1,0,0,0,1,0,0
3020,1504,212,39,384,473,5.435897435897436,8471.33,0,0,0,1,0,0,1
228,1748,425,227,319,88,1.8722466960352422,369.46,0,0,1,0,0,0,1
537,2916,649,431,225,1374,1.505800464037123,826.2,0,0,1,0,0,1,0
4946,4010,151,479,423,1664,0.31524008350730687,5890.36,0,1,0,0,0,1,0
2648,3018,865,240,191,1834,3.6041666666666665,5679.5,0,0,0,1,0,1,0
3229,1497,624,368,79,190,1.6956521739130435,4886.51,0,1,0,0,0,0,1
1321,1793,116,171,365,867,0.6783625730994152,1641.85,0,0,0,1,0,1,0
1001,1137,538,226,22,981,2.3805309734513274,1880.64,0,1,0,0,1,0,0
3268,3952,546,237,548,1670,2.3037974683544302,5965.5,1,0,0,0,1,0,0
4586,1662,585,342,330,981,1.7105263157894737,7069.2,1,0,0,0,0,0,1
4018,1212,978,230,156,136,4.252173913043478,9154.54,0,0,1,0,0,0,1
1167,1391,863,243,56,1349,3.551440329218107,2571.64,0,0,1,0,0,1,0
126,1261,896,82,248,40,10.926829268292684,570.24,0,1,0,0,1,0,0
647,1129,758,408,261,1674,1.857843137254902,1015.97,1,0,0,0,0,1,0
2768,4437,697,104,435,1311,6.701923076923077,9138.27,0,1,0,0,1,0,0
666,4357,300,437,527,256,0.6864988558352403,852.78,1,0,0,0,0,1,0
803,2839,814,484,478,1822,1.6818181818181819,1286.86,0,0,0,1,0,0,1
4380,1078,320,104,700,947,3.076923076923077,9142.07,1,0,0,0,1,0,0
3240,617,922,403,538,1621,2.2878411910669976,5647.95,0,0,1,0,1,0,0
1690,882,677,252,535,1444,2.6865079365079363,3222.44,1,0,0,0,1,0,0
4794,2931,394,382,381,1853,1.031413612565445,6639.07,0,1,0,0,0,1,0
905,4280,62,302,103,539,0.2052980132450331,1053.68,0,0,0,1,0,1,0
3891,237,594,272,29,1766,2.1838235294117645,6524.86,0,0,1,0,0,1,0
1457,853,192,133,483,1315,1.443609022556391,2246.46,0,0,0,1,1,0,0
3325,3053,378,297,57,1340,1.2727272727272727,4858.8,0,0,1,0,0,0,1
3718,4908,710,276,62,1824,2.572463768115942,7144.2,0,0,1,0,0,1,0
2226,2555,22,441,48,858,0.049886621315192746,2447.28,0,0,0,1,1,0,0
2560,2934,568,118,367,132,4.813559322033898,6264.34,0,0,0,1,0,1,0
645,679,969,357,547,1627,2.7142857142857144,1200.22,1,0,0,0,1,0,0
2828,3355,169,461,558,868,0.3665943600867679,3195.78,1,0,0,0,1,0,0
3834,3366,293,57,545,741,5.140350877192983,10196.43,0,0,1,0,0,1,0
2662,4749,574,310,327,539,1.8516129032258064,4515.55,1,0,0,0,1,0,0
2179,495,296,104,266,1327,2.8461538461538463,4041.55,1,0,0,0,0,1,0
2741,2037,17,486,176,1926,0.03497942386831276,2904.98,0,0,1,0,1,0,0
3214,2689,81,42,44,282,1.9285714285714286,5522.43,1,0,0,0,0,0,1
2026,3134,901,127,219,492,7.094488188976378,6925.07,0,0,0,1,0,0,1
716,269,107,141,126,280,0.7588652482269503,936.78,0,1,0,0,0,0,1
3744,2437,96,260,379,1524,0.36923076923076925,4503.79,0,0,0,1,0,0,1
1303,3339,851,312,319,1223,2.7275641025641026,2445.98,0,1,0,0,0,1,0
1859,3515,110,131,305,1399,0.8396946564885496,2393.85,0,0,0,1,1,0,0
2665,3668,290,227,200,1324,1.277533039647577,3704.5,0,1,0,0,1,0,0
3274,3316,892,62,85,1934,14.387096774193548,18280.83,0,1,0,0,0,0,1
3181,3584,298,135,41,909,2.2074074074074073,5528.55,1,0,0,0,0,0,1
2730,4935,758,168,551,666,4.511904761904762,6664.22,0,0,1,0,1,0,0
3261,1941,205,168,363,1323,1.2202380952380953,4505.25,0,0,0,1,1,0,0
4421,3860,400,292,269,555,1.36986301369863,6381.8,1,0,0,0,1,0,0
769,4652,618,98,362,1346,6.3061224489795915,2269.12,0,0,0,1,0,0,1
3268,3126,459,185,367,1134,2.481081081081081,6238.56,0,0,0,1,1,0,0
2221,4065,377,301,181,1647,1.2524916943521596,3350.84,0,1,0,0,0,0,1
4178,1701,439,442,231,471,0.9932126696832579,5424.75,0,1,0,0,0,0,1
4251,1246,105,168,70,412,0.625,5134.16,0,0,1,0,0,0,1
819,4426,270,258,588,513,1.0465116279069768,1171.77,0,1,0,0,1,0,0
2700,2784,521,366,489,1504,1.4234972677595628,3867.81,0,0,0,1,0,0,1
3698,211,130,131,234,1164,0.9923664122137404,5251.69,0,1,0,0,0,1,0
4769,692,375,246,429,878,1.524390243902439,7214.09,1,0,0,0,1,0,0
766,2539,794,437,648,690,1.8169336384439359,1247.29,1,0,0,0,1,0,0
383,1338,341,134,666,949,2.544776119402985,726.98,0,1,0,0,1,0,0
4003,2894,61,324,294,1528,0.1882716049382716,4332.25,0,0,1,0,1,0,0
3665,2514,405,288,348,60,1.40625,5263.63,0,1,0,0,0,0,1
2334,2229,327,364,99,1207,0.8983516483516484,3203.02,1,0,0,0,0,1,0
4693,2953,684,333,361,419,2.054054054054054,8331.73,0,0,0,1,0,0,1
1565,2969,711,101,358,957,7.03960396039604,5190.93,0,0,0,1,0,1,0
229,3698,286,435,130,1818,0.6574712643678161,296.79,0,0,0,1,1,0,0
4834,3903,606,114,519,1951,5.315789473684211,13723.64,1,0,0,0,0,0,1
2160,1626,203,51,383,825,3.980392156862745,4847.62,1,0,0,0,0,0,1
3772,2069,702,406,617,908,1.729064039408867,5929.34,0,0,0,1,0,0,1
2594,1051,30,138,562,733,0.21739130434782608,2823.69,0,0,1,0,0,1,0
1092,1602,408,469,64,1925,0.8699360341151386,1385.5,0,0,1,0,0,1,0
2221,4567,724,62,396,1251,11.67741935483871,10734.06,0,0,0,1,1,0,0
2684,3436,211,177,181,391,1.192090395480226,3696.95,0,0,0,1,0,0,1
4296,209,475,99,587,1168,4.797979797979798,10576.79,1,0,0,0,1,0,0
2323,4086,160,256,189,736,0.625,2857.22,0,1,0,0,0,1,0
4622,2454,905,183,183,1588,4.945355191256831,11548.74,1,0,0,0,1,0,0
3288,325,168,381,492,1617,0.4409448818897638,3789.8,0,1,0,0,0,0,1
3337,3111,319,96,580,661,3.3229166666666665,6710.18,0,1,0,0,0,0,1
4236,4226,960,378,170,27,2.5396825396825395,8118.18,0,1,0,0,0,1,0
4624,713,513,159,322,1768,3.2264150943396226,9809.22,0,1,0,0,0,1,0
443,198,35,258,172,623,0.13565891472868216,500.66,0,0,0,1,1,0,0
4561,910,830,124,284,1532,6.693548387096774,14911.11,0,1,0,0,0,0,1
4804,3437,75,189,619,884,0.3968253968253968,5883.66,0,1,0,0,1,0,0
4923,2799,944,129,366,1615,7.317829457364341,16024.32,0,1,0,0,0,1,0
2376,1119,272,37,111,1815,7.351351351351352,8301.49,1,0,0,0,0,1,0
3301,3125,481,318,78,127,1.5125786163522013,5050.87,1,0,0,0,1,0,0
988,3628,176,126,698,1480,1.3968253968253967,1425.32,1,0,0,0,0,0,1
2143,3986,809,200,253,281,4.045,5054.6,0,0,1,0,0,1,0
1441,3079,163,154,236,1419,1.0584415584415585,1960.65,1,0,0,0,1,0,0
3820,3440,352,329,93,319,1.0699088145896656,5069.56,0,0,1,0,0,0,1
2983,896,727,271,642,441,2.6826568265682655,5426.05,1,0,0,0,1,0,0
4312,2057,422,151,695,341,2.794701986754967,8263.12,0,0,1,0,0,1,0
2515,3166,674,123,34,694,5.479674796747967,7198.98,1,0,0,0,0,0,1
1217,3120,193,393,481,119,0.4910941475826972,1439.73,0,0,0,1,0,1,0
4363,2780,680,282,404,778,2.4113475177304964,8095.28,1,0,0,0,0,1,0
3101,4541,203,47,222,690,4.319148936170213,7158.79,0,0,1,0,0,1,0
1838,4919,11,206,490,713,0.05339805825242718,1940.97,0,1,0,0,0,1,0
1464,3048,224,22,340,1392,10.181818181818182,6011.5,1,0,0,0,0,1,0
2808,3831,696,121,513,385,5.75206611570248,8314.46,0,1,0,0,1,0,0
4890,1201,596,446,609,510,1.336322869955157,7513.46,0,1,0,0,0,1,0
1024,1137,806,146,599,1606,5.52054794520548,2808.48,1,0,0,0,0,1,0
251,4331,648,181,252,1182,3.5801104972375692,572.06,1,0,0,0,0,1,0
685,891,492,136,364,1847,3.6176470588235294,1535.89,0,0,0,1,0,0,1
1012,4274,570,371,527,1634,1.536388140161725,1478.63,0,0,1,0,0,1,0
2421,1878,978,419,142,1741,2.3341288782816227,4316.03,1,0,0,0,0,0,1
595,4900,41,342,311,86,0.11988304093567251,667.81,0,0,1,0,1,0,0
3895,1081,679,28,385,1926,24.25,33951.87,1,0,0,0,0,1,0
2248,1365,24,441,582,361,0.05442176870748299,2410.35,0,1,0,0,1,0,0
656,843,327,474,312,1006,0.689873417721519,827.21,0,1,0,0,1,0,0
1652,2531,855,217,279,792,3.9400921658986174,3747.11,1,0,0,0,0,1,0
2220,474,252,167,566,1109,1.5089820359281436,3233.82,0,0,1,0,1,0,0
3185,1853,26,169,346,359,0.15384615384615385,3539.16,0,0,1,0,0,1,0
3604,3997,543,343,387,727,1.5830903790087463,5723.2,0,1,0,0,1,0,0
256,2636,765,249,302,1157,3.072289156626506,530.82,0,0,1,0,0,0,1
834,2091,935,385,507,1927,2.4285714285714284,1531.68,0,0,1,0,0,0,1
4754,3028,90,88,247,1411,1.0227272727272727,6424.64,0,0,0,1,0,0,1
3376,3546,665,341,646,1271,1.9501466275659824,5363.21,0,1,0,0,0,1,0
254,691,445,366,488,1165,1.215846994535519,377.7,0,0,1,0,1,0,0
1096,4728,17,340,239,1974,0.05,1160.17,0,0,0,1,0,0,1
2394,2669,969,206,529,447,4.703883495145631,6119.35,1,0,0,0,0,1,0
4726,2972,688,129,349,1100,5.333333333333333,12526.66,0,0,0,1,0,0,1
3005,1276,296,257,352,1926,1.1517509727626458,4100.7,0,0,0,1,0,0,1
4924,1435,789,148,154,1122,5.331081081081081,12910.19,0,0,0,1,0,1,0
1277,4793,810,235,510,1999,3.4468085106382977,2804.95,0,0,0,1,0,0,1
253,212,195,92,186,1327,2.119565217391304,440.63,0,0,0,1,0,1,0
4287,3872,533,419,595,1490,1.272076372315036,6290.93,0,0,0,1,0,0,1
1816,1945,802,35,567,1079,22.914285714285715,15614.41,1,0,0,0,0,1,0
3302,2087,431,137,425,305,3.145985401459854,6520.28,1,0,0,0,0,0,1
2957,4929,825,410,62,1977,2.0121951219512195,4822.76,0,1,0,0,1,0,0
886,2085,475,232,401,771,2.0474137931034484,1457.3,0,1,0,0,1,0,0
4468,3392,92,348,59,534,0.26436781609195403,5026.52,1,0,0,0,0,1,0
4372,3342,576,53,142,35,10.867924528301886,20254.73,1,0,0,0,0,1,0
3867,352,652,93,466,1564,7.010752688172043,13057.96,0,1,0,0,1,0,0
2978,223,646,416,149,1513,1.5528846153846154,4623.16,0,0,0,1,0,1,0
742,1336,492,34,447,682,14.470588235294118,4223.99,0,0,1,0,0,0,1
4762,723,334,229,174,1164,1.4585152838427948,7460.21,0,0,0,1,0,0,1
765,3256,428,302,311,1015,1.4172185430463575,1158.31,1,0,0,0,0,0,1
3526,3236,60,213,62,641,0.28169014084507044,3911.85,0,1,0,0,0,0,1
3883,3489,36,377,167,1124,0.09549071618037135,4275.8,0,1,0,0,0,0,1
3801,3517,686,202,682,990,3.396039603960396,8264.28,0,0,0,1,0,0,1
1169,1755,990,11,103,1397,90.0,34811.61,0,1,0,0,0,0,1
2449,1366,921,211,28,759,4.3649289099526065,5810.64,1,0,0,0,0,1,0
4603,3045,997,363,596,1047,2.746556473829201,8731.48,1,0,0,0,1,0,0
1312,1260,802,41,508,1893,19.5609756097561,9435.26,0,0,1,0,0,0,1
1252,2394,554,98,134,284,5.653061224489796,3424.33,1,0,0,0,0,0,1
2611,540,71,211,59,113,0.33649289099526064,3004.57,0,0,1,0,0,1,0
243,2192,666,448,90,373,1.4866071428571428,357.04,0,0,1,0,0,1,0
2589,2805,180,187,70,197,0.9625668449197861,3503.27,0,0,0,1,1,0,0
3328,3859,295,202,185,1188,1.4603960396039604,4810.38,0,1,0,0,1,0,0
4682,653,818,169,438,893,4.840236686390533,12569.57,1,0,0,0,0,1,0
3305,1212,126,302,572,822,0.41721854304635764,3810.28,0,1,0,0,0,0,1
4343,2877,13,213,474,1455,0.06103286384976526,4629.06,0,0,1,0,0,0,1
3242,1933,75,250,657,1592,0.3,3545.35,1,0,0,0,0,0,1
3404,1414,69,124,168,10,0.5564516129032258,4048.8,0,1,0,0,0,0,1
1457,3593,914,219,578,1669,4.17351598173516,3508.71,1,0,0,0,0,0,1
2813,3238,511,231,124,398,2.212121212121212,4732.13,0,0,0,1,0,1,0
4285,3212,808,406,213,152,1.9901477832512315,7273.2,1,0,0,0,1,0,0
1457,198,866,191,182,191,4.534031413612565,3439.54,0,0,1,0,1,0,0
4394,4025,238,268,71,1820,0.8880597014925373,5823.4,1,0,0,0,0,1,0
4733,1579,109,478,556,277,0.2280334728033473,5421.55,0,0,0,1,0,0,1
3292,4496,128,435,195,493,0.2942528735632184,3914.46,0,0,0,1,0,1,0
400,1322,78,471,569,1267,0.16560509554140126,440.57,0,1,0,0,1,0,0
823,4683,673,49,292,488,13.73469387755102,4568.3,0,0,0,1,1,0,0
3110,1104,801,339,57,1868,2.3628318584070795,5741.06,0,0,1,0,1,0,0
167,576,230,331,683,276,0.6948640483383686,207.78,0,0,0,1,1,0,0
3936,1235,950,69,300,190,13.768115942028986,21959.78,0,1,0,0,0,1,0
4093,2956,232,494,318,1651,0.46963562753036436,4968.66,0,0,0,1,0,0,1
2606,1805,686,20,371,864,34.3,29728.27,0,0,0,1,0,0,1
1637,617,963,129,83,1331,7.465116279069767,5801.14,1,0,0,0,0,1,0
497,1320,513,394,94,1894,1.3020304568527918,703.34,0,1,0,0,0,0,1
4815,2606,220,419,267,296,0.5250596658711217,5835.6,1,0,0,0,0,0,1
3457,4425,800,51,376,1258,15.686274509803921,20645.15,0,1,0,0,0,0,1
1263,1291,940,199,161,341,4.723618090452261,3243.65,0,1,0,0,0,0,1
4925,3980,584,132,614,593,4.424242424242424,12223.98,0,1,0,0,1,0,0
655,3343,895,198,502,1217,4.52020202020202,1579.16,0,1,0,0,0,0,1
3761,2077,891,261,377,883,3.413793103448276,7881.09,0,1,0,0,0,1,0
1851,2342,271,470,112,1388,0.5765957446808511,2202.58,0,1,0,0,1,0,0
3041,3190,527,101,578,1948,5.217821782178218,7899.53,0,0,0,1,1,0,0
2757,1987,257,493,622,950,0.5212981744421906,3451.21,0,0,0,1,0,1,0
2895,4659,750,222,632,258,3.3783783783783785,6266.73,0,0,0,1,0,0,1
2429,1073,807,327,279,977,2.467889908256881,4414.49,0,0,1,0,1,0,0
2059,165,266,211,433,1535,1.2606635071090047,2864.93,0,1,0,0,0,1,0
1701,3006,72,277,660,1255,0.259927797833935,1916.14,0,0,0,1,0,1,0
2893,670,401,164,242,14,2.4451219512195124,5162.79,0,1,0,0,0,0,1
1580,3992,549,204,222,1038,2.6911764705882355,3077.76,1,0,0,0,0,0,1
1202,407,866,37,286,556,23.405405405405407,9735.17,0,0,1,0,0,1,0
3376,3508,426,203,4,1008,2.0985221674876846,5749.7,0,1,0,0,0,0,1
1399,3842,62,421,320,210,0.14726840855106887,1547.2,0,0,0,1,0,1,0
3979,882,773,232,321,1064,3.331896551724138,8740.56,0,0,1,0,0,0,1
1635,4316,47,116,8,1058,0.4051724137931034,1850.17,1,0,0,0,0,0,1
177,865,317,158,52,747,2.0063291139240507,286.77,0,1,0,0,0,1,0
2931,3575,855,144,142,1857,5.9375,8957.29,0,0,1,0,0,1,0
3510,872,660,104,280,1258,6.346153846153846,10605.93,0,1,0,0,0,0,1
2821,3957,907,279,88,1810,3.25089605734767,5986.65,0,0,1,0,0,1,0
3727,3285,62,432,160,1904,0.14351851851851852,4192.04,0,0,0,1,1,0,0
1632,639,615,383,28,1314,1.6057441253263707,2494.24,0,1,0,0,0,0,1
337,2149,615,135,528,855,4.555555555555555,814.66,0,1,0,0,1,0,0
2096,3383,461,368,272,1457,1.252717391304348,2963.33,0,1,0,0,1,0,0
3527,4775,470,338,100,848,1.3905325443786982,5380.39,0,0,0,1,1,0,0
377,1763,784,480,204,1765,1.6333333333333333,608.94,0,0,1,0,0,1,0
3189,1147,495,327,190,1916,1.5137614678899083,4961.59,0,0,0,1,0,0,1
623,3936,844,21,546,951,40.19047619047619,8493.52,1,0,0,0,0,0,1
4375,3539,146,486,294,1342,0.3004115226337449,4894.51,1,0,0,0,1,0,0
4318,605,983,303,344,640,3.2442244224422443,8882.9,1,0,0,0,0,1,0
3222,3347,381,451,53,1862,0.844789356984479,4407.91,0,0,1,0,0,0,1
4675,3600,968,449,704,408,2.155902004454343,8363.2,0,1,0,0,0,0,1
1897,2010,265,304,684,1745,0.8717105263157895,2470.48,0,0,1,0,0,0,1
2231,832,404,351,47,816,1.150997150997151,3099.79,1,0,0,0,1,0,0
915,3613,46,13,422,1104,3.5384615384615383,2033.43,0,0,1,0,1,0,0
2794,1671,663,313,703,1831,2.1182108626198084,4764.41,0,1,0,0,1,0,0
542,4709,156,400,465,176,0.39,640.09,0,1,0,0,1,0,0
3240,3042,17,325,553,1769,0.052307692307692305,3429.82,0,0,1,0,1,0,0
242,4556,260,177,429,1015,1.4689265536723164,357.09,1,0,0,0,0,0,1
4387,2421,656,17,397,1862,38.588235294117645,56214.94,0,1,0,0,1,0,0
1510,3435,580,133,194,848,4.360902255639098,3534.13,1,0,0,0,0,1,0
4573,4722,644,381,66,1801,1.6902887139107612,6899.78,0,1,0,0,1,0,0
634,4474,456,323,555,1309,1.411764705882353,927.84,1,0,0,0,1,0,0
1816,2853,272,194,702,1988,1.402061855670103,2624.06,0,0,1,0,1,0,0
3464,1472,641,44,601,1980,14.568181818181818,19083.13,0,0,0,1,0,0,1
1132,1544,448,82,476,1946,5.463414634146342,3010.02,0,0,0,1,0,0,1
3442,3476,268,380,688,1654,0.7052631578947368,4312.69,1,0,0,0,0,1,0
1510,389,332,22,26,1702,15.090909090909092,8780.15,0,1,0,0,0,0,1
4600,2165,539,48,99,318,11.229166666666666,21994.48,0,0,1,0,1,0,0
1272,163,310,93,476,410,3.3333333333333335,2632.3,0,1,0,0,0,1,0
988,4045,874,30,573,1166,29.133333333333333,9652.97,0,0,0,1,0,1,0
3438,429,494,262,82,247,1.8854961832061068,5577.75,0,0,0,1,0,1,0
4617,4958,101,312,398,177,0.32371794871794873,5479.34,0,0,1,0,1,0,0
1741,2063,173,476,694,811,0.3634453781512605,1996.5,1,0,0,0,0,0,1
571,3188,665,267,700,1368,2.4906367041198503,1026.75,0,0,1,0,0,0,1
3040,2590,344,309,393,264,1.1132686084142396,4427.98,0,0,0,1,1,0,0
646,240,934,497,44,168,1.8792756539235413,1040.23,0,0,1,0,0,0,1
4826,4639,324,39,478,1049,8.307692307692308,18489.14,0,0,0,1,1,0,0
3697,2573,923,480,610,703,1.9229166666666666,6315.11,0,1,0,0,1,0,0
2925,4003,954,137,91,1924,6.963503649635037,9653.73,0,0,0,1,0,1,0
3823,549,247,320,329,1551,0.771875,4989.97,0,0,0,1,0,0,1
463,1925,695,49,653,528,14.183673469387756,2487.8,0,0,1,0,0,1,0
2266,4546,92,470,414,1334,0.19574468085106383,2574.29,0,0,1,0,0,0,1
3409,4794,678,106,691,1663,6.39622641509434,10295.84,0,0,1,0,1,0,0
645,4906,975,233,699,1803,4.184549356223176,1525.36,0,1,0,0,0,1,0
3340,969,118,101,110,28,1.1683168316831682,4557.6,0,0,1,0,1,0,0
4829,3664,187,289,219,1799,0.6470588235294118,5937.17,0,1,0,0,1,0,0
2036,3759,259,179,463,1394,1.446927374301676,3074.27,1,0,0,0,0,1,0
1062,3702,774,293,515,1408,2.641638225255973,1992.72,0,0,1,0,0,1,0
3105,492,576,231,553,1318,2.4935064935064934,5614.15,0,0,1,0,0,0,1
3906,941,676,126,637,664,5.365079365079365,10673.83,1,0,0,0,0,0,1
982,2548,912,257,257,1503,3.5486381322957197,2178.46,1,0,0,0,0,1,0
3940,2891,100,370,193,580,0.2702702702702703,4455.11,1,0,0,0,0,0,1
970,3053,348,358,627,37,0.9720670391061452,1316.29,0,0,0,1,1,0,0
4711,1458,647,363,70,888,1.7823691460055096,7736.95,0,0,0,1,1,0,0
3085,1090,858,444,459,547,1.9324324324324325,5283.62,0,0,0,1,1,0,0
965,1138,178,415,382,646,0.42891566265060244,1146.56,1,0,0,0,1,0,0
4409,127,148,98,494,878,1.510204081632653,7014.0,0,1,0,0,1,0,0
3303,487,526,87,97,673,6.045977011494253,9622.45,0,0,1,0,1,0,0
2997,932,587,467,224,372,1.2569593147751605,4231.36,0,0,0,1,0,0,1
2344,349,632,83,281,736,7.614457831325301,8232.06,1,0,0,0,0,1,0
118,2127,193,401,333,1646,0.48129675810473815,137.41,0,0,1,0,0,1,0
741,1628,789,23,641,102,34.30434782608695,9119.85,0,0,0,1,0,0,1
3183,4293,179,54,611,1379,3.314814814814815,6593.73,1,0,0,0,0,0,1
429,1938,371,47,405,465,7.8936170212765955,1545.78,0,0,1,0,0,0,1
965,1460,253,425,496,694,0.5952941176470589,1202.19,0,0,0,1,0,1,0
873,3209,852,254,186,480,3.354330708661417,1761.03,0,0,0,1,0,0,1
4587,1423,147,71,38,910,2.0704225352112675,7963.39,0,0,0,1,0,0,1
4832,2326,37,105,645,1683,0.3523809523809524,5764.9,0,0,0,1,0,1,0
2454,3780,528,332,488,216,1.5903614457831325,3980.95,0,0,0,1,0,0,1
3438,991,407,261,556,999,1.5593869731800767,5256.34,1,0,0,0,1,0,0
3618,1405,342,477,705,1675,0.7169811320754716,4617.31,0,0,1,0,0,1,0
3042,4648,974,70,506,1351,13.914285714285715,17117.23,0,0,0,1,0,1,0
2667,4292,326,278,489,1965,1.1726618705035972,3702.3,0,0,1,0,0,1,0
1774,361,572,128,57,700,4.46875,4230.81,0,0,0,1,0,0,1
2783,2440,435,96,512,600,4.53125,6653.41,1,0,0,0,0,1,0
3480,1893,145,92,248,1271,1.576086956521739,5626.83,1,0,0,0,1,0,0
839,2396,699,89,104,1013,7.853932584269663,2891.96,0,0,1,0,1,0,0
1645,2392,650,237,557,1722,2.742616033755274,3225.58,0,0,0,1,0,1,0
4664,2270,718,492,60,1112,1.4593495934959348,7007.47,1,0,0,0,1,0,0
2359,424,276,312,578,334,0.8846153846153846,3056.86,0,0,0,1,0,0,1
1235,1085,116,120,559,664,0.9666666666666667,1738.66,0,0,0,1,0,1,0
973,4882,569,379,238,779,1.5013192612137203,1476.69,0,1,0,0,1,0,0
4655,3952,147,319,371,1224,0.4608150470219436,5598.4,1,0,0,0,0,0,1
2400,1839,920,80,26,1407,11.5,10917.62,0,0,1,0,0,1,0
851,1960,624,445,393,1452,1.402247191011236,1248.18,0,0,1,0,0,1,0
953,3237,56,494,606,1359,0.11336032388663968,1059.09,0,0,0,1,0,1,0
3832,3998,998,337,110,1002,2.9614243323442135,7484.7,0,0,0,1,1,0,0
2383,935,674,34,392,1782,19.823529411764707,17392.45,0,0,0,1,0,1,0
1429,4254,377,288,254,450,1.3090277777777777,2012.94,0,1,0,0,1,0,0
577,2878,15,211,552,216,0.07109004739336493,639.4,0,0,0,1,0,0,1
2826,1496,532,423,97,941,1.2576832151300237,4179.35,0,0,0,1,0,0,1
3191,1776,538,234,538,586,2.299145299145299,5802.16,0,0,1,0,0,0,1
4330,4431,664,276,104,672,2.4057971014492754,7587.97,0,1,0,0,0,1,0
4605,4413,281,428,615,1279,0.6565420560747663,5784.94,0,0,1,0,0,0,1
1369,1937,833,292,587,1553,2.8527397260273974,2547.62,0,1,0,0,1,0,0
4281,3821,75,126,597,1017,0.5952380952380952,5204.44,0,1,0,0,1,0,0
2703,3772,429,76,496,505,5.644736842105263,7533.69,1,0,0,0,1,0,0
1569,3122,348,56,214,438,6.214285714285714,4904.68,1,0,0,0,1,0,0
477,4784,943,250,113,1674,3.772,1117.72,1,0,0,0,1,0,0
1780,1771,507,187,312,470,2.7112299465240643,3427.19,0,0,1,0,1,0,0
341,1016,478,17,569,6,28.11764705882353,3383.7,1,0,0,0,0,0,1
1019,1017,340,192,101,219,1.7708333333333333,1629.01,1,0,0,0,0,1,0
169,1233,777,86,647,1940,9.034883720930232,628.22,0,0,1,0,1,0,0
4024,1936,648,435,653,1537,1.4896551724137932,6288.16,0,1,0,0,0,0,1
2186,2238,140,76,84,576,1.8421052631578947,3622.07,0,1,0,0,0,0,1
2107,4107,539,157,719,1745,3.43312101910828,4554.78,0,0,0,1,1,0,0
900,2005,728,182,302,513,4.0,2140.19,0,0,0,1,0,0,1
2879,4089,610,44,573,869,13.863636363636363,16231.46,1,0,0,0,1,0,0
855,3585,447,86,217,1213,5.1976744186046515,2273.44,0,0,1,0,0,1,0
2095,4897,252,413,568,975,0.6101694915254238,2584.18,0,1,0,0,1,0,0
1421,2220,472,289,541,1271,1.6332179930795847,2323.7,0,0,1,0,0,1,0
2430,2832,359,194,623,769,1.8505154639175259,4030.11,0,0,0,1,0,0,1
209,2869,26,64,92,977,0.40625,254.43,1,0,0,0,0,0,1
1116,1421,475,402,654,686,1.181592039800995,1545.09,0,0,0,1,1,0,0
3965,3816,744,103,452,621,7.223300970873787,12955.27,0,0,0,1,0,0,1
124,3454,891,482,614,1596,1.8485477178423237,200.31,0,1,0,0,0,0,1
2938,1628,372,153,71,555,2.4313725490196076,5242.05,0,0,1,0,0,1,0
837,4843,219,256,525,1452,0.85546875,1144.81,0,1,0,0,1,0,0
279,859,620,448,401,550,1.3839285714285714,415.03,0,1,0,0,1,0,0
331,3512,534,209,669,363,2.555023923444976,640.47,0,0,0,1,0,1,0
2017,1457,840,245,81,1794,3.4285714285714284,4223.1,1,0,0,0,0,1,0
442,2290,791,323,100,594,2.4489164086687305,769.58,0,0,0,1,0,1,0
4672,3581,708,329,595,1420,2.1519756838905777,7794.35,0,0,1,0,1,0,0
2723,1048,429,229,218,1757,1.8733624454148472,4345.68,1,0,0,0,0,1,0
554,2179,795,341,125,1943,2.3313782991202348,1001.73,0,1,0,0,1,0,0
4484,1866,142,380,201,623,0.3736842105263158,5076.98,0,0,1,0,0,1,0
4725,127,23,225,2,1801,0.10222222222222223,5055.69,0,0,1,0,0,0,1
2376,2570,802,58,574,1160,13.827586206896552,13205.24,0,0,1,0,1,0,0
695,2638,53,294,20,434,0.18027210884353742,741.73,0,0,1,0,1,0,0
3974,259,386,472,180,1872,0.8177966101694916,4988.81,0,0,0,1,1,0,0
4630,2992,304,127,409,318,2.393700787401575,8384.39,0,0,1,0,0,0,1
4597,4213,405,91,62,535,4.450549450549451,11484.11,0,0,0,1,0,0,1
2769,3822,113,272,273,1525,0.41544117647058826,3397.79,1,0,0,0,1,0,0
2235,3831,454,86,10,1373,5.27906976744186,6156.88,0,0,1,0,0,1,0
4064,2571,71,220,699,1083,0.32272727272727275,4879.23,0,0,0,1,1,0,0
1665,4950,574,131,622,778,4.3816793893129775,3947.88,0,0,1,0,1,0,0
408,1670,830,334,540,140,2.4850299401197606,736.51,1,0,0,0,0,0,1
442,936,421,99,460,1982,4.252525252525253,1090.31,0,1,0,0,0,0,1
535,4038,940,267,61,893,3.5205992509363297,1189.28,1,0,0,0,0,1,0
276,2386,639,170,58,628,3.7588235294117647,626.27,0,1,0,0,0,1,0
238,3505,330,185,300,1228,1.7837837837837838,383.85,0,0,0,1,1,0,0
293,2770,140,302,497,158,0.46357615894039733,334.34,1,0,0,0,1,0,0
3357,4212,820,98,339,1354,8.36734693877551,12114.22,0,0,0,1,0,1,0
3335,4847,827,136,252,974,6.080882352941177,9568.06,1,0,0,0,1,0,0
1042,4455,208,482,407,196,0.4315352697095436,1182.92,0,0,1,0,1,0,0
4720,1727,914,368,256,1455,2.483695652173913,8876.16,0,1,0,0,0,1,0
3979,1966,45,295,381,724,0.15254237288135594,4215.73,0,0,1,0,0,1,0
3213,304,800,306,145,553,2.6143790849673203,5937.9,0,0,0,1,0,1,0
3062,3679,225,269,591,1895,0.8364312267657993,4204.75,0,0,1,0,0,0,1
4936,3274,595,348,341,1543,1.7097701149425288,7773.38,0,1,0,0,0,1,0
1053,891,315,484,403,862,0.6508264462809917,1276.41,0,1,0,0,0,0,1
1402,4192,576,253,288,884,2.2766798418972334,2522.33,0,1,0,0,0,1,0
3481,3847,902,120,214,1641,7.516666666666667,12248.37,0,1,0,0,0,1,0
2980,1205,21,432,532,1496,0.04861111111111111,3107.86,0,1,0,0,0,0,1
2287,1190,92,33,576,458,2.787878787878788,4539.67,0,0,0,1,0,0,1
4987,1707,41,59,548,820,0.6949152542372882,6190.3,0,0,1,0,1,0,0
645,1939,417,46,211,1069,9.065217391304348,2565.41,1,0,0,0,1,0,0
2027,3497,95,190,171,38,0.5,2360.14,0,0,1,0,1,0,0
4252,166,972,262,538,676,3.7099236641221376,9368.75,0,0,1,0,0,0,1
104,4879,753,34,263,1617,22.147058823529413,836.37,0,0,0,1,0,1,0
3581,1378,420,358,676,341,1.1731843575418994,5192.49,0,0,0,1,0,0,1
3353,4258,966,134,390,1594,7.208955223880597,11293.81,0,0,0,1,0,1,0
1462,913,796,40,421,302,19.9,11059.71,0,0,0,1,0,1,0
1920,502,722,246,62,635,2.934959349593496,3677.08,0,0,1,0,0,1,0
2763,2102,572,236,86,1731,2.4237288135593222,5087.58,0,1,0,0,1,0,0
3038,4266,841,357,585,1217,2.3557422969187676,5251.26,0,1,0,0,0,0,1
1373,3025,265,47,491,1938,5.638297872340425,3872.09,0,0,0,1,0,0,1
3426,3093,250,392,60,898,0.6377551020408163,4295.58,1,0,0,0,1,0,0
3759,1186,726,67,477,616,10.835820895522389,16022.12,0,0,1,0,0,1,0
3045,4440,907,245,320,1648,3.7020408163265306,6472.03,0,0,1,0,1,0,0
3118,2666,941,190,690,132,4.9526315789473685,8401.19,1,0,0,0,0,1,0
1231,4588,998,123,52,1632,8.113821138211382,4348.67,0,0,0,1,1,0,0
4863,871,905,315,657,1619,2.873015873015873,9367.86,0,0,1,0,0,0,1
2736,3772,916,141,77,1492,6.49645390070922,8584.99,1,0,0,0,1,0,0
3129,3348,717,357,119,1194,2.008403361344538,5124.96,0,1,0,0,0,0,1
3119,1769,461,189,182,1585,2.439153439153439,5505.49,1,0,0,0,0,1,0
4477,1656,765,424,506,945,1.804245283018868,7191.16,1,0,0,0,1,0,0
3259,3058,841,480,650,885,1.7520833333333334,5001.35,0,0,0,1,1,0,0
353,1251,10,87,637,1671,0.11494252873563218,398.66,0,0,1,0,1,0,0
428,1317,610,229,153,1289,2.663755458515284,842.42,1,0,0,0,1,0,0
2691,2331,291,151,18,1223,1.9271523178807948,4437.13,0,0,1,0,0,0,1
2930,4442,660,394,64,1307,1.6751269035532994,4494.55,0,0,1,0,0,0,1
3144,4044,608,52,497,1429,11.692307692307692,14839.09,0,0,0,1,1,0,0
1520,2142,523,489,79,1571,1.0695296523517381,2027.77,0,1,0,0,0,0,1
3501,805,988,127,59,1880,7.7795275590551185,12136.14,0,0,1,0,1,0,0
2992,2769,870,68,411,1504,12.794117647058824,14582.64,0,0,0,1,0,0,1
754,2213,689,70,61,1228,9.842857142857143,3190.92,0,0,0,1,0,0,1
859,3077,128,50,467,471,2.56,1560.58,1,0,0,0,0,0,1
1898,4449,909,283,630,1956,3.2120141342756185,3920.97,0,0,1,0,1,0,0
3071,4478,514,197,79,1777,2.6091370558375635,5482.21,0,0,0,1,1,0,0
4611,522,89,462,683,349,0.19264069264069264,5133.37,0,1,0,0,0,0,1
3526,2121,632,499,488,1859,1.2665330661322645,4867.33,1,0,0,0,0,1,0
354,3893,686,344,244,43,1.994186046511628,618.13,0,1,0,0,0,0,1
3923,4231,903,196,208,776,4.607142857142857,9813.49,0,0,0,1,1,0,0
1976,630,966,435,87,482,2.220689655172414,3325.37,1,0,0,0,0,1,0
2857,190,228,473,651,1401,0.4820295983086681,3381.68,0,0,1,0,1,0,0
2724,3472,526,237,600,78,2.219409282700422,4558.61,1,0,0,0,0,1,0
4221,2042,920,173,645,1060,5.317919075144508,11536.68,1,0,0,0,0,1,0
3104,3905,736,433,39,1407,1.699769053117783,4744.17,0,1,0,0,1,0,0
4616,1340,716,295,176,816,2.4271186440677965,8354.48,0,0,1,0,0,0,1
3834,1858,475,111,478,1198,4.2792792792792795,9023.53,0,0,0,1,1,0,0
1344,197,803,480,592,928,1.6729166666666666,2172.25,0,1,0,0,1,0,0
1108,1579,527,276,20,647,1.9094202898550725,1826.73,0,0,1,0,0,0,1
4414,4726,900,133,221,1354,6.7669172932330826,14509.18,0,0,0,1,0,0,1
1610,1932,821,162,275,652,5.067901234567901,4439.78,1,0,0,0,0,1,0
2059,2685,511,438,700,1079,1.1666666666666667,3049.14,0,0,1,0,0,1,0
2608,3747,67,188,154,764,0.35638297872340424,2961.95,0,1,0,0,0,0,1
4858,179,346,436,463,279,0.7935779816513762,6476.22,0,0,0,1,1,0,0
2782,4809,519,75,409,459,6.92,8932.34,0,0,0,1,0,0,1
1089,2323,823,108,655,692,7.62037037037037,3731.08,0,0,1,0,0,0,1
4384,2669,623,440,251,525,1.415909090909091,6788.52,0,0,1,0,0,0,1
354,1872,435,33,212,1740,13.181818181818182,1779.46,1,0,0,0,1,0,0
4263,4618,569,342,478,1479,1.6637426900584795,6696.12,0,0,0,1,1,0,0
4811,1223,379,258,661,1845,1.4689922480620154,7342.14,1,0,0,0,0,1,0
4552,3911,420,499,687,1599,0.8416833667334669,5739.1,1,0,0,0,0,0,1
355,3574,797,174,419,492,4.580459770114943,915.68,0,1,0,0,0,0,1
1107,2723,975,393,172,74,2.480916030534351,1991.61,0,1,0,0,1,0,0
1855,1503,892,449,507,1479,1.9866369710467706,3155.02,0,0,1,0,0,0,1
2671,2678,684,103,646,819,6.640776699029126,8734.0,0,0,1,0,1,0,0
4008,431,853,468,628,1978,1.8226495726495726,6645.77,0,0,1,0,0,1,0
3097,4848,441,352,203,155,1.2528409090909092,4638.54,0,1,0,0,0,1,0
2903,3708,972,133,492,519,7.30827067669173,9332.23,1,0,0,0,0,1,0
3865,839,205,311,295,375,0.6591639871382636,4857.4,1,0,0,0,1,0,0
4479,4706,386,165,457,1330,2.3393939393939394,8052.98,0,1,0,0,1,0,0
3483,141,957,358,146,1944,2.6731843575418996,6708.67,0,0,1,0,0,0,1
198,3978,374,258,238,343,1.449612403100775,287.43,0,0,1,0,0,1,0
296,2049,845,445,424,665,1.898876404494382,495.14,1,0,0,0,1,0,0
2629,3560,653,280,292,44,2.3321428571428573,4533.6,0,0,0,1,0,1,0
977,2228,944,438,156,548,2.1552511415525113,1619.58,0,0,0,1,0,1,0
1968,4597,414,67,350,1465,6.17910447761194,5879.72,0,0,0,1,0,1,0
2765,2254,501,204,442,1121,2.4558823529411766,5090.46,0,0,0,1,0,0,1
1488,1337,75,210,243,165,0.35714285714285715,1805.27,0,0,1,0,1,0,0
2515,1866,921,81,207,746,11.37037037037037,11869.0,0,1,0,0,1,0,0
669,1941,400,256,428,1127,1.5625,1040.7,0,1,0,0,1,0,0
2737,605,92,490,258,436,0.18775510204081633,2953.2,0,0,0,1,0,0,1
1165,1941,490,107,585,1405,4.579439252336448,2807.56,0,1,0,0,0,0,1
521,4915,786,338,35,447,2.3254437869822486,938.18,1,0,0,0,0,0,1
2983,1494,238,90,129,1031,2.6444444444444444,5468.78,0,0,0,1,0,0,1
1304,356,794,434,430,1118,1.8294930875576036,2162.41,0,0,1,0,1,0,0
644,1820,740,74,700,444,10.0,2605.49,0,0,0,1,0,0,1
4266,1171,234,433,319,479,0.5404157043879908,5126.0,1,0,0,0,1,0,0
3739,1722,122,14,95,1657,8.714285714285714,14558.55,0,1,0,0,0,1,0
1323,2166,661,487,220,1901,1.3572895277207393,2016.42,0,1,0,0,1,0,0
3272,1169,194,468,301,1518,0.41452991452991456,3805.91,0,1,0,0,0,1,0
867,550,521,293,637,37,1.7781569965870307,1356.98,0,0,1,0,0,0,1
3757,997,182,303,185,1557,0.6006600660066007,4858.87,0,0,0,1,0,1,0
754,4936,897,90,37,98,9.966666666666667,3237.43,0,0,1,0,0,0,1
2546,3828,532,96,622,814,5.541666666666667,7325.81,1,0,0,0,1,0,0
320,181,918,411,400,1045,2.2335766423357666,546.33,0,0,1,0,1,0,0
3766,836,680,302,690,1256,2.251655629139073,6577.74,0,0,0,1,0,0,1
4377,4274,214,420,142,468,0.5095238095238095,5080.47,0,1,0,0,1,0,0
4502,4044,751,290,134,354,2.589655172413793,8087.1,0,1,0,0,0,1,0
2669,2307,547,206,445,72,2.6553398058252426,4901.08,0,1,0,0,0,1,0
1113,4048,328,261,661,1376,1.2567049808429118,1579.09,0,1,0,0,0,1,0
2151,2102,168,92,288,1076,1.826086956521739,3661.37,0,0,1,0,0,0,1
4085,1791,287,36,258,1246,7.972222222222222,14439.76,0,0,0,1,0,1,0
4999,1279,911,342,39,1024,2.6637426900584797,9621.47,0,0,0,1,0,1,0
4410,3035,157,191,305,1821,0.8219895287958116,5994.71,0,0,0,1,0,1,0
3119,2615,990,144,283,1349,6.875,9786.97,0,0,1,0,0,1,0
3781,561,787,99,526,990,7.94949494949495,12983.33,0,1,0,0,0,1,0
1543,3001,92,215,407,460,0.42790697674418604,1783.43,0,1,0,0,0,1,0
4296,216,428,36,359,1191,11.88888888888889,21349.57,0,0,0,1,0,0,1
3110,1754,547,387,378,1307,1.4134366925064599,4723.55,0,1,0,0,0,1,0
672,4661,592,68,469,501,8.705882352941176,2536.65,0,0,1,0,0,0,1
1432,1898,558,81,281,717,6.888888888888889,4751.69,1,0,0,0,0,0,1
4853,759,401,424,565,367,0.9457547169811321,6377.4,0,1,0,0,0,0,1
4102,3337,142,236,11,1674,0.6016949152542372,4958.27,1,0,0,0,0,1,0
3234,2222,949,100,675,1060,9.49,13146.89,1,0,0,0,0,1,0
4186,3919,647,77,695,607,8.402597402597403,15902.37,1,0,0,0,0,0,1
325,3443,636,371,186,528,1.7142857142857142,504.92,0,1,0,0,0,0,1
4300,2650,613,269,549,999,2.278810408921933,7391.72,1,0,0,0,0,1,0
2097,4990,251,155,9,749,1.6193548387096774,3263.41,0,1,0,0,1,0,0
871,1686,460,72,28,1700,6.388888888888889,2574.51,0,0,0,1,1,0,0
4624,4782,209,352,686,602,0.59375,5855.03,0,0,1,0,1,0,0
533,2847,728,489,464,620,1.4887525562372188,815.57,1,0,0,0,0,1,0
3199,734,126,469,639,1620,0.26865671641791045,3634.01,1,0,0,0,0,0,1
2829,2982,228,189,511,255,1.2063492063492063,4188.9,0,0,0,1,1,0,0
3507,2911,314,477,502,930,0.6582809224318659,4507.22,0,0,1,0,0,0,1
3240,4553,252,120,582,677,2.1,5360.03,0,0,0,1,0,1,0
965,4115,301,200,663,1224,1.505,1459.59,0,0,1,0,0,0,1
2893,2839,985,438,661,836,2.2488584474885847,5000.43,1,0,0,0,1,0,0
3011,1984,803,405,218,1851,1.982716049382716,5187.14,0,0,1,0,0,1,0
2515,1618,310,401,429,669,0.773067331670823,3321.06,0,0,0,1,0,0,1
350,721,838,255,638,1055,3.2862745098039214,727.87,1,0,0,0,0,1,0
3857,4677,693,287,3,1602,2.4146341463414633,7198.78,0,0,0,1,1,0,0
4756,1637,397,356,187,601,1.1151685393258426,6607.4,1,0,0,0,1,0,0
1018,2437,597,434,43,486,1.3755760368663594,1553.66,0,1,0,0,1,0,0
1273,2094,218,381,611,259,0.5721784776902887,1496.3,1,0,0,0,0,1,0
3303,2170,323,306,411,253,1.0555555555555556,4407.5,0,0,1,0,0,1,0
532,2465,626,346,190,494,1.8092485549132948,882.8,0,0,1,0,1,0,0
935,2945,35,132,42,1258,0.26515151515151514,1020.92,0,0,1,0,0,1,0
2346,3138,872,66,97,1131,13.212121212121213,12440.91,0,0,1,0,0,1,0
2362,954,88,169,648,1605,0.5207100591715976,2928.58,0,0,1,0,1,0,0
997,2828,137,136,657,790,1.0073529411764706,1384.27,0,1,0,0,1,0,0
3732,1015,422,234,517,336,1.8034188034188035,6221.68,1,0,0,0,0,0,1
4667,231,146,104,136,1737,1.4038461538461537,6971.86,1,0,0,0,1,0,0
3915,1216,343,320,510,53,1.071875,5638.04,0,1,0,0,0,1,0
346,3693,557,15,519,1968,37.13333333333333,4439.65,0,1,0,0,0,0,1
2529,960,397,432,37,1993,0.9189814814814815,3390.08,0,0,1,0,0,1,0
1090,393,580,274,579,1777,2.116788321167883,1872.97,0,0,0,1,0,0,1
3410,2788,239,243,517,1868,0.9835390946502057,4818.95,0,0,0,1,0,1,0
1026,1099,430,297,58,687,1.4478114478114479,1507.5,0,0,1,0,0,0,1
3538,2396,133,429,155,1066,0.31002331002331,4135.83,0,1,0,0,0,0,1
2707,3785,97,393,113,1284,0.24681933842239187,2977.98,1,0,0,0,0,1,0
1174,386,858,25,460,1393,34.32,13383.74,0,0,0,1,0,0,1
4122,549,150,149,604,210,1.0067114093959733,5878.76,0,0,0,1,0,1,0
3899,2438,925,306,601,1490,3.022875816993464,7531.31,0,1,0,0,0,1,0
4884,3340,794,204,442,1066,3.892156862745098,11313.25,0,0,1,0,0,0,1
3251,2803,60,195,690,1963,0.3076923076923077,3701.86,1,0,0,0,1,0,0
3538,3216,996,484,228,1013,2.0578512396694215,6201.21,0,0,1,0,1,0,0
4673,4671,576,484,579,1377,1.1900826446280992,6831.69,0,0,1,0,1,0,0
3591,352,938,402,122,682,2.3333333333333335,6192.47,0,0,1,0,0,1,0
806,1519,414,134,671,894,3.08955223880597,1625.71,0,0,1,0,0,1,0
3164,2436,346,26,357,1283,13.307692307692308,15839.15,0,0,0,1,1,0,0
853,1335,671,375,268,1979,1.7893333333333334,1367.2,0,1,0,0,0,1,0
687,1099,674,398,695,337,1.693467336683417,1108.57,1,0,0,0,1,0,0
1434,3860,972,35,485,716,27.771428571428572,13691.92,0,0,0,1,0,1,0
1947,4216,740,222,4,1419,3.3333333333333335,4209.43,1,0,0,0,0,1,0
4034,4511,740,394,478,849,1.8781725888324874,6340.5,1,0,0,0,0,1,0
4026,2711,375,10,121,675,37.5,49488.98,0,0,0,1,1,0,0
3417,1546,917,300,486,105,3.0566666666666666,6568.37,0,0,0,1,0,0,1
4120,2270,920,274,219,1714,3.3576642335766422,8501.66,1,0,0,0,0,1,0
3255,3021,989,352,694,703,2.809659090909091,6278.83,1,0,0,0,0,1,0
4402,3783,863,47,278,1148,18.361702127659573,28958.3,0,1,0,0,1,0,0
2298,2361,267,242,257,1734,1.103305785123967,3363.48,0,0,0,1,1,0,0
264,2045,397,269,304,1123,1.4758364312267658,418.96,0,0,0,1,0,1,0
2098,1953,54,317,43,6,0.17034700315457413,2319.84,1,0,0,0,0,1,0
3157,699,278,412,530,800,0.6747572815533981,4011.68,1,0,0,0,0,0,1
2184,4987,320,494,710,1291,0.6477732793522267,2850.17,0,0,1,0,0,1,0
4528,4235,681,270,689,1067,2.522222222222222,8566.49,1,0,0,0,0,1,0
502,3503,287,485,588,1831,0.5917525773195876,601.05,1,0,0,0,0,1,0
513,3090,866,247,693,653,3.506072874493927,1136.0,0,1,0,0,0,0,1
144,4843,484,115,150,1293,4.208695652173913,333.34,1,0,0,0,0,1,0
4257,4377,576,256,594,551,2.25,7437.26,0,0,1,0,0,0,1
2567,4460,154,313,10,942,0.49201277955271566,3102.77,0,0,1,0,1,0,0
967,2918,975,352,212,674,2.7698863636363638,1897.49,0,0,0,1,0,1,0
118,962,244,456,652,1219,0.5350877192982456,139.0,0,0,1,0,0,1,0
464,4627,700,47,260,928,14.893617021276595,2556.52,0,0,0,1,0,1,0
3932,4155,729,317,382,324,2.2996845425867507,7220.22,1,0,0,0,0,1,0
679,1319,145,352,389,616,0.4119318181818182,825.99,0,0,1,0,0,0,1
645,3895,454,55,336,757,8.254545454545454,2359.58,0,1,0,0,1,0,0
4250,4704,362,219,5,1089,1.6529680365296804,6778.63,0,1,0,0,1,0,0
4973,4642,403,102,83,201,3.950980392156863,11649.17,0,0,1,0,0,0,1
3139,627,284,229,6,1905,1.240174672489083,4512.11,0,0,0,1,0,0,1
4237,3022,393,265,152,242,1.4830188679245282,6279.54,0,0,0,1,0,0,1
4144,3304,919,146,181,1031,6.294520547945205,12545.54,0,0,0,1,0,0,1
4426,1262,332,240,167,1243,1.3833333333333333,6858.25,0,0,1,0,0,1,0
552,4864,192,315,470,3,0.6095238095238096,707.64,1,0,0,0,0,1,0
4061,3664,582,211,78,854,2.758293838862559,7766.93,1,0,0,0,0,0,1
1481,946,449,75,412,1488,5.986666666666666,4234.29,1,0,0,0,0,1,0
1567,2217,72,470,554,968,0.15319148936170213,1784.82,0,0,0,1,0,1,0
2838,3186,882,47,574,965,18.76595744680851,20016.21,0,0,1,0,1,0,0
1316,1870,736,164,381,305,4.487804878048781,3212.76,0,1,0,0,0,1,0
980,3383,881,114,313,314,7.728070175438597,3288.36,1,0,0,0,1,0,0
3914,1925,660,264,395,478,2.5,7364.42,1,0,0,0,0,1,0
3249,3423,952,413,543,796,2.305084745762712,5669.97,0,0,0,1,1,0,0
184,545,655,497,4,883,1.3179074446680081,272.32,1,0,0,0,1,0,0
4244,1125,43,455,109,1435,0.0945054945054945,4612.92,0,0,1,0,1,0,0
1268,1871,714,467,93,498,1.5289079229122056,1979.0,1,0,0,0,1,0,0
4264,1459,876,25,99,1558,35.04,51726.2,0,0,0,1,0,0,1
3229,118,994,88,192,1630,11.295454545454545,15064.26,0,0,1,0,0,1,0
3745,660,841,22,333,1381,38.22727272727273,47074.09,0,0,0,1,0,0,1
2626,571,486,379,212,71,1.2823218997361479,3878.12,0,1,0,0,0,1,0
2967,127,96,111,595,1906,0.8648648648648649,3809.38,1,0,0,0,0,0,1
3616,659,219,413,207,1758,0.5302663438256658,4355.52,0,0,1,0,0,1,0
3467,2755,471,161,627,1037,2.9254658385093166,6843.43,0,0,1,0,0,0,1
2294,3336,90,498,573,406,0.18072289156626506,2584.49,1,0,0,0,0,0,1
3655,4653,331,187,356,1995,1.7700534759358288,6011.32,0,1,0,0,1,0,0
545,1044,424,400,253,1541,1.06,768.95,0,1,0,0,0,0,1
3726,4048,860,96,591,1046,8.958333333333334,13870.3,1,0,0,0,1,0,0
4116,3756,199,97,196,1999,2.051546391752577,6906.51,1,0,0,0,1,0,0
3975,3163,959,38,262,895,25.236842105263158,35026.16,1,0,0,0,0,0,1
3437,2079,869,398,322,1333,2.1834170854271355,5914.96,0,0,0,1,0,1,0
361,2816,242,372,420,1319,0.6505376344086021,459.36,0,0,1,0,0,0,1
1948,915,401,428,498,1573,0.9369158878504673,2543.68,0,0,1,0,1,0,0
4125,2426,947,330,332,31,2.8696969696969696,8061.67,1,0,0,0,1,0,0
2366,2430,178,109,296,1086,1.6330275229357798,3837.05,0,0,0,1,0,0,1
191,1102,452,124,236,1245,3.6451612903225805,429.1,0,0,0,1,0,0,1
4322,1642,772,219,681,1383,3.5251141552511416,9537.71,0,0,1,0,0,0,1
4275,4304,177,463,7,1617,0.38228941684665224,5169.72,0,1,0,0,0,0,1
3409,1329,240,352,534,1407,0.6818181818181818,4270.24,1,0,0,0,0,1,0
1082,3405,159,83,72,1769,1.9156626506024097,1833.23,1,0,0,0,1,0,0
3543,2629,673,144,500,1542,4.673611111111111,8560.54,0,0,0,1,0,0,1
2633,1530,559,437,618,1641,1.2791762013729977,3663.98,0,0,1,0,0,0,1
793,4012,395,465,139,1361,0.8494623655913979,1028.1,0,0,0,1,0,0,1
4220,1632,390,278,386,162,1.4028776978417266,6114.07,0,1,0,0,1,0,0
255,1992,818,359,542,1879,2.278551532033426,451.57,0,0,1,0,1,0,0
3688,3224,284,475,324,564,0.5978947368421053,4429.19,1,0,0,0,1,0,0
1912,1521,626,87,601,158,7.195402298850575,6628.46,0,0,1,0,0,0,1
4214,490,907,468,665,13,1.938034188034188,7231.24,0,0,1,0,1,0,0
1507,2918,869,389,73,1210,2.2339331619537277,2764.26,1,0,0,0,0,0,1
1316,1969,873,499,389,734,1.749498997995992,2168.8,0,1,0,0,0,0,1
1510,3060,71,134,238,753,0.5298507462686567,1916.47,0,0,0,1,0,1,0
3597,1295,476,47,322,309,10.127659574468085,15060.46,0,1,0,0,0,1,0
4472,2705,537,278,341,148,1.9316546762589928,7415.2,0,1,0,0,0,1,0
4940,957,871,319,305,1926,2.730407523510972,9201.95,0,1,0,0,1,0,0
651,3327,159,115,8,1021,1.382608695652174,979.58,0,0,1,0,0,1,0
3494,1616,151,53,207,1079,2.849056603773585,6991.18,0,1,0,0,1,0,0
1276,1253,125,234,411,927,0.5341880341880342,1554.33,0,0,1,0,0,0,1
4834,942,833,251,258,571,3.318725099601594,9932.72,0,0,1,0,0,1,0
4432,1782,74,406,651,1939,0.18226600985221675,4911.64,0,0,0,1,0,1,0
1097,394,438,162,46,1734,2.7037037037037037,1999.28,0,0,0,1,1,0,0
4176,744,319,33,126,1634,9.666666666666666,17460.84,0,1,0,0,1,0,0
2831,3733,715,133,21,668,5.37593984962406,7730.83,0,0,1,0,0,1,0
4037,2235,863,294,170,1786,2.935374149659864,8273.97,1,0,0,0,1,0,0
4152,210,439,493,544,1933,0.8904665314401623,5746.9,0,0,1,0,1,0,0
472,683,170,463,416,692,0.367170626349892,530.57,0,0,0,1,1,0,0
2348,3325,984,411,455,510,2.394160583941606,4436.32,1,0,0,0,0,0,1
948,1586,315,357,662,586,0.8823529411764706,1315.22,0,0,1,0,0,1,0
2656,4964,370,270,206,1597,1.3703703703703705,3982.95,0,1,0,0,1,0,0
2422,1748,287,155,333,937,1.8516129032258064,4078.36,0,0,1,0,1,0,0
603,2481,305,200,21,45,1.525,880.49,1,0,0,0,0,0,1
3289,205,560,390,650,1671,1.435897435897436,5162.44,0,1,0,0,0,0,1
802,3653,882,174,65,1746,5.068965517241379,2113.84,1,0,0,0,0,0,1
3725,1794,178,80,577,86,2.225,6776.49,0,0,0,1,0,0,1
414,1833,468,448,88,1806,1.0446428571428572,564.69,0,0,0,1,0,1,0
2476,481,589,210,479,1316,2.8047619047619046,4918.74,0,0,1,0,0,1,0
1140,2836,16,364,43,264,0.04395604395604396,1203.31,0,0,1,0,1,0,0
4478,4456,606,21,141,1292,28.857142857142858,44813.2,0,0,0,1,0,1,0
3090,1416,720,61,374,1960,11.80327868852459,15360.12,1,0,0,0,1,0,0
357,2802,141,450,516,1008,0.31333333333333335,417.86,1,0,0,0,0,1,0
674,4174,597,265,500,1249,2.2528301886792454,1224.41,0,1,0,0,0,1,0
4769,4904,771,311,279,216,2.4790996784565915,8767.7,0,1,0,0,0,1,0
1652,1006,356,369,326,1898,0.964769647696477,2325.76,0,1,0,0,1,0,0
4618,762,964,309,418,231,3.1197411003236244,9601.62,0,0,0,1,1,0,0
857,562,730,496,553,1726,1.471774193548387,1244.31,0,0,0,1,0,0,1
2910,3002,605,417,602,654,1.4508393285371703,4496.87,0,0,0,1,1,0,0
1204,4780,744,18,308,1201,41.333333333333336,16163.79,0,0,1,0,0,0,1
4624,1042,262,149,657,1587,1.7583892617449663,7648.83,1,0,0,0,1,0,0
3559,257,419,109,307,702,3.8440366972477062,7917.6,0,0,0,1,1,0,0
4092,3409,552,494,470,1541,1.1174089068825912,5790.62,0,1,0,0,0,1,0
303,1426,364,146,184,1747,2.493150684931507,569.32,0,1,0,0,1,0,0
2875,2817,722,368,631,707,1.9619565217391304,4858.1,0,0,0,1,0,1,0
2432,2768,974,375,625,513,2.5973333333333333,4617.95,0,0,0,1,1,0,0
2092,2668,573,381,291,1128,1.5039370078740157,3306.87,1,0,0,0,0,0,1
2343,3492,377,31,249,1897,12.161290322580646,11298.47,0,1,0,0,1,0,0
406,2206,593,154,324,1125,3.8506493506493507,922.88,1,0,0,0,0,1,0
1787,4899,520,170,443,1664,3.0588235294117645,3486.78,0,0,0,1,0,1,0
4209,747,542,258,604,1889,2.10077519379845,7182.46,1,0,0,0,0,1,0
1960,3422,537,184,59,305,2.9184782608695654,3731.22,0,0,1,0,0,1,0
2061,3038,956,97,269,1785,9.855670103092784,8671.43,0,0,0,1,1,0,0
822,2583,537,408,318,1937,1.3161764705882353,1183.75,0,1,0,0,0,1,0
879,4341,411,486,94,1993,0.845679012345679,1196.67,0,1,0,0,0,1,0
628,3006,184,489,254,351,0.37627811860940696,722.9,1,0,0,0,1,0,0
4993,3125,833,42,687,803,19.833333333333332,35696.7,0,0,0,1,0,1,0
443,1475,933,486,460,451,1.9197530864197532,732.43,0,1,0,0,0,0,1
3886,1923,859,280,515,1293,3.067857142857143,7593.35,1,0,0,0,0,0,1
3782,344,87,292,533,1396,0.2979452054794521,4204.02,1,0,0,0,0,1,0
308,2448,449,235,104,933,1.9106382978723404,522.49,0,0,0,1,0,0,1
4836,967,761,454,402,1062,1.6762114537444934,7629.22,0,1,0,0,0,1,0
3506,2961,558,461,333,1870,1.210412147505423,4877.72,0,1,0,0,1,0,0
1411,579,241,121,608,902,1.9917355371900827,2261.21,0,1,0,0,0,0,1
2399,2562,409,91,93,762,4.4945054945054945,5896.49,0,0,0,1,0,0,1
3436,2035,222,222,557,733,1.0,4798.52,0,0,0,1,1,0,0
2047,3473,202,313,574,63,0.645367412140575,2529.13,0,0,0,1,0,0,1
1019,3121,581,17,542,1789,34.1764705882353,11751.08,0,0,1,0,0,1,0
2144,3292,710,143,437,505,4.965034965034965,5549.08,1,0,0,0,0,1,0
518,187,276,456,10,945,0.6052631578947368,670.76,0,0,1,0,0,0,1
1849,1340,135,127,456,265,1.062992125984252,2541.84,0,0,1,0,1,0,0
2942,672,724,93,415,1700,7.78494623655914,10067.78,0,1,0,0,0,1,0
1199,913,843,267,518,535,3.157303370786517,2467.58,0,1,0,0,0,1,0
3492,278,391,252,375,1103,1.5515873015873016,5532.34,1,0,0,0,0,0,1
2872,1825,553,246,531,1654,2.247967479674797,4819.59,1,0,0,0,1,0,0
2580,262,511,159,524,1209,3.2138364779874213,5350.33,0,0,0,1,0,1,0
1645,2740,412,383,373,946,1.0757180156657964,2357.84,0,1,0,0,1,0,0
1170,1105,833,30,704,495,27.766666666666666,11151.48,0,0,1,0,0,0,1
1950,2448,270,143,615,1595,1.8881118881118881,3336.08,1,0,0,0,0,0,1
4298,2521,396,388,439,1394,1.0206185567010309,5938.3,1,0,0,0,0,1,0
3039,2855,421,105,195,903,4.0095238095238095,7040.4,0,0,1,0,1,0,0
2003,4398,355,463,265,1839,0.7667386609071274,2701.15,0,0,0,1,1,0,0
778,4242,992,22,507,764,45.09090909090909,11448.75,0,1,0,0,0,0,1
1088,4658,103,10,646,1625,10.3,4779.28,0,1,0,0,0,0,1
2575,3841,337,159,426,1765,2.119496855345912,4557.12,0,0,1,0,0,0,1
1707,4603,109,126,689,855,0.8650793650793651,2255.05,0,0,0,1,0,0,1
2969,1317,806,161,99,331,5.0062111801242235,7432.84,0,0,1,0,0,0,1
1602,2574,470,73,30,1464,6.438356164383562,4942.52,0,1,0,0,0,1,0
1889,1029,324,434,291,1262,0.7465437788018433,2347.56,0,0,1,0,0,1,0
1525,416,34,487,575,904,0.06981519507186858,1644.53,0,0,1,0,1,0,0
2540,1602,927,159,487,292,5.830188679245283,7498.35,0,1,0,0,0,1,0
2142,520,503,326,406,426,1.5429447852760736,3299.91,0,1,0,0,0,1,0
1378,4458,362,373,28,295,0.9705093833780161,1891.44,0,1,0,0,0,1,0
2694,1549,878,21,146,833,41.80952380952381,36863.7,0,0,1,0,1,0,0
4789,527,126,99,288,500,1.2727272727272727,6681.75,0,0,1,0,0,1,0
2536,496,208,397,581,1580,0.5239294710327456,3184.32,0,0,1,0,1,0,0
3903,895,288,92,252,845,3.130434782608696,7605.76,0,0,0,1,1,0,0
2305,206,591,473,162,1616,1.2494714587737843,3259.1,1,0,0,0,0,1,0
1127,4149,856,259,110,1710,3.305019305019305,2454.89,0,0,0,1,0,1,0
3639,197,88,393,644,653,0.22391857506361323,4061.65,1,0,0,0,0,1,0
3583,2003,433,405,398,1061,1.0691358024691358,5051.42,0,1,0,0,0,0,1
2341,3670,363,42,271,1550,8.642857142857142,8597.34,1,0,0,0,1,0,0
2865,3401,535,158,188,634,3.3860759493670884,5931.56,0,0,0,1,1,0,0
1273,142,550,137,532,1421,4.014598540145985,2949.01,0,1,0,0,0,0,1
3330,1677,665,109,276,750,6.10091743119266,10026.21,1,0,0,0,0,0,1
3450,4290,486,466,689,396,1.0429184549356223,4964.45,1,0,0,0,0,1,0
503,4383,864,496,611,1591,1.7419354838709677,809.85,1,0,0,0,0,0,1
2825,484,19,371,247,1948,0.05121293800539083,2895.93,0,0,1,0,0,0,1
3482,3571,568,337,324,1046,1.685459940652819,5434.99,0,1,0,0,0,0,1
4263,3677,512,221,18,1364,2.316742081447964,7402.31,0,0,1,0,1,0,0
187,3338,269,83,408,495,3.2409638554216866,378.2,0,1,0,0,0,0,1
1258,1796,533,105,411,1427,5.076190476190476,3334.15,1,0,0,0,0,1,0
4373,2234,819,101,125,1227,8.108910891089108,15486.43,1,0,0,0,1,0,0
2957,3992,747,339,320,926,2.2035398230088497,5053.86,0,0,0,1,1,0,0
1481,2636,781,337,153,950,2.3175074183976263,2753.71,1,0,0,0,0,0,1
4781,4421,605,445,581,1370,1.3595505617977528,7124.07,0,0,1,0,0,0,1
2164,2492,869,184,658,1039,4.7228260869565215,5366.97,0,0,1,0,0,0,1
2474,4713,869,234,557,1054,3.713675213675214,5374.58,1,0,0,0,0,0,1
417,3915,15,324,20,1053,0.046296296296296294,457.08,0,0,1,0,0,1,0
1602,395,919,184,247,1788,4.994565217391305,4357.19,1,0,0,0,0,0,1
2142,513,768,65,390,160,11.815384615384616,10395.57,0,0,0,1,0,1,0
4698,2095,44,278,347,1653,0.15827338129496402,5133.39,0,0,0,1,0,0,1
2122,103,184,437,476,670,0.42105263157894735,2572.78,1,0,0,0,0,0,1
218,277,451,44,203,620,10.25,971.62,0,0,0,1,0,1,0
809,845,586,128,9,627,4.578125,1952.02,1,0,0,0,0,0,1
3657,4454,156,380,692,272,0.4105263157894737,4461.32,0,0,1,0,1,0,0
4240,751,578,422,668,420,1.3696682464454977,6490.0,1,0,0,0,0,1,0
4509,3989,202,65,531,850,3.1076923076923078,9032.1,0,1,0,0,0,1,0
3350,3371,22,398,103,489,0.05527638190954774,3504.92,0,1,0,0,1,0,0
517,2582,913,460,246,176,1.9847826086956522,871.47,1,0,0,0,0,1,0
2703,389,539,318,597,1255,1.6949685534591195,4188.48,1,0,0,0,0,0,1
3954,902,255,366,319,796,0.6967213114754098,4849.95,1,0,0,0,0,1,0
1201,2630,684,385,351,1342,1.7766233766233765,2016.59,0,0,0,1,0,1,0
4521,333,864,325,234,762,2.6584615384615384,8525.99,0,1,0,0,1,0,0
3528,507,123,114,647,467,1.0789473684210527,4890.5,1,0,0,0,0,1,0
2361,793,803,399,37,440,2.012531328320802,3834.22,1,0,0,0,0,0,1
4269,1269,242,185,345,1080,1.308108108108108,6243.98,0,0,1,0,0,1,0
3734,4757,687,115,604,1355,5.973913043478261,11200.45,0,0,1,0,0,1,0
608,2577,989,89,292,273,11.112359550561798,2700.25,0,0,0,1,1,0,0
2479,531,331,172,17,702,1.9244186046511629,4054.43,0,0,0,1,1,0,0
3264,2644,547,411,90,1045,1.3309002433090025,4648.93,0,1,0,0,0,1,0
787,1082,135,276,348,165,0.4891304347826087,934.53,0,1,0,0,0,0,1
4852,3260,322,60,677,1516,5.366666666666666,13754.42,1,0,0,0,1,0,0
1392,3144,520,386,444,883,1.3471502590673574,2000.9,0,1,0,0,1,0,0
4005,4024,493,288,253,1442,1.7118055555555556,6079.64,1,0,0,0,0,0,1
3175,3412,290,312,593,1821,0.9294871794871795,4278.06,0,0,0,1,1,0,0
3309,4973,807,84,184,1604,9.607142857142858,13590.43,0,0,0,1,0,1,0
424,4418,987,452,290,992,2.183628318584071,724.84,0,0,0,1,1,0,0
2093,1788,912,450,215,956,2.026666666666667,3581.47,0,0,1,0,0,0,1
4076,567,292,358,158,1291,0.8156424581005587,5092.6,0,1,0,0,0,1,0
4912,2716,660,136,691,1754,4.852941176470588,12474.14,0,0,0,1,0,0,1
2870,1445,622,255,393,1362,2.43921568627451,5042.02,0,0,0,1,0,0,1
4472,2522,401,321,20,1920,1.249221183800623,6289.24,0,0,0,1,0,0,1
2683,4607,532,243,471,885,2.1893004115226335,4615.21,0,1,0,0,0,0,1
3657,4821,391,164,431,1632,2.3841463414634148,6582.15,0,1,0,0,1,0,0
3687,1111,225,82,659,188,2.7439024390243905,6784.68,0,0,1,0,1,0,0
251,1777,551,428,68,1499,1.2873831775700935,351.47,0,0,1,0,1,0,0
1054,3797,615,448,77,208,1.3727678571428572,1588.37,0,0,1,0,1,0,0
4454,4997,125,146,102,74,0.8561643835616438,5824.24,0,0,1,0,0,1,0
2471,4166,518,283,652,1900,1.8303886925795052,3895.44,0,0,0,1,1,0,0
1291,1992,509,53,585,674,9.60377358490566,5128.25,1,0,0,0,0,0,1
787,2969,280,256,207,673,1.09375,1120.5,0,0,1,0,0,1,0
409,4450,449,158,213,1418,2.8417721518987342,761.61,1,0,0,0,1,0,0
1602,1586,300,65,79,490,4.615384615384615,4014.5,0,0,0,1,1,0,0
3227,3439,48,185,113,572,0.2594594594594595,3603.51,0,0,0,1,0,1,0
4668,1516,33,365,133,1050,0.09041095890410959,5183.53,0,1,0,0,1,0,0
3467,4957,785,266,197,874,2.9511278195488724,7052.92,1,0,0,0,0,0,1
3495,2946,52,420,25,1561,0.12380952380952381,3874.64,1,0,0,0,0,0,1
913,1457,179,310,472,1794,0.5774193548387097,1112.37,0,0,0,1,0,0,1
945,4160,349,72,613,1882,4.847222222222222,2465.58,0,1,0,0,0,0,1
1264,4760,178,323,543,1876,0.5510835913312694,1567.22,0,0,1,0,1,0,0
4862,1491,824,433,290,515,1.9030023094688222,7891.44,0,0,1,0,0,0,1
1867,1678,547,72,256,1824,7.597222222222222,6660.94,0,1,0,0,1,0,0
454,3849,701,303,206,1281,2.3135313531353137,844.85,0,1,0,0,1,0,0
1972,3725,481,38,475,280,12.657894736842104,9757.88,0,0,1,0,1,0,0
2124,2603,671,49,68,818,13.693877551020408,11719.05,0,0,0,1,1,0,0
2917,3237,654,156,215,939,4.1923076923076925,6915.57,0,0,0,1,0,1,0
3932,3009,152,97,634,760,1.5670103092783505,6048.46,0,1,0,0,0,1,0
4375,2764,685,65,422,556,10.538461538461538,18910.54,0,0,0,1,0,1,0
165,499,110,309,558,1057,0.3559870550161812,187.95,0,0,0,1,0,0,1
4366,4482,584,202,581,1318,2.891089108910891,8902.4,1,0,0,0,1,0,0
4190,4057,614,109,539,1648,5.63302752293578,12105.67,0,0,1,0,1,0,0
2621,2333,728,224,683,1332,3.25,5404.6,0,1,0,0,0,0,1
2681,1639,484,150,462,291,3.2266666666666666,5672.75,0,0,1,0,0,1,0
1490,336,954,423,455,785,2.25531914893617,2677.64,1,0,0,0,1,0,0
1230,1027,320,58,301,826,5.517241379310345,3353.17,0,0,0,1,0,0,1
2586,4609,593,124,288,1328,4.782258064516129,6406.97,0,0,0,1,0,1,0
934,519,69,238,2,1067,0.28991596638655465,1100.14,1,0,0,0,0,0,1
326,4224,962,261,20,1840,3.685823754789272,742.17,0,0,1,0,0,0,1
3615,2495,38,84,477,1580,0.4523809523809524,4514.88,1,0,0,0,1,0,0
4637,760,540,200,491,1825,2.7,8409.22,0,0,0,1,0,1,0
2543,2723,82,208,257,971,0.3942307692307692,2997.43,0,0,0,1,0,1,0
827,4050,403,172,453,1623,2.3430232558139537,1507.07,0,0,1,0,1,0,0
3786,549,878,148,438,742,5.9324324324324325,11137.13,0,0,0,1,0,1,0
3722,479,403,58,398,1504,6.948275862068965,12296.06,0,0,1,0,0,0,1
1136,1350,767,372,153,83,2.0618279569892475,1863.91,0,1,0,0,0,0,1
1932,2559,490,376,649,1228,1.303191489361702,2687.74,0,0,0,1,0,0,1
2840,3098,482,124,222,642,3.8870967741935485,6209.04,0,0,0,1,1,0,0
592,4551,322,177,701,1162,1.8192090395480225,949.87,0,0,1,0,0,1,0
1648,2401,447,286,436,83,1.562937062937063,2500.34,0,1,0,0,1,0,0
1243,826,961,56,136,1948,17.160714285714285,8310.16,0,0,0,1,1,0,0
4057,1567,333,268,528,1711,1.242537313432836,5615.81,0,0,0,1,1,0,0
3507,2828,974,423,626,648,2.3026004728132388,6192.07,0,1,0,0,1,0,0
739,3252,96,225,279,619,0.4266666666666667,913.44,0,0,0,1,0,1,0
272,3620,368,239,585,151,1.5397489539748954,417.64,0,0,1,0,0,0,1
4454,3454,704,136,485,944,5.176470588235294,11521.35,0,1,0,0,0,0,1
4059,515,206,332,546,1645,0.6204819277108434,4954.79,0,1,0,0,0,0,1
616,699,765,327,245,1758,2.3394495412844036,1114.04,1,0,0,0,0,1,0
622,3174,849,430,18,860,1.9744186046511627,991.61,0,0,0,1,0,1,0
2017,4274,986,234,556,319,4.213675213675214,5008.8,0,1,0,0,0,1,0
2986,1667,394,159,143,1869,2.4779874213836477,5500.94,0,1,0,0,0,0,1
2264,1194,127,296,501,1271,0.42905405405405406,2735.35,0,1,0,0,0,1,0
2029,3043,507,55,527,1061,9.218181818181819,8021.32,1,0,0,0,0,0,1
4045,4253,917,469,93,1292,1.955223880597015,7032.43,0,0,0,1,0,0,1
2309,1547,940,310,383,1610,3.032258064516129,4669.26,0,1,0,0,1,0,0
3883,1592,893,23,279,115,38.82608695652174,52362.61,0,0,0,1,0,1,0
2690,2771,471,130,449,1105,3.623076923076923,6097.08,0,1,0,0,1,0,0
4176,1558,505,405,583,705,1.2469135802469136,6232.51,0,0,1,0,0,1,0
1193,1308,603,384,621,726,1.5703125,1759.96,0,1,0,0,0,1,0
3980,2312,979,200,288,1551,4.895,10102.96,0,1,0,0,1,0,0
2594,1454,256,484,476,1360,0.5289256198347108,3079.64,1,0,0,0,0,1,0
2679,312,984,342,672,1108,2.8771929824561404,4994.72,0,1,0,0,0,1,0
2588,3994,243,353,171,887,0.6883852691218131,3396.23,0,0,1,0,0,1,0
2885,4702,426,175,525,778,2.434285714285714,5150.19,0,1,0,0,0,0,1
2858,3063,476,126,372,810,3.7777777777777777,6308.61,0,0,1,0,0,0,1
1674,2948,491,440,393,154,1.115909090909091,2256.67,0,0,1,0,0,1,0
2473,3142,374,133,185,1841,2.81203007518797,5010.48,0,0,1,0,1,0,0
4090,3134,162,63,510,253,2.5714285714285716,7843.77,1,0,0,0,0,0,1
4945,1832,281,448,432,502,0.6272321428571429,6211.5,0,0,0,1,0,0,1
1193,3181,401,313,209,1943,1.281150159744409,1779.01,0,0,0,1,0,1,0
1289,1370,556,466,329,448,1.1931330472103003,1886.41,0,0,1,0,0,0,1
2789,4968,734,465,361,1297,1.578494623655914,4379.63,1,0,0,0,1,0,0
4195,1629,732,366,444,930,2.0,6828.8,1,0,0,0,1,0,0
1975,1181,439,280,441,1897,1.5678571428571428,3113.13,0,0,0,1,1,0,0
3506,3631,660,208,369,825,3.173076923076923,7233.26,0,0,1,0,1,0,0
1887,1251,198,225,106,854,0.88,2557.87,0,0,0,1,0,0,1
4032,1822,821,122,325,507,6.729508196721311,12833.51,0,0,0,1,0,0,1
1707,816,916,25,232,132,36.64,22428.0,1,0,0,0,1,0,0
3848,4299,261,225,708,1735,1.16,5512.35,1,0,0,0,0,0,1
148,2290,404,436,249,1349,0.926605504587156,199.99,0,1,0,0,0,1,0
3961,304,671,144,317,351,4.659722222222222,10298.64,1,0,0,0,0,1,0
2280,3929,862,52,264,1107,16.576923076923077,14135.08,1,0,0,0,0,1,0
3146,3209,228,261,503,1988,0.8735632183908046,4095.85,0,0,0,1,0,1,0
2933,4194,603,293,263,818,2.0580204778157,4982.55,1,0,0,0,0,1,0
1497,1432,199,331,682,126,0.6012084592145015,1870.28,1,0,0,0,1,0,0
3926,2148,243,107,416,1238,2.2710280373831777,6746.35,0,0,0,1,0,0,1
4674,1949,697,69,668,835,10.101449275362318,20123.55,1,0,0,0,1,0,0
931,4942,241,239,70,1751,1.00836820083682,1309.94,1,0,0,0,1,0,0
2797,1337,367,393,234,1988,0.9338422391857506,3787.3,0,1,0,0,1,0,0
4877,2118,487,140,432,1774,3.4785714285714286,10487.71,0,0,1,0,0,0,1
2835,617,584,394,54,1624,1.482233502538071,4216.31,0,1,0,0,0,1,0
181,1538,956,168,170,896,5.690476190476191,534.56,1,0,0,0,1,0,0
186,4186,438,321,36,955,1.3644859813084111,281.92,0,0,0,1,0,0,1
2163,2152,246,480,259,462,0.5125,2615.42,0,0,0,1,1,0,0
921,4468,42,93,251,625,0.45161290322580644,1114.71,0,0,1,0,0,0,1
262,4617,222,217,13,105,1.023041474654378,353.95,0,0,0,1,1,0,0
3839,2412,581,183,671,1395,3.1748633879781423,7540.33,1,0,0,0,0,1,0
2497,2359,388,297,541,63,1.3063973063973064,3546.5,0,1,0,0,0,0,1
2032,3249,11,90,57,963,0.12222222222222222,2123.25,0,0,1,0,1,0,0
2828,881,918,27,161,751,34.0,33283.18,0,1,0,0,0,1,0
3635,2813,459,205,437,1493,2.2390243902439027,6454.66,0,0,0,1,0,1,0
3546,1344,578,300,230,26,1.9266666666666667,5808.47,1,0,0,0,0,0,1
2890,2516,436,369,193,1664,1.1815718157181572,4121.95,0,0,1,0,0,1,0
2807,1075,822,365,620,1,2.252054794520548,4743.64,0,0,0,1,0,0,1
4033,3591,808,288,357,94,2.8055555555555554,7999.32,0,0,0,1,0,0,1
3485,3525,659,472,352,883,1.396186440677966,4960.92,0,1,0,0,0,1,0
1022,516,288,406,258,452,0.7093596059113301,1318.13,0,0,0,1,0,1,0
2275,314,223,471,622,1998,0.4734607218683652,2710.73,0,1,0,0,0,0,1
1682,4078,760,263,642,1938,2.8897338403041823,3197.88,0,0,0,1,0,1,0
664,1235,294,151,635,1036,1.9470198675496688,1106.86,0,1,0,0,0,0,1
3358,3875,552,174,628,1702,3.1724137931034484,7065.71,0,1,0,0,0,1,0
2697,1682,727,14,293,298,51.92857142857143,46561.37,1,0,0,0,0,0,1
2600,4623,979,260,386,1444,3.7653846153846153,5740.6,0,0,1,0,0,1,0
4666,832,283,159,234,1808,1.779874213836478,7259.43,0,0,1,0,0,1,0
1087,2846,20,37,296,1985,0.5405405405405406,1338.38,1,0,0,0,1,0,0
3736,2363,880,246,703,1603,3.5772357723577235,8386.69,0,0,0,1,1,0,0
323,4608,56,141,537,1191,0.3971631205673759,381.78,0,0,0,1,0,0,1
450,3904,524,315,379,254,1.6634920634920636,685.71,0,0,1,0,1,0,0
2028,2527,651,367,678,1891,1.7738419618528611,3312.66,0,1,0,0,1,0,0
448,331,447,294,210,1789,1.5204081632653061,654.31,0,1,0,0,0,0,1
4377,4453,593,302,539,1782,1.9635761589403973,7538.27,0,0,1,0,0,1,0
4832,502,680,172,178,1595,3.953488372093023,11536.35,0,0,1,0,0,1,0
1117,4965,913,413,556,1999,2.2106537530266346,1968.71,1,0,0,0,0,0,1
2326,164,436,428,72,1318,1.0186915887850467,3304.63,0,0,0,1,1,0,0
4967,2337,441,236,508,1168,1.86864406779661,7816.97,0,1,0,0,0,1,0
4224,1049,139,477,222,209,0.2914046121593291,4698.15,1,0,0,0,1,0,0
2519,272,31,139,228,1250,0.22302158273381295,2772.8,0,0,1,0,0,0,1
1993,2775,901,381,233,1482,2.3648293963254594,3670.34,1,0,0,0,1,0,0
3140,1350,398,67,268,907,5.940298507462686,9158.78,1,0,0,0,0,0,1
2168,3148,144,155,254,284,0.9290322580645162,2868.81,0,1,0,0,0,0,1
1225,4105,541,487,675,1627,1.11088295687885,1659.07,1,0,0,0,0,1,0
3217,737,229,371,6,1510,0.6172506738544474,4121.78,0,1,0,0,0,0,1
4261,1048,342,321,47,1135,1.0654205607476634,5634.47,0,0,1,0,0,1,0
4142,2360,139,131,407,1776,1.0610687022900764,5644.65,0,1,0,0,0,0,1
4533,1794,41,201,580,350,0.20398009950248755,4927.18,0,0,0,1,0,1,0
2270,4947,611,254,254,1357,2.405511811023622,3958.57,0,0,1,0,1,0,0
546,4857,780,486,449,1104,1.6049382716049383,822.81,0,1,0,0,0,0,1
2758,242,434,112,59,1410,3.875,6258.68,0,0,1,0,1,0,0
3462,4681,307,388,393,1428,0.7912371134020618,4466.29,1,0,0,0,0,0,1
2818,1560,513,445,631,1740,1.152808988764045,3989.18,0,0,1,0,0,0,1
3583,3987,854,259,698,1774,3.2972972972972974,7645.86,0,1,0,0,0,0,1
3044,392,770,31,560,1352,24.838709677419356,28022.38,1,0,0,0,0,1,0
4476,1743,990,486,191,1318,2.037037037037037,7296.76,0,0,0,1,0,1,0
695,2818,694,69,265,1518,10.057971014492754,2815.17,0,0,1,0,1,0,0
2086,937,366,247,684,184,1.4817813765182186,3109.83,0,1,0,0,1,0,0
2850,1137,992,403,558,212,2.4615384615384617,5225.29,0,0,1,0,0,0,1
1174,371,464,349,143,1275,1.329512893982808,1658.66,0,0,1,0,1,0,0
4069,2058,410,393,246,1763,1.0432569974554708,5725.01,0,1,0,0,0,0,1
4405,2469,997,345,216,167,2.889855072463768,8681.27,0,0,0,1,0,0,1
4321,905,905,143,437,1567,6.328671328671328,13462.29,0,1,0,0,0,0,1
4687,3274,568,346,688,1872,1.6416184971098267,7245.65,0,0,1,0,0,1,0
3680,982,999,271,476,1687,3.6863468634686347,8060.57,0,0,0,1,1,0,0
3107,931,718,351,384,1186,2.0455840455840457,5418.58,0,0,0,1,0,1,0
1069,3271,929,347,657,1632,2.677233429394813,1979.06,0,0,0,1,0,0,1
680,2291,464,489,547,1297,0.9488752556237219,906.89,0,0,0,1,0,0,1
2924,2140,900,421,415,875,2.137767220902613,4805.73,0,0,1,0,0,1,0
4101,1694,43,51,132,1560,0.8431372549019608,5423.65,0,1,0,0,1,0,0
1311,1726,775,83,398,1443,9.337349397590362,5407.7,0,1,0,0,0,1,0
329,3684,257,306,507,1654,0.8398692810457516,413.04,1,0,0,0,0,1,0
4384,373,955,328,153,407,2.9115853658536586,8717.44,1,0,0,0,1,0,0
3285,689,51,31,560,1416,1.6451612903225807,5321.11,1,0,0,0,0,0,1
601,2800,810,229,168,438,3.537117903930131,1299.93,0,0,0,1,1,0,0
2232,682,132,88,690,1111,1.5,3337.71,0,0,0,1,1,0,0
148,3733,36,244,607,405,0.14754098360655737,169.95,0,1,0,0,0,1,0
3666,2090,471,166,230,275,2.8373493975903616,6830.51,0,0,0,1,0,0,1
3155,1358,580,336,703,1439,1.7261904761904763,4889.61,0,1,0,0,0,0,1
788,2966,156,123,404,562,1.2682926829268293,1184.12,1,0,0,0,0,0,1
486,3838,505,299,144,1351,1.6889632107023411,754.02,0,1,0,0,0,1,0
1069,671,636,105,676,112,6.057142857142857,3258.42,0,0,0,1,0,1,0
3560,644,495,139,531,792,3.5611510791366907,7608.66,0,1,0,0,1,0,0
1105,4322,469,419,68,302,1.1193317422434368,1595.91,0,1,0,0,1,0,0
3152,4928,908,118,98,136,7.694915254237288,11143.41,0,1,0,0,0,1,0
3517,4612,720,84,7,333,8.571428571428571,13149.21,0,0,0,1,1,0,0
2402,737,137,482,177,1027,0.2842323651452282,2743.14,0,0,1,0,0,1,0
2383,140,385,284,206,1186,1.3556338028169015,3411.7,1,0,0,0,1,0,0
1707,4982,674,390,299,1536,1.7282051282051283,2622.05,0,0,1,0,0,0,1
4466,4492,890,29,229,77,30.689655172413794,48852.11,0,0,1,0,0,1,0
222,1720,792,170,631,185,4.658823529411765,577.45,0,0,1,0,1,0,0
1380,3772,860,218,270,1910,3.944954128440367,3230.76,0,0,1,0,0,1,0
3827,4237,965,381,81,570,2.5328083989501313,7349.72,0,0,0,1,0,1,0
358,4228,92,103,672,1504,0.8932038834951457,494.33,0,0,0,1,1,0,0
1047,1399,544,91,188,1187,5.978021978021978,3152.29,0,0,1,0,1,0,0
624,4811,532,361,700,1045,1.4736842105263157,980.69,0,0,1,0,0,1,0
987,259,708,113,501,1601,6.265486725663717,2889.74,0,1,0,0,0,1,0
307,2052,990,246,706,1602,4.024390243902439,727.21,0,1,0,0,1,0,0
3482,1831,637,269,487,953,2.3680297397769516,6404.51,1,0,0,0,0,0,1
2894,2546,683,169,488,1322,4.041420118343195,6501.35,1,0,0,0,0,0,1
248,3262,112,412,478,299,0.27184466019417475,292.62,1,0,0,0,0,0,1
537,1832,764,396,703,1306,1.9292929292929293,848.55,0,1,0,0,0,1,0
2302,680,528,495,289,1987,1.0666666666666667,3170.7,0,0,1,0,0,0,1
3849,319,371,357,106,472,1.0392156862745099,5059.83,0,0,1,0,0,1,0
3261,4574,693,70,641,410,9.9,13623.72,1,0,0,0,1,0,0
4001,1849,265,47,609,1416,5.638297872340425,11212.49,1,0,0,0,0,0,1
4553,1570,256,127,576,687,2.015748031496063,7761.54,0,0,0,1,1,0,0
3345,4428,996,399,640,165,2.4962406015037595,6298.35,1,0,0,0,0,0,1
4651,1494,201,321,223,1992,0.6261682242990654,5949.31,0,1,0,0,0,0,1
2923,1021,635,177,382,1106,3.5875706214689265,6507.25,0,1,0,0,1,0,0
4824,2873,544,386,104,658,1.4093264248704662,6933.5,1,0,0,0,1,0,0
3370,4562,879,346,664,1740,2.540462427745665,6186.3,1,0,0,0,0,1,0
585,4676,323,371,114,164,0.8706199460916442,797.99,0,0,0,1,1,0,0
299,3534,285,385,508,104,0.7402597402597403,389.31,0,0,0,1,0,1,0
4566,3682,932,78,55,1154,11.948717948717949,22358.97,0,0,0,1,0,1,0
2082,1218,382,92,121,596,4.1521739130434785,4781.55,0,1,0,0,1,0,0
1571,1965,453,244,217,120,1.8565573770491803,2525.5,0,0,0,1,0,0,1
4443,4411,657,51,635,259,12.882352941176471,23679.77,0,0,1,0,0,0,1
4983,824,878,108,3,1128,8.12962962962963,18587.27,0,0,1,0,0,0,1
2411,811,204,479,92,364,0.42588726513569936,2763.89,0,0,1,0,1,0,0
3473,1925,267,481,407,1570,0.5550935550935551,4272.03,0,0,0,1,0,0,1
2178,4026,799,467,676,1918,1.7109207708779444,3457.58,0,1,0,0,0,1,0
1621,490,591,139,441,369,4.251798561151079,3852.3,0,1,0,0,1,0,0
704,1170,880,37,631,1902,23.783783783783782,5996.66,0,0,0,1,0,1,0
3948,4587,369,242,432,1710,1.524793388429752,6123.88,1,0,0,0,0,0,1
3442,2865,557,238,61,958,2.3403361344537816,6425.25,1,0,0,0,0,0,1
1517,4580,117,126,473,1350,0.9285714285714286,2109.37,0,0,0,1,0,0,1
4697,2528,33,410,247,1768,0.08048780487804878,5231.39,0,1,0,0,0,1,0
3975,4594,661,335,372,1209,1.973134328358209,6773.06,0,0,1,0,0,0,1
3033,2247,474,116,289,394,4.086206896551724,6762.91,1,0,0,0,0,1,0
648,3672,31,388,590,1368,0.07989690721649484,692.76,0,0,1,0,1,0,0
938,4578,511,334,24,530,1.529940119760479,1438.47,0,1,0,0,1,0,0
3915,2854,860,304,406,1441,2.8289473684210527,7847.36,1,0,0,0,1,0,0
947,3363,850,400,308,1255,2.125,1693.82,0,0,0,1,0,0,1
4809,3925,725,169,613,135,4.289940828402367,11494.71,0,0,1,0,0,1,0
4607,3516,901,13,372,45,69.3076923076923,103413.69,0,0,1,0,0,0,1
4873,2157,745,158,635,624,4.715189873417722,12163.07,0,0,1,0,1,0,0
4354,2411,510,243,215,1516,2.0987654320987654,7505.99,0,0,0,1,1,0,0
4568,2979,744,263,262,925,2.828897338403042,8676.93,0,0,0,1,0,0,1
2372,3742,602,425,346,595,1.4164705882352941,3687.79,0,0,1,0,0,0,1
3420,2709,416,257,413,1446,1.6186770428015564,5293.47,0,0,0,1,0,0,1
2658,1530,339,347,123,1575,0.9769452449567724,3777.3,1,0,0,0,0,1,0
4798,2013,712,362,320,766,1.9668508287292819,7712.64,0,1,0,0,0,0,1
4411,857,295,407,337,1945,0.7248157248157249,5471.04,1,0,0,0,1,0,0
2096,2234,156,79,158,1169,1.9746835443037976,3508.43,0,0,0,1,1,0,0
3773,2012,803,212,327,1341,3.7877358490566038,8760.22,0,1,0,0,0,1,0
1664,1839,995,311,661,1587,3.1993569131832795,3376.55,0,0,1,0,0,0,1
4118,3317,393,157,65,293,2.5031847133757963,7814.29,0,0,1,0,0,1,0
1940,4856,20,230,369,1603,0.08695652173913043,2075.3,0,1,0,0,0,0,1
3391,1234,285,195,4,536,1.4615384615384615,5293.9,1,0,0,0,1,0,0
2987,3812,895,364,686,634,2.458791208791209,5334.32,0,0,1,0,0,0,1
826,864,577,345,648,466,1.672463768115942,1298.97,0,0,1,0,0,0,1
1344,2825,694,57,60,49,12.175438596491228,6427.43,0,0,1,0,1,0,0
3560,3468,973,272,45,661,3.577205882352941,7539.3,0,0,0,1,1,0,0
3818,3597,312,305,584,459,1.022950819672131,5199.83,1,0,0,0,1,0,0
1165,1772,213,324,607,697,0.6574074074074074,1441.45,0,0,0,1,0,0,1
4871,3505,354,301,543,762,1.176079734219269,7108.3,0,1,0,0,0,1,0
382,682,769,181,156,425,4.248618784530387,933.85,0,1,0,0,0,0,1
1181,4866,835,373,64,1681,2.2386058981233243,2044.92,0,0,0,1,0,1,0
3985,4733,275,40,421,755,6.875,13415.04,0,0,1,0,0,0,1
2981,1921,31,179,323,877,0.17318435754189945,3441.26,0,0,0,1,0,0,1
2684,1285,848,53,109,1894,16.0,16996.01,1,0,0,0,0,0,1
3070,4625,545,436,463,661,1.25,4468.83,0,0,1,0,0,0,1
1252,1737,715,52,580,68,13.75,6681.06,0,1,0,0,0,1,0
3597,2280,105,440,547,509,0.23863636363636365,3975.17,1,0,0,0,0,0,1
1047,288,990,143,251,736,6.923076923076923,3226.38,0,1,0,0,1,0,0
4860,1846,454,358,510,210,1.2681564245810055,7132.85,1,0,0,0,1,0,0
1817,3926,272,228,548,704,1.1929824561403508,2603.78,1,0,0,0,0,0,1
166,2720,593,459,441,1324,1.2919389978213507,244.85,1,0,0,0,0,1,0
736,4045,764,95,454,124,8.042105263157895,2656.36,0,1,0,0,1,0,0
413,2426,392,260,644,796,1.5076923076923077,608.06,0,0,0,1,1,0,0
3497,1284,559,274,679,292,2.04014598540146,6029.32,0,0,0,1,1,0,0
664,2893,926,20,274,421,46.3,10243.32,0,0,1,0,0,0,1
1701,3046,401,89,60,1919,4.50561797752809,4206.75,0,1,0,0,1,0,0
925,2600,898,118,342,812,7.610169491525424,3147.86,0,0,1,0,0,1,0
3770,269,610,470,394,50,1.297872340425532,5249.42,0,0,1,0,0,1,0
1125,2845,549,127,113,1905,4.322834645669292,2810.45,1,0,0,0,0,1,0
2351,1180,101,261,221,183,0.38697318007662834,2662.96,1,0,0,0,1,0,0
4857,1363,575,27,68,247,21.296296296296298,37977.13,0,0,0,1,1,0,0
904,4964,168,265,315,1112,0.6339622641509434,1170.95,0,0,0,1,0,1,0
2551,4553,893,254,467,650,3.515748031496063,5357.61,0,0,1,0,1,0,0
4731,2348,237,162,263,550,1.462962962962963,7087.86,0,0,1,0,0,1,0
1491,4008,482,106,131,561,4.547169811320755,3658.1,0,0,1,0,0,0,1
1335,1425,381,467,424,72,0.815845824411135,1676.57,0,0,0,1,0,0,1
4132,3277,385,195,267,770,1.9743589743589745,6858.06,0,0,1,0,0,0,1
3380,3973,562,39,212,556,14.41025641025641,18854.68,0,0,0,1,1,0,0
4823,2248,46,124,563,1315,0.3709677419354839,5374.01,0,1,0,0,0,0,1
4944,1788,646,250,288,504,2.584,9205.01,0,1,0,0,0,0,1
3649,3085,943,266,425,628,3.545112781954887,7600.49,0,0,1,0,0,1,0
4300,2176,700,456,554,661,1.5350877192982457,6840.75,0,0,0,1,0,1,0
4241,1629,853,362,707,1337,2.356353591160221,7709.64,0,1,0,0,0,1,0
1454,1561,46,122,244,1883,0.3770491803278688,1627.6,0,0,0,1,0,0,1
1936,1502,110,344,712,1815,0.31976744186046513,2297.2,0,0,0,1,0,1,0
2992,172,552,38,633,1312,14.526315789473685,16610.49,0,1,0,0,0,0,1
2596,4449,199,331,334,1754,0.6012084592145015,3133.36,0,0,1,0,1,0,0
2683,4134,521,468,328,508,1.1132478632478633,3669.93,0,0,1,0,0,0,1
2658,4711,667,446,715,1095,1.4955156950672646,4080.68,0,1,0,0,0,1,0
3718,2896,99,235,106,161,0.42127659574468085,4222.05,1,0,0,0,0,1,0
1659,4616,15,253,79,1809,0.05928853754940711,1698.43,0,0,0,1,0,1,0
1607,2593,914,370,165,127,2.4702702702702704,2973.49,1,0,0,0,0,1,0
4171,4331,148,28,631,1480,5.285714285714286,11844.01,0,0,1,0,1,0,0
2163,3676,104,331,57,1706,0.31419939577039274,2481.31,0,0,0,1,1,0,0
3742,132,640,121,188,1553,5.289256198347108,10079.77,0,1,0,0,0,0,1
2100,2794,887,221,52,1328,4.013574660633484,5066.97,0,0,1,0,0,1,0
1394,4473,641,242,72,490,2.6487603305785123,2562.0,0,0,1,0,1,0,0
4165,4945,395,445,324,239,0.8876404494382022,5400.97,0,0,1,0,1,0,0
2852,3698,132,168,612,176,0.7857142857142857,3843.24,0,1,0,0,1,0,0
1853,2492,294,69,338,210,4.260869565217392,4494.73,0,1,0,0,0,1,0
4310,4212,375,382,155,1593,0.981675392670157,5609.31,1,0,0,0,1,0,0
1703,2971,898,333,59,359,2.6966966966966965,3288.38,0,1,0,0,0,1,0
1422,2777,700,102,275,1213,6.862745098039215,4706.33,1,0,0,0,1,0,0
2541,1501,499,257,201,1533,1.9416342412451362,4131.27,0,0,0,1,1,0,0
1198,917,334,167,295,1580,2.0,1990.19,0,0,0,1,0,1,0
1605,1760,416,150,322,1943,2.7733333333333334,2998.48,0,0,0,1,0,1,0
1226,4662,528,408,329,1996,1.2941176470588236,1809.77,0,0,1,0,0,1,0
396,4823,905,413,390,634,2.1912832929782082,699.92,0,0,1,0,1,0,0
3149,2538,833,427,284,1845,1.9508196721311475,5026.15,0,0,1,0,0,0,1
2325,3083,648,229,176,1057,2.8296943231441047,4590.04,0,1,0,0,0,0,1
4454,1310,86,413,610,501,0.20823244552058112,5043.84,0,1,0,0,0,1,0
3887,699,243,315,349,312,0.7714285714285715,4803.38,1,0,0,0,0,1,0
2196,1946,839,98,432,1564,8.561224489795919,8271.33,0,0,1,0,0,0,1
3709,1955,595,164,694,1175,3.6280487804878048,8221.48,0,1,0,0,0,0,1
2308,1987,493,423,382,1599,1.16548463356974,3248.97,0,0,0,1,0,1,0
275,779,473,449,272,1543,1.0534521158129175,394.53,0,0,0,1,0,1,0
2602,3352,280,242,492,111,1.1570247933884297,3620.27,0,1,0,0,0,1,0
4099,1935,830,477,547,1666,1.740041928721174,6280.64,0,0,0,1,0,0,1
1767,4130,948,202,331,1985,4.693069306930693,4540.66,0,0,0,1,0,0,1
4471,2277,476,108,599,1156,4.407407407407407,11011.03,1,0,0,0,0,0,1
2645,248,478,448,158,520,1.0669642857142858,3836.98,0,0,0,1,0,1,0
775,1595,641,122,432,1918,5.254098360655738,2042.76,0,0,1,0,1,0,0
1923,1844,556,116,325,1329,4.793103448275862,4873.55,0,1,0,0,0,0,1
1456,1746,728,33,116,1053,22.060606060606062,11603.62,0,1,0,0,1,0,0
3172,3095,279,290,520,850,0.9620689655172414,4439.65,0,0,1,0,1,0,0
3359,1772,614,497,619,1847,1.2354124748490947,4794.79,0,0,0,1,0,0,1
646,2039,974,446,619,933,2.1838565022421523,1151.79,1,0,0,0,0,0,1
2183,757,387,213,626,1375,1.8169014084507042,3425.82,1,0,0,0,0,0,1
2140,3767,186,20,435,1542,9.3,8442.96,0,0,1,0,0,1,0
4634,1153,283,359,522,1516,0.7883008356545961,5818.7,0,0,0,1,1,0,0
1852,4171,700,325,572,408,2.1538461538461537,3338.2,0,0,1,0,1,0,0
1715,676,650,214,266,1532,3.0373831775700935,3336.0,1,0,0,0,1,0,0
1949,3195,646,440,398,624,1.4681818181818183,2925.1,0,0,0,1,1,0,0
2742,3131,36,418,102,1129,0.0861244019138756,2835.98,0,0,1,0,0,1,0
1700,4918,585,34,63,719,17.205882352941178,11440.15,0,0,1,0,0,0,1
3496,4879,69,410,687,552,0.16829268292682928,3901.6,0,0,0,1,0,0,1
4502,4937,740,149,709,780,4.966442953020135,12288.56,1,0,0,0,0,1,0
3705,3072,226,132,511,320,1.7121212121212122,5631.73,0,0,0,1,0,0,1
3899,4048,690,445,222,1070,1.550561797752809,5812.65,1,0,0,0,1,0,0
718,2145,670,20,436,1265,33.5,8235.43,0,1,0,0,0,1,0
1232,4036,279,275,190,1294,1.0145454545454546,1706.83,1,0,0,0,0,1,0
2215,3048,125,90,640,667,1.3888888888888888,3241.32,1,0,0,0,1,0,0
2439,1727,254,453,334,628,0.5607064017660044,3052.1,0,1,0,0,0,1,0
2839,1588,669,319,558,1061,2.09717868338558,4701.54,0,0,1,0,1,0,0
4376,4245,613,118,581,1229,5.194915254237288,11868.35,0,0,1,0,0,1,0
1587,4298,94,217,301,1785,0.43317972350230416,1864.6,1,0,0,0,0,0,1
1657,4563,608,328,351,1510,1.853658536585366,2709.5,0,1,0,0,1,0,0
2213,1035,916,253,570,1134,3.6205533596837944,4879.67,0,1,0,0,0,0,1
1144,3663,641,285,115,1510,2.2491228070175437,1927.37,0,0,0,1,0,1,0
2531,3729,459,270,522,1342,1.7,4174.95,1,0,0,0,0,1,0
1682,1814,861,306,367,1859,2.8137254901960786,3345.64,0,1,0,0,0,1,0
1408,1902,545,383,269,1616,1.422976501305483,2097.96,0,0,1,0,0,1,0
701,1520,896,72,86,76,12.444444444444445,3499.72,0,1,0,0,0,1,0
1720,3691,98,193,378,1806,0.5077720207253886,1988.46,0,1,0,0,0,0,1
4980,3620,558,41,147,610,13.609756097560975,26573.43,0,1,0,0,1,0,0
4866,3411,863,292,118,1522,2.9554794520547945,9571.78,0,1,0,0,0,1,0
200,2405,904,333,135,479,2.714714714714715,376.47,0,0,1,0,0,1,0
4371,2095,516,370,527,1959,1.3945945945945946,6705.23,0,1,0,0,0,1,0
337,2067,417,441,206,1413,0.9455782312925171,440.47,1,0,0,0,0,0,1
4125,3814,280,16,233,588,17.5,26235.8,0,1,0,0,0,1,0
3018,4135,533,183,66,1818,2.912568306010929,5950.05,0,0,1,0,0,1,0
2642,4585,503,471,4,593,1.0679405520169851,3728.16,1,0,0,0,0,1,0
2103,4968,616,368,3,364,1.673913043478261,3166.16,0,1,0,0,1,0,0
1637,3558,457,481,259,309,0.9501039501039501,2218.42,0,0,1,0,1,0,0
854,493,552,377,715,1087,1.4641909814323608,1265.84,1,0,0,0,0,1,0
3468,4878,958,155,325,267,6.180645161290323,10647.53,0,1,0,0,1,0,0
2358,3830,359,261,240,33,1.3754789272030652,3487.2,0,1,0,0,0,1,0
3765,4465,754,175,605,1833,4.308571428571429,9351.47,0,1,0,0,0,1,0
4335,4344,861,112,535,40,7.6875,14901.56,1,0,0,0,1,0,0
640,127,337,497,318,686,0.6780684104627767,833.89,0,0,0,1,1,0,0
369,3591,821,202,599,260,4.064356435643564,877.6,0,1,0,0,0,1,0
3560,4361,295,26,51,736,11.346153846153847,16976.21,0,0,1,0,1,0,0
3508,1273,44,99,470,1759,0.4444444444444444,4298.73,0,0,0,1,1,0,0
605,438,542,380,43,267,1.4263157894736842,905.89,0,1,0,0,1,0,0
1229,1168,632,95,204,667,6.652631578947369,3817.35,0,0,1,0,0,0,1
2179,941,497,112,347,1800,4.4375,5468.47,0,1,0,0,0,0,1
3245,4384,840,91,58,1685,9.23076923076923,12673.34,0,0,1,0,0,0,1
3342,4846,869,135,59,1249,6.437037037037037,9883.34,0,1,0,0,0,0,1
461,393,496,47,680,1407,10.553191489361701,2085.45,0,0,1,0,0,0,1
3820,1957,154,357,686,1522,0.43137254901960786,4485.72,0,0,1,0,0,1,0
1556,1422,533,222,511,639,2.400900900900901,2712.24,0,0,0,1,1,0,0
4167,1747,765,328,318,1029,2.332317073170732,7540.51,0,0,0,1,0,0,1
4295,4998,155,495,433,1021,0.31313131313131315,5116.53,1,0,0,0,1,0,0
1781,3720,760,234,372,446,3.247863247863248,3819.08,0,0,1,0,0,1,0
1152,4626,512,231,207,288,2.2164502164502164,2024.35,0,0,1,0,1,0,0
2609,3194,613,435,111,1881,1.4091954022988507,3744.67,0,0,0,1,1,0,0
4827,3591,837,256,23,1082,3.26953125,10227.67,1,0,0,0,0,1,0
781,3595,844,145,428,1096,5.820689655172414,2275.37,0,0,1,0,0,1,0
4032,4682,636,295,684,1691,2.1559322033898307,6779.35,0,1,0,0,1,0,0
2229,3901,536,240,11,794,2.2333333333333334,4057.65,0,1,0,0,1,0,0
4949,188,281,329,572,1704,0.8541033434650456,6270.97,1,0,0,0,0,1,0
4116,4466,543,18,515,1565,30.166666666666668,42908.9,0,0,1,0,0,0,1
3402,2056,639,234,144,1993,2.730769230769231,6247.53,0,0,1,0,0,0,1
819,999,890,322,521,1106,2.7639751552795033,1634.73,0,0,0,1,0,0,1
174,3577,104,116,294,775,0.896551724137931,221.58,0,0,0,1,0,0,1
1393,1844,456,196,325,1642,2.326530612244898,2465.96,0,0,1,0,1,0,0
2022,4473,424,230,193,277,1.8434782608695652,3410.87,0,1,0,0,0,0,1
4257,2353,266,104,291,963,2.5576923076923075,7712.55,0,0,0,1,0,0,1
419,3761,852,204,639,1888,4.176470588235294,953.9,0,1,0,0,0,1,0
2249,3060,271,251,419,1546,1.0796812749003983,3015.28,0,1,0,0,0,1,0
1552,1733,96,239,460,1598,0.401673640167364,1809.44,0,1,0,0,0,1,0
1655,961,914,340,48,736,2.6882352941176473,3117.84,0,1,0,0,0,1,0
4307,4801,445,14,107,1160,31.785714285714285,48635.76,1,0,0,0,1,0,0
3132,1113,985,360,264,736,2.736111111111111,5838.54,1,0,0,0,1,0,0
560,3399,839,477,253,114,1.7589098532494758,915.54,0,0,0,1,1,0,0
986,1606,579,13,539,772,44.53846153846154,15575.07,0,0,1,0,0,0,1
3633,3305,751,273,521,157,2.750915750915751,7204.33,1,0,0,0,0,0,1
4036,4903,117,435,158,1420,0.2689655172413793,4638.88,0,0,1,0,1,0,0
1215,1077,28,262,526,1013,0.10687022900763359,1371.81,0,0,0,1,0,0,1
1175,3561,374,172,29,1253,2.1744186046511627,2133.9,0,1,0,0,0,0,1
3976,1917,662,150,538,1636,4.413333333333333,9767.17,0,0,1,0,0,0,1
4715,3784,388,398,143,255,0.9748743718592965,6260.71,1,0,0,0,0,0,1
2024,4158,169,305,627,1203,0.5540983606557377,2576.43,0,0,1,0,0,0,1
1026,2734,109,28,218,1811,3.892857142857143,2411.99,1,0,0,0,0,1,0
4752,4915,274,91,593,1253,3.010989010989011,9120.99,0,0,1,0,1,0,0
2381,3766,759,490,713,1391,1.5489795918367346,3813.99,1,0,0,0,1,0,0
1155,1048,759,390,67,1055,1.9461538461538461,1896.34,0,1,0,0,0,0,1
4774,573,58,13,144,108,4.461538461538462,11523.39,0,0,1,0,0,0,1
641,667,686,137,141,282,5.007299270072993,1658.96,0,0,0,1,0,1,0
2261,3532,808,196,346,621,4.122448979591836,5219.1,0,0,1,0,1,0,0
2351,4123,424,155,465,390,2.735483870967742,4501.21,1,0,0,0,0,1,0
1152,2358,68,161,96,1565,0.422360248447205,1373.22,0,0,1,0,0,1,0
4669,3244,192,372,408,529,0.5161290322580645,5621.44,0,0,0,1,1,0,0
2844,4410,668,102,118,1428,6.549019607843137,8779.49,0,1,0,0,0,1,0
3969,2082,456,40,697,1194,11.4,18836.45,0,0,1,0,0,1,0
4581,1196,907,323,444,878,2.808049535603715,8442.66,0,1,0,0,1,0,0
4257,3670,310,37,380,1199,8.378378378378379,16373.29,0,1,0,0,1,0,0
4710,3490,617,146,713,1098,4.226027397260274,11444.49,0,1,0,0,1,0,0
4625,2772,564,438,278,454,1.2876712328767124,6865.11,1,0,0,0,0,1,0
4775,3746,363,99,361,509,3.6666666666666665,10450.62,0,0,1,0,0,0,1
1660,2519,778,58,370,1264,13.413793103448276,9145.54,0,0,1,0,0,0,1
3862,4379,222,376,622,96,0.5904255319148937,4546.21,0,0,0,1,0,0,1
1264,3448,198,267,212,1538,0.7415730337078652,1557.02,0,1,0,0,0,1,0
2822,773,652,15,259,202,43.46666666666667,42806.65,1,0,0,0,0,1,0
2458,2902,356,38,676,1061,9.368421052631579,10058.16,1,0,0,0,0,0,1
570,2469,821,419,97,91,1.9594272076372314,929.62,0,0,0,1,1,0,0
1516,4630,912,165,210,233,5.527272727272727,4269.48,0,0,1,0,1,0,0
1568,1166,810,272,548,659,2.9779411764705883,3126.78,0,0,1,0,0,1,0
908,787,146,43,612,1011,3.395348837209302,1929.51,1,0,0,0,0,0,1
271,168,39,449,21,809,0.08685968819599109,294.62,1,0,0,0,0,1,0
4226,2203,155,246,433,912,0.6300813008130082,5524.15,0,0,0,1,0,1,0
4242,519,833,147,616,253,5.666666666666667,12584.25,1,0,0,0,0,0,1
4325,4098,995,377,371,1395,2.6392572944297084,8510.18,1,0,0,0,0,1,0
2499,2697,477,498,393,724,0.9578313253012049,3393.6,0,0,0,1,1,0,0
1745,4438,626,497,624,1468,1.2595573440643864,2480.86,0,1,0,0,1,0,0
157,2224,512,66,219,441,7.757575757575758,551.64,1,0,0,0,0,0,1
1229,3992,808,184,504,996,4.391304347826087,3025.42,0,0,1,0,0,1,0
1453,539,977,223,632,64,4.381165919282512,3467.48,0,1,0,0,1,0,0
867,1386,200,36,96,5,5.555555555555555,2458.3,1,0,0,0,0,0,1
3995,1308,480,304,432,1682,1.5789473684210527,6253.56,0,1,0,0,0,0,1
782,1178,699,415,188,72,1.6843373493975904,1283.5,1,0,0,0,0,0,1
3554,2663,354,128,501,1421,2.765625,6657.22,0,0,1,0,0,1,0
2108,3723,760,156,375,617,4.871794871794871,5550.91,1,0,0,0,0,0,1
3242,1353,10,365,434,330,0.0273972602739726,3415.98,0,0,1,0,0,1,0
1890,3457,119,274,423,1572,0.4343065693430657,2164.01,1,0,0,0,0,0,1
1577,3309,859,412,144,1171,2.0849514563106797,2644.44,1,0,0,0,0,1,0
985,3649,796,267,540,1439,2.9812734082397006,1876.65,0,1,0,0,1,0,0
4006,714,892,357,499,1792,2.4985994397759104,7232.63,0,0,0,1,0,1,0
4592,3178,903,198,6,1764,4.5606060606060606,10949.74,0,0,1,0,1,0,0
1638,2823,755,324,317,349,2.330246913580247,3040.64,0,1,0,0,1,0,0
2173,3590,73,240,230,365,0.30416666666666664,2395.41,0,0,0,1,0,0,1
412,3643,765,479,122,791,1.5970772442588725,659.21,0,1,0,0,1,0,0
910,4615,62,207,495,416,0.2995169082125604,1081.63,0,0,1,0,0,1,0
2335,2000,271,248,706,625,1.092741935483871,3245.47,0,0,0,1,1,0,0
2957,4471,538,336,617,507,1.6011904761904763,4401.02,0,0,0,1,0,1,0
2863,1812,311,79,711,523,3.9367088607594938,6616.26,0,0,0,1,0,1,0
2132,2429,977,426,475,706,2.2934272300469485,3683.37,0,0,1,0,0,1,0
1607,3719,895,261,574,1760,3.42911877394636,3317.77,0,0,1,0,0,0,1
4645,1294,243,471,508,250,0.5159235668789809,5667.95,0,1,0,0,0,1,0
2670,1478,82,202,592,901,0.40594059405940597,3101.9,1,0,0,0,0,0,1
1994,1412,366,34,175,249,10.764705882352942,9049.41,1,0,0,0,1,0,0
2805,3015,960,79,521,1375,12.151898734177216,13801.27,1,0,0,0,1,0,0
696,849,612,165,692,1293,3.709090909090909,1592.41,1,0,0,0,0,0,1
2247,400,493,155,271,854,3.1806451612903226,4416.71,0,1,0,0,1,0,0
715,4795,15,328,674,448,0.04573170731707317,741.84,0,0,1,0,1,0,0
1047,4082,719,228,718,1827,3.1535087719298245,2153.04,0,1,0,0,1,0,0
4751,4724,886,58,572,83,15.275862068965518,28858.91,0,0,0,1,1,0,0
4473,3937,717,388,186,1565,1.847938144329897,7518.31,0,0,1,0,0,1,0
3864,377,991,389,587,1431,2.5475578406169666,7280.37,0,0,1,0,1,0,0
2113,4858,817,203,94,339,4.024630541871921,4931.97,1,0,0,0,0,1,0
3797,2658,868,49,579,1104,17.714285714285715,25489.29,0,1,0,0,1,0,0
590,4017,843,94,514,95,8.96808510638298,2223.86,1,0,0,0,0,0,1
4450,2261,146,352,178,912,0.4147727272727273,5301.54,0,0,1,0,0,0,1
2528,4775,788,459,654,1946,1.7167755991285403,4019.11,1,0,0,0,0,1,0
641,1489,413,345,556,259,1.1971014492753622,904.69,0,0,0,1,0,0,1
1387,790,637,13,686,122,49.0,23709.01,0,0,1,0,0,1,0
1733,4832,564,299,295,1148,1.8862876254180603,2938.76,0,0,0,1,1,0,0
3026,3568,752,256,231,535,2.9375,5736.35,0,0,1,0,0,0,1
1452,1948,579,14,236,953,41.357142857142854,21386.11,1,0,0,0,0,1,0
4476,3916,215,235,93,905,0.9148936170212766,5835.71,0,0,1,0,0,1,0
1398,1039,419,159,487,947,2.6352201257861636,2557.12,0,0,1,0,1,0,0
4968,3282,815,247,44,1752,3.299595141700405,10818.75,0,1,0,0,1,0,0
4067,3409,615,157,539,1313,3.917197452229299,9239.86,0,1,0,0,0,0,1
4523,2150,45,112,475,1486,0.4017857142857143,5476.36,0,0,0,1,0,1,0
2358,1846,239,184,39,92,1.298913043478261,3371.29,0,1,0,0,1,0,0
4747,2551,236,470,385,1048,0.502127659574468,5939.01,0,0,1,0,0,0,1
2173,124,704,245,435,1131,2.873469387755102,4382.98,0,1,0,0,0,1,0
801,2656,271,43,289,1842,6.3023255813953485,2435.73,1,0,0,0,1,0,0
2019,160,140,181,248,52,0.7734806629834254,2662.88,0,1,0,0,0,0,1
2560,222,586,15,562,711,39.06666666666667,35702.38,0,0,0,1,0,0,1
4362,2202,901,449,359,294,2.0066815144766146,7303.83,0,0,1,0,1,0,0
4364,1286,457,294,438,300,1.554421768707483,6715.29,1,0,0,0,1,0,0
4424,1830,195,234,209,345,0.8333333333333334,5929.71,1,0,0,0,0,1,0
466,4741,638,62,124,1406,10.290322580645162,1978.19,0,0,0,1,0,1,0
627,4189,195,266,403,1592,0.7330827067669173,838.42,0,1,0,0,1,0,0
4986,2572,283,68,284,194,4.161764705882353,11256.5,0,0,1,0,0,0,1
3818,3065,672,441,663,1581,1.5238095238095237,5787.79,0,0,0,1,1,0,0
3709,2377,361,255,576,436,1.415686274509804,5661.45,1,0,0,0,0,1,0
4035,4187,422,16,241,385,26.375,37506.07,1,0,0,0,0,1,0
4719,3064,160,223,167,855,0.7174887892376681,5883.42,1,0,0,0,1,0,0
2253,1410,393,425,561,751,0.9247058823529412,2997.0,0,0,0,1,0,1,0
2008,254,45,87,699,1396,0.5172413793103449,2524.06,1,0,0,0,0,0,1
3112,2312,335,198,148,1768,1.6919191919191918,4948.21,0,0,1,0,0,1,0
4328,3353,474,450,701,320,1.0533333333333332,5886.51,1,0,0,0,0,0,1
3122,1362,475,316,623,239,1.5031645569620253,4834.05,0,0,0,1,0,1,0
3583,1462,104,225,265,392,0.4622222222222222,4329.47,0,0,0,1,0,0,1
2820,1037,143,412,501,1963,0.3470873786407767,3288.14,1,0,0,0,1,0,0
1870,611,171,292,279,648,0.5856164383561644,2284.53,0,0,0,1,0,0,1
4213,286,565,328,159,1309,1.7225609756097562,6436.28,0,1,0,0,1,0,0
1877,1945,309,453,60,13,0.6821192052980133,2401.46,0,0,0,1,0,1,0
4312,1802,804,70,499,1409,11.485714285714286,19974.65,0,1,0,0,0,0,1
897,490,365,70,317,541,5.214285714285714,2398.79,0,0,0,1,0,0,1
3315,754,249,224,587,690,1.1116071428571428,4523.97,0,0,0,1,0,1,0
3888,4371,573,391,488,1317,1.4654731457800512,5736.94,0,0,0,1,0,1,0
3076,2921,947,54,465,257,17.537037037037038,20775.76,1,0,0,0,0,0,1
3837,863,802,414,228,108,1.9371980676328502,6357.73,0,0,0,1,1,0,0
1811,3500,595,181,666,1605,3.287292817679558,3636.3,0,0,1,0,0,1,0
852,4906,816,230,356,1909,3.5478260869565217,1766.89,1,0,0,0,0,0,1
2569,3367,759,394,466,1712,1.9263959390862944,4144.77,0,1,0,0,0,1,0
4069,1185,176,104,227,183,1.6923076923076923,6433.84,0,0,1,0,0,1,0
1492,2029,149,356,169,1778,0.41853932584269665,1783.0,0,0,1,0,1,0,0
2705,4476,148,53,284,1730,2.792452830188679,5042.5,0,0,1,0,1,0,0
777,2063,890,237,262,367,3.7552742616033754,1724.04,0,0,1,0,1,0,0
205,1885,244,71,364,1020,3.436619718309859,419.37,0,0,0,1,0,0,1
3387,2374,12,326,521,831,0.03680981595092025,3437.32,0,0,0,1,0,1,0
4853,2786,265,228,98,1558,1.162280701754386,7110.24,0,0,1,0,1,0,0
2046,3068,380,344,12,862,1.1046511627906976,2903.37,1,0,0,0,0,0,1
1195,4672,287,98,583,1547,2.9285714285714284,2420.24,0,0,1,0,1,0,0
1882,815,525,121,417,1309,4.338842975206612,4410.49,0,1,0,0,1,0,0
4641,342,913,216,501,874,4.226851851851852,10865.15,0,0,1,0,0,1,0
3357,4015,791,497,135,1283,1.591549295774648,5179.96,0,0,0,1,0,0,1
2097,1623,221,476,259,173,0.4642857142857143,2546.29,0,1,0,0,0,1,0
4969,937,225,376,517,1741,0.598404255319149,6174.52,1,0,0,0,1,0,0
1661,3423,279,315,294,760,0.8857142857142857,2218.29,0,0,1,0,0,1,0
4106,3053,485,212,611,771,2.2877358490566038,7032.7,0,1,0,0,0,0,1
1775,1445,537,306,440,1354,1.7549019607843137,2838.13,0,0,1,0,1,0,0
1222,2523,937,42,151,452,22.30952380952381,10175.1,1,0,0,0,1,0,0
4081,2128,73,498,481,1806,0.1465863453815261,4477.52,1,0,0,0,1,0,0
1401,1532,760,224,258,471,3.392857142857143,2883.49,0,1,0,0,1,0,0
1043,339,469,21,149,1105,22.333333333333332,8363.1,1,0,0,0,0,0,1
4650,238,25,11,142,321,2.272727272727273,8410.75,0,1,0,0,0,1,0
1045,3293,573,372,251,441,1.5403225806451613,1548.52,1,0,0,0,0,0,1
700,519,28,158,644,399,0.17721518987341772,780.01,0,0,0,1,1,0,0
2800,403,334,151,47,188,2.2119205298013247,5107.66,0,1,0,0,0,0,1
4920,2262,917,299,372,1462,3.0668896321070234,9805.99,0,0,1,0,1,0,0
1517,2126,102,216,94,885,0.4722222222222222,1739.47,0,1,0,0,1,0,0
1624,4202,782,350,356,1922,2.2342857142857144,2884.28,1,0,0,0,0,1,0
3866,2326,819,201,532,850,4.074626865671642,8632.22,1,0,0,0,1,0,0
350,1268,26,416,692,1472,0.0625,363.39,1,0,0,0,0,0,1
1644,515,632,350,272,743,1.8057142857142856,2546.84,0,0,1,0,0,0,1
178,2813,849,315,429,1494,2.6952380952380954,327.42,0,0,1,0,0,1,0
3223,249,881,407,648,1564,2.1646191646191646,5770.45,1,0,0,0,0,1,0
997,2544,497,478,702,862,1.0397489539748954,1404.11,0,0,0,1,1,0,0
4976,938,103,261,64,1485,0.3946360153256705,5755.36,0,1,0,0,1,0,0
325,1796,19,213,164,1859,0.0892018779342723,363.63,1,0,0,0,1,0,0
1309,4439,733,371,389,515,1.9757412398921832,2223.56,0,0,0,1,1,0,0
4998,2010,758,55,469,1261,13.781818181818181,26811.49,0,0,1,0,0,0,1
4937,1521,775,383,550,181,2.023498694516971,7988.22,1,0,0,0,1,0,0
2278,3101,537,270,531,410,1.988888888888889,3902.99,0,1,0,0,0,1,0
2779,1420,498,75,586,516,6.64,8627.01,0,1,0,0,0,0,1
2985,4135,153,159,653,912,0.9622641509433962,3963.2,0,0,1,0,0,0,1
2906,1623,563,79,17,860,7.1265822784810124,9381.83,1,0,0,0,1,0,0
803,3978,524,373,607,1096,1.4048257372654156,1142.3,1,0,0,0,1,0,0
2644,652,928,11,301,182,84.36363636363636,74727.17,1,0,0,0,0,0,1
2470,3856,479,38,88,104,12.605263157894736,11982.12,0,0,0,1,0,1,0
3381,3771,386,265,563,1296,1.4566037735849056,5111.39,0,0,0,1,1,0,0
4810,581,677,70,245,287,9.67142857142857,18796.05,1,0,0,0,0,0,1
428,699,503,109,467,87,4.614678899082569,1084.6,0,1,0,0,0,0,1
4328,1264,694,393,442,386,1.7659033078880406,6865.48,0,0,0,1,1,0,0
220,4778,493,464,113,1097,1.0625,308.42,0,1,0,0,0,1,0
1064,4332,461,153,442,603,3.0130718954248366,2043.98,0,0,0,1,0,0,1
4324,1103,545,201,8,1709,2.711442786069652,8050.12,0,0,1,0,0,0,1
3775,2082,796,362,549,1334,2.1988950276243093,6334.36,0,0,1,0,0,0,1
2176,1734,84,362,559,699,0.23204419889502761,2477.85,0,0,1,0,1,0,0
432,3097,49,279,100,443,0.17562724014336917,459.7,0,1,0,0,0,0,1
3468,786,311,308,345,1942,1.0097402597402598,4797.37,0,1,0,0,0,0,1
1416,3514,561,469,685,1260,1.1961620469083156,1950.05,1,0,0,0,1,0,0
1296,1859,71,436,481,1698,0.1628440366972477,1487.55,1,0,0,0,0,1,0
3270,2580,759,335,703,585,2.265671641791045,5721.33,0,0,1,0,0,0,1
1529,1437,512,320,342,1761,1.6,2291.57,0,0,1,0,1,0,0
455,214,254,213,234,1920,1.192488262910798,620.36,0,0,0,1,0,1,0
4334,4057,27,254,235,1254,0.1062992125984252,4619.53,0,0,1,0,1,0,0
1626,668,661,40,126,254,16.525,10550.37,0,0,1,0,0,1,0
3997,1653,407,341,690,952,1.1935483870967742,5506.25,0,0,1,0,1,0,0
128,2789,603,467,477,1698,1.291220556745182,191.63,0,1,0,0,0,1,0
1113,4690,198,433,685,355,0.45727482678983833,1318.51,0,1,0,0,0,1,0
2802,3440,629,420,372,1786,1.4976190476190476,4386.96,0,0,1,0,1,0,0
927,3088,755,61,120,1519,12.37704918032787,4751.04,0,0,0,1,0,0,1
4546,3251,789,393,542,410,2.0076335877862594,8010.82,0,0,0,1,0,1,0
2124,3627,113,252,560,1223,0.44841269841269843,2426.16,1,0,0,0,1,0,0
398,3115,932,272,179,429,3.426470588235294,871.39,0,0,1,0,0,0,1
1965,921,655,183,94,1776,3.579234972677596,4103.36,0,1,0,0,0,0,1
4116,3674,353,109,567,1773,3.238532110091743,8370.39,0,0,1,0,1,0,0
2211,3887,380,426,302,475,0.892018779342723,2983.79,0,0,0,1,1,0,0
854,1708,42,484,418,588,0.08677685950413223,915.43,0,1,0,0,0,1,0
869,659,758,401,586,977,1.8902743142144638,1438.77,0,1,0,0,1,0,0
3835,4163,383,398,452,917,0.9623115577889447,5419.65,0,1,0,0,0,0,1
1338,4535,857,70,417,1963,12.242857142857142,6764.13,1,0,0,0,1,0,0
2313,711,187,465,122,342,0.4021505376344086,2686.32,0,0,1,0,0,0,1
2006,2263,21,369,57,474,0.056910569105691054,2162.65,0,0,1,0,0,0,1
1664,1981,872,197,139,1831,4.426395939086294,3892.44,0,0,1,0,1,0,0
1318,4269,962,478,199,397,2.01255230125523,2209.5,0,0,0,1,0,0,1
4701,3963,750,417,361,1450,1.7985611510791366,7677.84,0,1,0,0,0,0,1
1457,3808,830,16,650,1069,51.875,25856.29,0,1,0,0,0,1,0
3939,1809,790,198,410,1367,3.98989898989899,9434.02,0,0,0,1,0,0,1
1560,1861,899,92,646,691,9.771739130434783,6306.78,1,0,0,0,0,1,0
4085,1792,465,360,528,734,1.2916666666666667,6179.28,0,0,0,1,0,1,0
1516,1345,879,429,615,1911,2.0489510489510487,2609.79,0,1,0,0,0,1,0
2953,225,652,292,243,1041,2.232876712328767,4969.39,1,0,0,0,0,1,0
4956,4852,258,133,90,219,1.9398496240601504,8138.36,1,0,0,0,0,0,1
1528,1299,457,166,516,596,2.753012048192771,2922.95,0,1,0,0,0,0,1
4478,2811,989,96,62,191,10.302083333333334,18963.5,0,0,0,1,1,0,0
4574,3546,579,157,212,1415,3.6878980891719744,9746.24,0,0,1,0,0,1,0
4393,1090,13,79,248,1463,0.16455696202531644,4864.14,0,0,1,0,0,0,1
3162,3165,245,469,704,644,0.5223880597014925,3705.73,0,0,1,0,0,1,0
3171,1621,182,379,497,1521,0.48021108179419525,3959.78,0,0,0,1,0,1,0
655,4828,331,85,56,1823,3.8941176470588235,1543.08,0,1,0,0,1,0,0
455,2598,380,123,459,94,3.089430894308943,918.37,0,0,0,1,0,1,0
1663,2665,557,12,289,1119,46.416666666666664,24988.43,0,0,1,0,0,0,1
3600,4890,800,243,543,1720,3.292181069958848,7550.69,0,0,1,0,0,0,1
1140,2697,758,176,470,1668,4.306818181818182,2767.68,0,0,1,0,0,0,1
2786,215,796,108,389,1106,7.37037037037037,9740.95,0,0,0,1,0,0,1
4574,1131,305,133,421,340,2.293233082706767,7772.9,0,0,0,1,0,1,0
4875,1341,849,476,513,808,1.7836134453781514,8001.47,0,0,1,0,0,0,1
2653,1842,409,54,710,360,7.574074074074074,9169.79,1,0,0,0,1,0,0
1879,3738,67,391,557,112,0.17135549872122763,2010.12,0,0,1,0,0,1,0
175,4499,884,333,559,303,2.6546546546546548,318.2,0,1,0,0,0,0,1
4426,4190,539,296,81,1842,1.820945945945946,7318.78,0,0,0,1,0,0,1
3419,2075,557,115,444,1943,4.843478260869565,8671.96,1,0,0,0,1,0,0
2449,4283,417,303,287,51,1.3762376237623761,3806.11,1,0,0,0,0,1,0
2873,4503,650,490,284,806,1.3265306122448979,4375.4,0,1,0,0,1,0,0
2362,4997,522,143,491,1929,3.6503496503496504,5228.59,0,0,1,0,1,0,0
3329,263,73,17,388,701,4.294117647058823,8106.38,0,0,1,0,0,0,1
2216,3410,583,37,701,1744,15.756756756756756,12892.74,0,0,1,0,0,0,1
492,3488,887,280,551,661,3.1678571428571427,1045.36,0,1,0,0,1,0,0
1208,1095,429,232,595,1801,1.8491379310344827,1964.32,0,0,0,1,0,1,0
4462,1977,852,17,408,1908,50.11764705882353,75279.74,0,0,0,1,0,1,0
710,1923,155,319,327,1305,0.48589341692789967,884.52,0,1,0,0,0,1,0
2875,2395,281,143,176,1137,1.965034965034965,4572.7,0,0,0,1,1,0,0
4098,3364,26,38,521,36,0.6842105263157895,5183.33,0,1,0,0,0,1,0
772,1448,801,124,383,623,6.459677419354839,2410.22,0,1,0,0,0,0,1
3777,1903,107,43,258,683,2.488372093023256,6701.66,1,0,0,0,1,0,0
130,2351,461,16,347,1102,28.8125,1262.25,1,0,0,0,1,0,0
1500,3000,748,49,272,849,15.26530612244898,8817.09,0,0,0,1,1,0,0
4171,1693,984,339,261,1564,2.9026548672566372,8230.33,1,0,0,0,0,1,0
716,532,907,406,396,960,2.2339901477832513,1235.35,0,0,0,1,0,1,0
4734,3917,252,71,692,45,3.5492957746478875,10637.07,0,1,0,0,0,0,1
2886,1170,488,95,154,873,5.136842105263158,7554.28,0,0,0,1,0,1,0
970,4700,210,222,527,952,0.9459459459459459,1309.59,1,0,0,0,0,1,0
4296,214,915,125,67,1328,7.32,13986.38,0,0,0,1,0,1,0
3704,1539,958,74,699,1416,12.945945945945946,18109.72,1,0,0,0,0,1,0
1512,1890,482,306,348,654,1.5751633986928104,2321.35,0,1,0,0,0,0,1
2839,1094,188,388,63,15,0.4845360824742268,3423.03,0,0,1,0,0,0,1
1040,4418,517,179,356,640,2.888268156424581,2089.57,0,1,0,0,0,0,1
440,4831,462,125,281,167,3.696,969.51,1,0,0,0,0,1,0
3008,4867,279,331,41,1689,0.8429003021148036,3873.68,0,0,0,1,0,1,0
4233,1057,243,125,540,63,1.944,7106.63,1,0,0,0,1,0,0
759,195,633,230,367,1595,2.752173913043478,1438.49,1,0,0,0,1,0,0
2133,2254,495,404,277,203,1.2252475247524752,2985.13,0,0,1,0,0,1,0
1660,731,587,366,221,1181,1.6038251366120218,2682.53,0,0,0,1,1,0,0
3557,3784,347,59,61,1539,5.88135593220339,10360.72,1,0,0,0,0,0,1
1756,1801,870,336,103,1575,2.5892857142857144,3182.59,0,1,0,0,0,0,1
3075,797,958,428,185,278,2.2383177570093458,5484.69,0,1,0,0,0,0,1
1149,131,766,487,147,1125,1.5728952772073923,1826.99,1,0,0,0,1,0,0
553,4974,766,345,75,895,2.2202898550724637,991.23,1,0,0,0,0,0,1
1804,648,989,88,473,1193,11.238636363636363,8359.17,1,0,0,0,0,0,1
2884,2348,457,497,1,1556,0.9195171026156942,3870.76,1,0,0,0,0,0,1
918,1993,593,29,416,403,20.448275862068964,7058.56,0,1,0,0,0,1,0
4968,2934,366,421,469,1165,0.8693586698337292,6707.24,0,0,1,0,0,1,0
112,1803,58,388,365,347,0.14948453608247422,123.71,1,0,0,0,0,0,1
4079,1256,505,46,674,787,10.978260869565217,18664.97,0,0,0,1,0,0,1
1020,443,355,268,17,976,1.3246268656716418,1449.37,0,0,1,0,0,1,0
2518,4172,711,102,510,834,6.970588235294118,7799.1,0,1,0,0,0,1,0
1414,3562,302,196,439,193,1.5408163265306123,2260.14,1,0,0,0,1,0,0
3777,2348,698,366,531,899,1.907103825136612,6493.31,1,0,0,0,0,1,0
2117,1044,973,210,59,152,4.633333333333334,5458.31,1,0,0,0,0,0,1
1328,3980,682,420,713,1772,1.6238095238095238,2048.45,1,0,0,0,0,1,0
4892,2150,159,297,115,1830,0.5353535353535354,5763.28,0,0,0,1,0,0,1
2534,3385,591,57,203,386,10.368421052631579,10788.27,1,0,0,0,1,0,0
2968,2955,554,262,543,1976,2.114503816793893,5203.03,0,1,0,0,0,1,0
2615,1430,805,55,194,1232,14.636363636363637,14569.77,0,0,0,1,1,0,0
1538,2103,865,379,472,989,2.282321899736148,2797.29,0,0,1,0,0,0,1
4264,3715,269,240,106,1573,1.1208333333333333,6081.24,0,0,1,0,0,0,1
3643,1887,331,104,126,1412,3.1826923076923075,7570.0,0,0,1,0,0,0,1
3275,2346,86,312,414,1102,0.27564102564102566,3875.66,1,0,0,0,0,0,1
1881,3772,119,227,615,172,0.5242290748898678,2371.3,0,0,1,0,1,0,0
2363,2255,826,49,675,1581,16.857142857142858,15331.64,0,0,0,1,0,1,0
2069,3579,905,396,510,337,2.2853535353535355,3557.01,0,0,0,1,0,1,0
311,3120,660,212,501,1620,3.1132075471698113,657.94,0,0,1,0,0,0,1
607,151,556,125,121,892,4.448,1449.16,0,0,1,0,0,0,1
431,2259,432,422,607,1455,1.0236966824644549,584.35,0,0,0,1,1,0,0
650,4490,403,100,208,605,4.03,1554.56,0,1,0,0,1,0,0
1041,3751,244,67,661,489,3.6417910447761193,2223.78,0,0,1,0,0,0,1
827,4015,339,443,350,666,0.7652370203160271,1081.79,0,0,0,1,0,0,1
2962,2212,721,19,193,106,37.94736842105263,38361.47,0,0,1,0,0,1,0
3343,2721,334,265,654,870,1.260377358490566,4894.53,0,0,0,1,0,1,0
748,4660,160,326,393,1233,0.49079754601226994,940.35,1,0,0,0,0,1,0
2837,4829,555,258,497,1740,2.1511627906976742,5045.19,0,0,1,0,0,0,1
2847,1454,645,492,392,1784,1.3109756097560976,4084.05,0,0,1,0,1,0,0
1109,3854,888,376,713,1372,2.3617021276595747,1905.59,0,1,0,0,1,0,0
1650,309,41,386,674,1929,0.10621761658031088,1867.22,0,1,0,0,1,0,0
903,337,281,326,109,352,0.8619631901840491,1203.01,0,1,0,0,0,0,1
4180,435,845,416,470,1762,2.03125,6843.64,0,1,0,0,0,0,1
4409,3938,831,15,350,848,55.4,82558.37,0,0,1,0,1,0,0
4364,1676,645,340,149,48,1.8970588235294117,6876.54,0,0,1,0,1,0,0
3501,599,933,197,256,1270,4.7360406091370555,8634.19,0,1,0,0,1,0,0
4341,1664,377,244,389,31,1.5450819672131149,6755.08,0,1,0,0,0,0,1
4711,890,501,380,199,1719,1.318421052631579,6838.93,0,0,1,0,0,1,0
3261,3640,325,420,443,475,0.7738095238095238,4148.64,1,0,0,0,0,1,0
4648,3222,599,192,186,477,3.1197916666666665,9588.07,0,0,0,1,0,0,1
4255,1235,597,296,344,1281,2.016891891891892,7421.28,0,1,0,0,0,1,0
627,4044,581,132,677,1150,4.401515151515151,1553.65,0,0,0,1,1,0,0
3398,2448,606,167,108,219,3.62874251497006,7426.05,1,0,0,0,0,1,0
1123,4424,377,332,595,245,1.1355421686746987,1604.76,1,0,0,0,1,0,0
3834,249,89,22,80,1504,4.045454545454546,9077.49,1,0,0,0,0,0,1
532,3306,895,324,253,443,2.7623456790123457,1048.27,0,0,1,0,0,0,1
1276,3628,181,63,25,1675,2.873015873015873,2448.74,0,0,0,1,1,0,0
500,1724,267,369,283,501,0.7235772357723578,615.5,1,0,0,0,1,0,0
2204,2674,288,286,563,1251,1.006993006993007,3065.51,0,1,0,0,0,1,0
3150,4528,513,52,620,898,9.865384615384615,12623.81,1,0,0,0,1,0,0
2333,4369,742,276,238,1838,2.6884057971014492,4409.34,0,1,0,0,0,0,1
2545,3384,567,118,316,769,4.805084745762712,6357.03,0,1,0,0,0,0,1
4800,2208,500,332,463,255,1.5060240963855422,7200.08,1,0,0,0,0,1,0
2935,4047,594,175,698,70,3.394285714285714,6202.45,0,1,0,0,1,0,0
2613,2363,575,360,592,455,1.5972222222222223,4211.44,0,1,0,0,1,0,0
1873,1712,848,417,608,578,2.0335731414868103,3220.86,0,0,1,0,0,1,0
1196,3915,742,115,382,1026,6.452173913043478,3571.3,0,0,0,1,0,0,1
1028,4819,902,60,465,495,15.033333333333333,6162.42,0,0,1,0,1,0,0
2051,677,346,213,150,325,1.624413145539906,3203.19,0,0,1,0,0,1,0
2073,522,530,454,352,781,1.1674008810572687,2856.18,0,0,1,0,0,1,0
1654,2863,335,311,442,403,1.0771704180064308,2303.92,0,0,0,1,0,1,0
2878,1329,181,52,395,851,3.480769230769231,5995.62,0,0,0,1,0,1,0
4521,3276,93,292,365,1839,0.3184931506849315,5134.91,1,0,0,0,1,0,0
1094,853,851,94,6,129,9.053191489361701,4392.72,0,0,1,0,0,1,0
712,4942,850,226,534,1507,3.7610619469026547,1615.17,0,0,0,1,1,0,0
2693,787,533,167,220,146,3.191616766467066,5523.45,1,0,0,0,0,0,1
695,822,490,359,12,1649,1.3649025069637883,1001.76,0,0,1,0,0,1,0
941,846,553,136,385,1824,4.0661764705882355,2147.82,0,0,1,0,0,1,0
4539,4437,427,200,704,1120,2.135,8174.65,0,1,0,0,0,0,1
958,2812,348,275,458,501,1.2654545454545454,1367.02,0,0,0,1,0,1,0
544,807,810,396,225,1480,2.0454545454545454,931.9,0,1,0,0,1,0,0
1888,534,329,470,336,1803,0.7,2398.65,0,0,1,0,0,0,1
4417,4976,313,69,167,1428,4.536231884057971,10452.05,0,0,1,0,0,0,1
3554,583,281,292,316,8,0.9623287671232876,5012.7,0,0,1,0,1,0,0
4052,3618,699,475,116,220,1.471578947368421,5892.21,1,0,0,0,1,0,0
4787,1633,123,388,498,725,0.3170103092783505,5587.57,0,1,0,0,0,0,1
1130,269,416,438,148,102,0.9497716894977168,1569.73,0,1,0,0,0,1,0
1395,1120,35,71,36,1702,0.49295774647887325,1721.2,0,0,1,0,1,0,0
2163,947,246,417,407,774,0.5899280575539568,2751.82,0,1,0,0,1,0,0
1547,795,319,311,385,2,1.0257234726688103,2172.69,0,0,1,0,1,0,0
2145,3446,693,135,411,1738,5.133333333333334,5691.06,0,0,1,0,0,0,1
4719,4113,242,471,308,1514,0.5138004246284501,5934.53,0,1,0,0,0,1,0
2950,131,558,496,642,1865,1.125,4305.64,0,0,0,1,1,0,0
3924,276,274,181,240,695,1.5138121546961325,5955.39,0,0,1,0,0,0,1
2168,3064,999,72,367,771,13.875,11734.88,0,0,1,0,0,0,1
3861,2212,22,269,304,834,0.08178438661710037,4147.84,0,1,0,0,0,1,0
2375,3986,505,25,617,740,20.2,17235.15,0,1,0,0,0,0,1
1908,1602,325,188,167,200,1.7287234042553192,2930.82,0,1,0,0,0,0,1
1411,2415,627,339,554,1993,1.8495575221238938,2251.39,0,0,1,0,1,0,0
4155,2744,647,377,301,26,1.7161803713527852,6825.52,0,0,0,1,1,0,0
2551,165,857,110,205,944,7.790909090909091,8975.71,0,0,0,1,1,0,0
1189,4328,393,484,195,1374,0.8119834710743802,1604.35,0,0,0,1,0,0,1
1772,2028,651,185,171,102,3.518918918918919,3914.09,0,0,1,0,0,1,0
3775,684,325,202,616,1672,1.608910891089109,5792.21,0,1,0,0,0,1,0
4632,1848,265,462,402,963,0.5735930735930735,5529.67,0,0,0,1,0,1,0
4454,2304,450,470,39,1355,0.9574468085106383,6058.55,0,0,0,1,0,0,1
2103,3730,124,310,646,857,0.4,2575.79,0,0,0,1,1,0,0
4298,1992,308,396,252,372,0.7777777777777778,5745.83,0,0,1,0,0,0,1
4964,2529,924,282,682,197,3.276595744680851,10595.39,0,1,0,0,1,0,0
1224,3193,133,476,283,510,0.27941176470588236,1427.98,1,0,0,0,0,0,1
1321,1073,265,430,207,1996,0.6162790697674418,1647.84,0,1,0,0,0,0,1
2960,4124,660,270,500,1015,2.4444444444444446,5217.64,0,1,0,0,0,1,0
2373,2742,727,184,143,1054,3.9510869565217392,5333.86,0,1,0,0,0,0,1
3090,1542,56,243,19,923,0.23045267489711935,3494.54,0,0,0,1,0,1,0
2610,4429,738,309,702,299,2.3883495145631066,4621.81,0,1,0,0,0,0,1
336,1577,840,225,576,1157,3.7333333333333334,767.99,0,0,0,1,0,1,0
1244,870,912,426,687,1792,2.140845070422535,2119.21,0,0,1,0,0,0,1
3353,405,472,256,20,1556,1.84375,5266.94,1,0,0,0,0,0,1
3882,101,359,30,448,1332,11.966666666666667,19212.75,0,0,1,0,1,0,0
866,370,132,460,226,21,0.28695652173913044,1006.21,0,0,1,0,1,0,0
2781,4616,40,333,101,1923,0.12012012012012012,2954.16,1,0,0,0,1,0,0
2765,3314,993,252,294,1065,3.9404761904761907,6625.59,0,1,0,0,0,0,1
1859,963,64,297,550,1916,0.21548821548821548,2058.98,0,1,0,0,1,0,0
3591,2839,162,289,65,1522,0.5605536332179931,4480.33,0,0,0,1,1,0,0
2915,3014,465,253,499,1984,1.8379446640316206,4934.01,0,1,0,0,0,0,1
3613,206,295,172,76,1900,1.7151162790697674,5557.38,1,0,0,0,0,0,1
595,3268,45,155,704,964,0.2903225806451613,703.68,0,0,1,0,1,0,0
3280,4744,827,76,635,1496,10.881578947368421,14972.07,0,1,0,0,1,0,0
4030,2699,919,112,125,967,8.205357142857142,14184.03,0,0,0,1,0,0,1
2172,2335,806,319,27,1688,2.5266457680250785,4072.1,0,0,1,0,0,0,1
437,2899,932,419,615,1332,2.224343675417661,792.33,0,0,1,0,0,1,0
4049,1611,894,453,276,459,1.9735099337748345,6961.29,0,0,0,1,0,1,0
3208,118,265,134,572,514,1.9776119402985075,5500.02,0,0,1,0,0,0,1
1917,958,187,126,680,1527,1.4841269841269842,2815.22,0,0,0,1,0,0,1
236,1516,557,481,83,1068,1.158004158004158,324.05,0,0,0,1,1,0,0
2655,3132,263,260,486,41,1.0115384615384615,3650.24,1,0,0,0,0,1,0
4515,4605,517,330,463,838,1.5666666666666667,7022.1,1,0,0,0,1,0,0
1015,1526,683,444,6,263,1.5382882882882882,1623.39,0,1,0,0,0,1,0
3638,2631,30,379,676,1318,0.079155672823219,3898.95,1,0,0,0,1,0,0
2200,4819,815,235,368,685,3.4680851063829787,4624.73,0,0,1,0,0,1,0
3007,4851,84,197,471,1033,0.4263959390862944,3456.36,0,1,0,0,0,0,1
3014,4963,728,196,714,1077,3.7142857142857144,6406.98,0,1,0,0,0,0,1
2082,4138,469,85,449,1820,5.517647058823529,5566.28,0,0,0,1,0,0,1
3970,4213,993,282,689,1023,3.521276595744681,8632.58,1,0,0,0,1,0,0
4628,2331,187,478,370,128,0.3912133891213389,5262.31,0,0,0,1,0,1,0
3667,2552,391,158,340,531,2.4746835443037973,6933.53,0,1,0,0,1,0,0
1098,2946,46,204,668,1988,0.22549019607843138,1242.2,0,0,0,1,0,0,1
2247,3302,980,373,278,644,2.6273458445040214,4365.61,0,0,1,0,0,1,0
4794,1916,129,293,340,525,0.4402730375426621,5659.19,0,0,1,0,0,1,0
495,1880,924,482,614,1756,1.9170124481327802,826.13,0,1,0,0,1,0,0
3698,4203,639,53,80,1803,12.056603773584905,17970.69,0,0,1,0,0,0,1
4610,804,10,463,706,757,0.02159827213822894,5097.68,1,0,0,0,1,0,0
1038,1441,730,455,603,1794,1.6043956043956045,1660.13,0,1,0,0,1,0,0
1736,3562,945,179,67,966,5.279329608938547,4752.54,1,0,0,0,0,0,1
2824,3690,320,103,215,1164,3.1067961165048543,5787.04,0,0,1,0,0,0,1
2610,1259,217,233,416,894,0.9313304721030042,3422.31,0,0,0,1,1,0,0
4736,4726,163,287,145,759,0.5679442508710801,5950.2,1,0,0,0,0,1,0
1749,3822,771,47,552,232,16.404255319148938,11374.17,1,0,0,0,0,0,1
3790,3538,692,279,286,933,2.4802867383512543,6695.64,0,0,1,0,0,0,1
3535,3660,324,491,571,1592,0.659877800407332,4504.67,1,0,0,0,0,0,1
3301,3182,316,244,540,88,1.2950819672131149,4820.89,1,0,0,0,0,0,1
4279,1815,513,120,47,766,4.275,10597.4,0,0,0,1,0,1,0
4466,2343,628,387,237,1588,1.6227390180878554,6640.18,0,1,0,0,0,1,0
2391,1860,664,419,117,1783,1.5847255369928401,3575.91,0,0,1,0,1,0,0
4583,4107,529,177,151,1788,2.9887005649717513,8724.39,0,0,0,1,1,0,0
313,1896,615,63,83,637,9.761904761904763,1249.68,0,0,0,1,0,0,1
3337,2775,919,406,57,201,2.2635467980295565,5999.7,0,1,0,0,1,0,0
3962,3336,106,136,385,986,0.7794117647058824,4956.69,0,1,0,0,0,1,0
158,143,499,487,220,1412,1.0246406570841888,219.42,0,0,1,0,0,0,1
3030,588,16,284,285,361,0.056338028169014086,3348.72,0,0,1,0,0,0,1
3071,4376,795,51,434,132,15.588235294117647,17492.8,0,0,1,0,0,0,1
1627,3248,21,50,320,177,0.42,1836.91,0,0,0,1,1,0,0
222,4823,523,59,611,1076,8.864406779661017,892.78,1,0,0,0,0,0,1
3819,1056,955,496,242,1570,1.9254032258064515,6430.58,0,1,0,0,0,0,1
1536,2214,358,396,465,22,0.9040404040404041,1980.05,0,0,1,0,0,1,0
1262,1215,926,168,203,653,5.511904761904762,3451.51,0,0,1,0,0,0,1
3400,1881,16,341,549,1343,0.0469208211143695,3787.48,0,0,0,1,1,0,0
3445,2926,509,408,445,783,1.2475490196078431,4841.91,0,0,1,0,0,0,1
2586,750,484,191,640,168,2.5340314136125652,4894.58,0,0,0,1,1,0,0
661,1976,533,190,135,1062,2.805263157894737,1246.64,1,0,0,0,0,1,0
4081,440,861,438,576,873,1.9657534246575343,6746.18,0,0,0,1,0,1,0
1837,3050,66,175,541,1782,0.37714285714285717,2224.93,0,1,0,0,0,0,1
1004,3475,599,241,487,1771,2.4854771784232366,1757.61,0,0,0,1,0,1,0
3654,2545,595,215,572,1591,2.7674418604651163,6893.14,1,0,0,0,0,0,1
4590,2850,242,364,486,940,0.6648351648351648,5773.7,1,0,0,0,0,1,0
1826,2244,800,473,566,1397,1.6913319238900635,2924.68,0,1,0,0,0,1,0
3023,1454,39,59,661,632,0.6610169491525424,3632.71,0,0,0,1,1,0,0
3631,3376,376,417,405,1602,0.9016786570743405,4802.65,0,1,0,0,1,0,0
4006,548,835,410,570,834,2.0365853658536586,6675.76,1,0,0,0,0,0,1
1034,4272,616,155,433,1451,3.9741935483870967,2272.88,0,0,0,1,0,0,1
174,4744,829,307,548,1864,2.7003257328990227,326.15,0,0,1,0,1,0,0
394,897,65,154,657,1190,0.42207792207792205,485.25,1,0,0,0,0,1,0
120,3596,19,25,250,722,0.76,151.41,1,0,0,0,0,0,1
3342,2282,924,94,80,1526,9.829787234042554,13970.17,0,1,0,0,0,1,0
1138,3426,156,225,15,1949,0.6933333333333334,1415.68,1,0,0,0,1,0,0
4755,745,373,491,40,1099,0.7596741344195519,5900.95,0,1,0,0,0,1,0
1209,819,608,61,81,440,9.967213114754099,4963.87,0,0,0,1,0,1,0
3871,1622,262,45,510,1670,5.822222222222222,11132.87,0,0,1,0,0,0,1
471,1169,708,116,307,1289,6.103448275862069,1372.91,0,0,1,0,0,1,0
1274,4843,949,228,705,1430,4.162280701754386,3043.64,0,1,0,0,1,0,0
1264,4987,754,432,397,1710,1.7453703703703705,2108.62,0,0,1,0,0,1,0
1192,4774,262,346,678,243,0.7572254335260116,1472.92,0,0,1,0,1,0,0
1383,3175,452,418,204,601,1.0813397129186604,1962.98,1,0,0,0,1,0,0
2111,3907,745,380,211,762,1.9605263157894737,3353.02,1,0,0,0,0,0,1
945,3461,349,495,399,543,0.705050505050505,1145.0,0,0,0,1,1,0,0
2091,2256,525,307,373,277,1.710097719869707,3205.8,1,0,0,0,1,0,0
620,4655,362,263,389,550,1.376425855513308,918.06,1,0,0,0,0,0,1
4566,2413,633,414,258,1332,1.5289855072463767,6692.38,1,0,0,0,0,0,1
4296,3605,714,77,115,403,9.272727272727273,17419.95,1,0,0,0,0,0,1
4856,4239,662,482,334,650,1.3734439834024896,6876.91,0,0,1,0,1,0,0
342,732,332,196,349,1454,1.6938775510204083,541.35,0,0,1,0,0,0,1
2900,2299,149,133,233,997,1.1203007518796992,4136.63,0,0,1,0,1,0,0
4707,3163,870,39,509,76,22.307692307692307,37067.81,1,0,0,0,1,0,0
2996,3010,960,194,449,339,4.948453608247423,7874.88,0,0,1,0,1,0,0
2702,722,454,298,77,765,1.523489932885906,4040.0,0,0,0,1,0,0,1
2373,460,104,368,608,1474,0.2826086956521739,2629.3,0,0,0,1,1,0,0
1641,2467,562,483,98,1103,1.1635610766045548,2395.0,1,0,0,0,1,0,0
2865,309,429,482,568,38,0.8900414937759336,3750.84,0,0,1,0,0,0,1
2214,3567,523,62,630,318,8.435483870967742,8453.12,0,0,0,1,0,0,1
4591,1030,799,409,462,1352,1.9535452322738387,7439.56,0,1,0,0,1,0,0
4807,4684,159,186,500,1454,0.8548387096774194,6254.7,1,0,0,0,1,0,0
3183,4043,562,481,631,1187,1.1683991683991684,4342.83,0,0,0,1,1,0,0
1957,4796,360,142,38,1382,2.535211267605634,3616.49,0,0,0,1,0,0,1
869,4969,125,371,697,1963,0.33692722371967654,993.35,0,0,0,1,0,0,1
1522,977,641,496,358,640,1.2923387096774193,2113.34,0,1,0,0,0,1,0
506,4895,246,86,242,670,2.86046511627907,983.93,0,1,0,0,0,0,1
3072,2599,279,359,51,329,0.7771587743732591,3816.42,0,1,0,0,1,0,0
1972,2623,870,69,425,1855,12.608695652173912,10220.66,0,0,0,1,0,0,1
2794,4451,300,464,127,1438,0.646551724137931,3500.63,0,1,0,0,0,0,1
2369,491,443,376,103,1905,1.178191489361702,3427.59,1,0,0,0,0,1,0
4849,4002,18,474,477,1619,0.0379746835443038,5306.95,0,1,0,0,0,1,0
1281,2421,760,320,229,1949,2.375,2204.94,1,0,0,0,1,0,0
1539,4081,639,100,436,1986,6.39,4640.64,0,0,0,1,0,1,0
3153,238,873,428,385,476,2.039719626168224,5095.14,0,0,1,0,1,0,0
3433,202,836,462,85,1480,1.8095238095238095,5322.91,1,0,0,0,1,0,0
2997,583,833,307,359,1753,2.7133550488599347,5457.15,1,0,0,0,1,0,0
3003,4419,484,334,27,1738,1.4491017964071857,4514.4,1,0,0,0,1,0,0
328,4173,531,289,72,1814,1.8373702422145328,531.73,0,0,0,1,0,1,0
4059,1948,546,208,95,1955,2.625,7299.9,1,0,0,0,1,0,0
1993,1984,694,464,588,1962,1.4956896551724137,2963.03,0,0,0,1,1,0,0
1413,3305,746,127,426,1176,5.874015748031496,3998.42,1,0,0,0,0,0,1
1170,2261,20,192,6,538,0.10416666666666667,1242.35,0,0,0,1,1,0,0
1074,1564,622,407,90,1439,1.5282555282555284,1666.77,0,0,1,0,0,0,1
1838,743,786,64,592,343,12.28125,9210.05,0,0,0,1,0,1,0
3385,3536,912,280,222,1790,3.257142857142857,6919.56,0,0,0,1,0,0,1
857,4653,336,14,595,1410,24.0,7581.32,0,0,1,0,0,1,0
3195,710,939,110,594,1787,8.536363636363637,11852.51,0,0,0,1,0,1,0
420,4402,604,397,152,1191,1.521410579345088,643.65,0,0,0,1,0,0,1
2421,1643,285,295,557,1889,0.9661016949152542,3168.13,1,0,0,0,0,1,0
655,3639,379,477,212,1496,0.7945492662473794,830.02,0,0,0,1,0,1,0
1486,1566,499,62,583,140,8.048387096774194,5443.13,1,0,0,0,0,1,0
4863,1016,354,227,263,1253,1.5594713656387664,7835.54,0,0,1,0,0,0,1
3147,1281,782,338,382,73,2.3136094674556213,5706.95,0,0,0,1,0,1,0
2527,2246,377,295,570,428,1.2779661016949153,3514.77,0,0,1,0,1,0,0
2104,2372,742,249,57,1323,2.9799196787148596,4041.87,0,0,1,0,0,0,1
2030,951,320,223,426,1260,1.4349775784753362,3033.35,0,1,0,0,1,0,0
4941,4636,740,113,623,1731,6.548672566371682,15721.18,0,0,0,1,0,0,1
4870,819,610,370,142,983,1.6486486486486487,7399.45,0,0,0,1,1,0,0
2263,4780,494,373,568,600,1.324396782841823,3399.55,1,0,0,0,0,1,0
3967,2114,24,231,524,97,0.1038961038961039,4318.02,1,0,0,0,1,0,0
2526,3572,767,349,15,478,2.1977077363896846,4516.07,0,1,0,0,1,0,0
3893,3742,697,357,8,1702,1.9523809523809523,6517.43,0,1,0,0,1,0,0
2613,3970,13,198,231,1022,0.06565656565656566,2825.01,0,0,0,1,0,0,1
3903,163,855,336,186,491,2.544642857142857,7053.72,0,0,0,1,0,1,0
2427,4963,385,333,53,1986,1.1561561561561562,3504.21,0,1,0,0,0,1,0
717,659,378,485,137,1320,0.7793814432989691,959.31,0,0,0,1,1,0,0
2265,1833,474,320,174,406,1.48125,3556.55,0,0,0,1,1,0,0
3408,769,542,108,219,715,5.018518518518518,8564.08,0,0,0,1,0,0,1
1092,3994,729,106,263,447,6.877358490566038,3553.95,0,1,0,0,1,0,0
1477,1642,995,336,255,699,2.9613095238095237,3065.15,0,1,0,0,1,0,0
4481,1371,146,82,270,1996,1.7804878048780488,7277.99,0,0,1,0,1,0,0
3274,2515,843,491,587,1299,1.7169042769857434,5045.3,1,0,0,0,0,0,1
4882,2891,372,265,224,1044,1.4037735849056603,7546.85,0,0,1,0,1,0,0
1405,4813,984,240,604,1911,4.1,3215.96,0,0,0,1,1,0,0
4933,3154,940,179,134,585,5.251396648044692,12761.73,0,0,0,1,1,0,0
3178,2558,225,491,163,427,0.45824847250509165,3770.52,0,0,1,0,0,0,1
2786,3165,377,342,710,954,1.1023391812865497,3744.51,0,0,1,0,0,0,1
3083,1263,126,166,701,850,0.7590361445783133,3828.65,0,0,1,0,0,1,0
2623,4659,188,428,73,1385,0.4392523364485981,3106.18,0,0,0,1,0,0,1
3682,2849,255,438,718,1334,0.5821917808219178,4590.08,0,0,0,1,0,1,0
1585,2048,137,467,543,594,0.29336188436830835,1880.63,0,0,1,0,0,1,0
2200,159,367,231,631,1832,1.5887445887445888,3477.68,0,1,0,0,1,0,0
4681,3202,87,373,484,356,0.23324396782841822,5430.57,1,0,0,0,0,1,0
3815,432,750,355,671,27,2.112676056338028,6489.62,1,0,0,0,1,0,0
2101,4271,302,108,255,1677,2.7962962962962963,3986.59,0,0,1,0,0,0,1
1487,289,783,229,618,1071,3.4192139737991267,3190.89,0,1,0,0,0,0,1
3283,3660,91,422,198,456,0.2156398104265403,3738.49,1,0,0,0,0,1,0
1130,395,351,253,427,112,1.3873517786561265,1691.25,0,1,0,0,1,0,0
1865,2648,347,463,493,747,0.7494600431965442,2344.75,1,0,0,0,0,1,0
4863,276,828,268,632,1687,3.08955223880597,9716.79,1,0,0,0,0,1,0
1320,899,587,486,82,375,1.2078189300411524,1878.91,0,0,0,1,0,0,1
3906,905,105,450,308,1339,0.23333333333333334,4185.33,0,1,0,0,0,1,0
2514,1842,154,203,699,845,0.7586206896551724,3357.68,1,0,0,0,1,0,0
4445,314,586,384,374,126,1.5260416666666667,6811.37,0,1,0,0,0,0,1
1718,1979,530,159,564,1031,3.3333333333333335,3694.05,0,0,1,0,0,0,1
1363,2800,406,376,459,562,1.0797872340425532,1835.55,0,0,1,0,0,1,0
971,696,366,164,501,1384,2.231707317073171,1711.33,0,1,0,0,0,1,0
934,1817,195,31,357,578,6.290322580645161,2946.28,1,0,0,0,0,1,0
2922,1455,679,467,296,1923,1.4539614561027838,4286.46,0,0,1,0,1,0,0
1018,4323,552,125,580,362,4.416,2448.5,0,0,1,0,0,1,0
1824,1392,160,122,300,679,1.3114754098360655,2640.34,1,0,0,0,1,0,0
2513,2698,328,442,646,983,0.7420814479638009,3190.22,0,0,1,0,0,1,0
1413,3537,763,220,343,764,3.4681818181818183,3056.33,0,0,1,0,0,1,0
4598,4814,677,33,120,775,20.515151515151516,34191.97,1,0,0,0,0,0,1
2205,241,68,292,569,1732,0.2328767123287671,2518.06,0,1,0,0,0,0,1
2668,3316,19,301,186,1719,0.06312292358803986,2850.25,0,1,0,0,1,0,0
1238,2939,866,372,584,1288,2.327956989247312,2135.75,1,0,0,0,0,1,0
309,4440,133,410,158,800,0.32439024390243903,371.23,1,0,0,0,1,0,0
1164,3613,365,65,228,275,5.615384615384615,3199.74,0,1,0,0,0,0,1
2320,2850,355,275,308,1654,1.290909090909091,3399.5,1,0,0,0,0,0,1
333,1814,803,63,234,396,12.746031746031745,1616.08,0,1,0,0,0,0,1
892,1235,246,346,11,1337,0.7109826589595376,1181.68,0,1,0,0,0,0,1
3210,3821,342,117,175,906,2.923076923076923,6584.03,0,0,0,1,1,0,0
2266,2009,26,211,643,1998,0.12322274881516587,2435.43,0,0,1,0,0,1,0
434,2347,433,211,2,1883,2.052132701421801,709.67,1,0,0,0,1,0,0
1459,4616,333,431,712,492,0.7726218097447796,1935.56,0,0,0,1,0,1,0
1314,4202,32,346,182,1813,0.09248554913294797,1385.87,0,1,0,0,0,0,1
4519,1648,940,392,350,1428,2.3979591836734695,8314.29,1,0,0,0,1,0,0
383,2739,468,483,639,377,0.968944099378882,539.57,0,0,1,0,0,1,0
312,4866,469,227,382,1668,2.066079295154185,535.21,0,1,0,0,0,1,0
1758,4611,530,252,297,659,2.1031746031746033,3114.15,0,0,0,1,0,0,1
4178,2931,728,363,197,541,2.005509641873278,6842.03,0,1,0,0,0,1,0
4947,1106,566,397,286,839,1.4256926952141058,7705.9,1,0,0,0,0,1,0
1517,3321,430,187,556,320,2.299465240641711,2621.59,0,0,1,0,1,0,0
2486,3162,974,484,522,225,2.012396694214876,4076.87,0,1,0,0,0,0,1
1894,4623,412,70,225,456,5.885714285714286,5699.16,1,0,0,0,0,0,1
204,3152,340,414,286,651,0.821256038647343,268.37,1,0,0,0,0,1,0
4965,4529,466,45,331,1313,10.355555555555556,22019.63,0,1,0,0,0,1,0
3993,2419,492,367,561,1305,1.340599455040872,6048.21,0,0,1,0,0,0,1
3945,3639,507,55,163,417,9.218181818181819,15815.76,1,0,0,0,0,0,1
3790,2466,36,104,193,1508,0.34615384615384615,4262.68,0,0,0,1,0,0,1
3392,626,406,336,145,1562,1.2083333333333333,4941.46,0,0,0,1,0,1,0
478,2907,962,53,671,804,18.150943396226417,3100.45,0,0,1,0,0,1,0
3393,1295,197,329,692,779,0.5987841945288754,4082.82,0,0,1,0,0,0,1
3429,1853,149,235,538,798,0.6340425531914894,4343.63,0,0,0,1,0,0,1
4908,1772,530,155,612,1337,3.4193548387096775,10845.26,0,0,1,0,0,1,0
3538,2128,755,481,623,609,1.5696465696465696,5605.61,0,0,0,1,0,1,0
324,1754,101,278,270,1674,0.36330935251798563,371.26,0,1,0,0,0,1,0
837,4649,86,22,51,793,3.909090909090909,1968.37,0,0,0,1,1,0,0
335,4941,861,34,527,1632,25.323529411764707,3158.4,0,0,1,0,0,0,1
4378,4141,253,270,128,1988,0.937037037037037,5794.89,0,1,0,0,1,0,0
811,947,854,137,652,1015,6.233576642335766,2371.12,0,0,1,0,1,0,0
1988,967,676,48,46,1081,14.083333333333334,10592.46,0,0,0,1,0,1,0
4818,873,739,166,234,1147,4.451807228915663,11703.11,0,1,0,0,0,0,1
1359,642,968,373,448,1767,2.5951742627345844,2429.7,1,0,0,0,0,1,0
848,4517,998,194,584,1314,5.144329896907217,2261.91,0,0,0,1,0,1,0
4086,885,806,183,443,598,4.404371584699454,10179.45,0,1,0,0,0,1,0
3651,3405,671,426,503,973,1.5751173708920188,5661.41,1,0,0,0,0,1,0
609,4735,850,481,607,1334,1.7671517671517671,1022.25,0,0,1,0,0,0,1
1923,2983,97,403,285,1587,0.24069478908188585,2157.05,0,0,0,1,0,0,1
4980,548,627,195,132,1252,3.2153846153846155,9796.76,0,1,0,0,0,1,0
3041,3410,924,290,476,6,3.1862068965517243,6227.4,1,0,0,0,1,0,0
4332,4685,303,498,544,1467,0.608433734939759,5599.07,0,1,0,0,0,1,0
2234,2005,104,83,356,310,1.2530120481927711,3103.23,0,1,0,0,1,0,0
1877,4659,262,304,37,785,0.8618421052631579,2414.97,0,0,0,1,1,0,0
1322,4509,560,25,638,1946,22.4,10936.13,0,0,1,0,0,1,0
3767,3351,408,197,138,856,2.0710659898477157,6287.13,1,0,0,0,0,0,1
1877,484,776,421,422,905,1.843230403800475,3137.98,0,0,1,0,0,1,0
1404,394,63,469,445,1026,0.13432835820895522,1521.82,1,0,0,0,0,0,1
4959,1338,937,181,612,1812,5.176795580110498,13668.38,0,1,0,0,1,0,0
801,4957,252,195,242,1627,1.2923076923076924,1172.85,1,0,0,0,0,0,1
3089,2916,119,41,245,774,2.902439024390244,5826.35,1,0,0,0,0,0,1
251,1198,775,72,539,754,10.76388888888889,1102.51,0,0,1,0,0,0,1
1425,1837,633,358,209,1399,1.7681564245810055,2253.56,1,0,0,0,0,1,0
1401,2289,695,310,457,1270,2.2419354838709675,2533.11,0,0,0,1,1,0,0
3822,2865,710,318,99,1496,2.2327044025157234,6780.82,0,0,1,0,1,0,0
1811,1322,230,198,502,1615,1.1616161616161615,2631.96,0,0,1,0,0,0,1
906,3342,770,315,137,823,2.4444444444444446,1628.84,0,0,0,1,1,0,0
4430,3999,573,420,187,1328,1.3642857142857143,6675.0,0,0,0,1,0,0,1
2822,4423,171,35,36,58,4.885714285714286,7003.64,0,0,1,0,0,0,1
4756,510,978,396,630,1249,2.4696969696969697,8310.17,0,0,1,0,0,0,1
1425,3099,44,355,670,1450,0.12394366197183099,1520.47,0,0,1,0,0,0,1
4233,3045,975,48,479,1226,20.3125,32351.1,0,1,0,0,0,1,0
1259,4886,46,202,681,1941,0.22772277227722773,1416.85,1,0,0,0,0,0,1
2969,977,855,172,55,518,4.97093023255814,7699.0,0,0,0,1,1,0,0
4616,886,838,62,471,30,13.516129032258064,25425.27,0,1,0,0,0,1,0
1342,2209,632,484,84,151,1.3057851239669422,1960.6,0,1,0,0,1,0,0
447,2086,379,183,6,548,2.07103825136612,769.18,0,1,0,0,0,1,0
1931,978,186,205,363,110,0.9073170731707317,2698.79,1,0,0,0,0,0,1
1669,1707,530,220,710,1145,2.409090909090909,3025.43,0,1,0,0,0,1,0
4035,2503,284,287,664,241,0.9895470383275261,5642.84,0,0,1,0,1,0,0
2018,170,992,197,170,1795,5.035532994923858,5276.18,0,0,0,1,0,1,0
3332,2410,642,399,249,1626,1.6090225563909775,4958.33,1,0,0,0,0,1,0
3858,4501,114,317,662,1954,0.35962145110410093,4630.9,1,0,0,0,0,0,1
2455,3395,165,466,210,1054,0.3540772532188841,2972.26,0,0,1,0,0,0,1
1497,861,345,340,244,466,1.0147058823529411,2037.53,0,0,0,1,0,1,0
2880,4783,35,223,141,465,0.15695067264573992,3167.48,0,1,0,0,0,0,1
1924,2221,943,338,632,237,2.789940828402367,3684.26,1,0,0,0,0,0,1
2591,3682,305,38,180,1395,8.026315789473685,9710.11,0,0,0,1,0,1,0
4160,4297,546,180,637,1706,3.033333333333333,8663.37,1,0,0,0,1,0,0
504,1729,364,131,17,1173,2.7786259541984735,927.93,0,0,0,1,0,0,1
1821,4388,895,467,16,374,1.9164882226980728,3091.4,0,0,0,1,0,1,0
2925,1185,78,427,385,600,0.18266978922716628,3270.67,0,0,0,1,0,1,0
3945,2557,336,168,341,516,2.0,6327.87,0,0,1,0,0,1,0
4310,4495,160,95,46,1457,1.6842105263157894,6776.2,1,0,0,0,1,0,0
3292,3366,866,311,504,252,2.784565916398714,6132.49,0,1,0,0,1,0,0
164,553,586,13,143,1968,45.07692307692308,2589.73,0,0,1,0,1,0,0
1399,2721,671,11,285,1497,61.0,27034.99,0,1,0,0,0,0,1
1515,718,329,142,355,563,2.316901408450704,2792.25,0,0,1,0,0,1,0
3693,736,766,311,525,536,2.463022508038585,7025.97,0,0,1,0,0,1,0
1068,2448,461,88,557,1070,5.238636363636363,2766.5,0,0,1,0,1,0,0
468,4974,579,156,47,628,3.7115384615384617,1060.3,0,0,0,1,0,0,1
332,3136,677,175,528,1563,3.8685714285714288,756.68,1,0,0,0,0,0,1
2342,2349,121,324,107,607,0.3734567901234568,2852.92,0,0,0,1,0,1,0
3183,2821,644,472,3,1903,1.3644067796610169,4843.91,0,0,0,1,1,0,0
1020,2449,471,247,616,435,1.9068825910931173,1714.86,0,0,0,1,0,1,0
788,4532,874,337,95,611,2.593471810089021,1530.77,0,0,1,0,1,0,0
4372,2094,973,285,133,1652,3.414035087719298,8991.76,0,0,1,0,1,0,0
1569,2920,371,213,201,276,1.7417840375586855,2478.67,0,1,0,0,0,1,0
4825,1171,212,461,254,848,0.4598698481561822,5953.49,1,0,0,0,1,0,0
4359,2131,496,62,183,1532,8.0,14971.16,0,0,0,1,1,0,0
3722,1349,489,495,150,1119,0.9878787878787879,5276.42,0,0,0,1,1,0,0
2200,1395,13,116,549,1735,0.11206896551724138,2443.41,0,0,0,1,1,0,0
2365,3656,138,64,490,1170,2.15625,4065.97,1,0,0,0,0,0,1
3889,427,35,255,505,904,0.13725490196078433,4186.29,1,0,0,0,1,0,0
923,896,810,432,413,667,1.875,1463.48,1,0,0,0,1,0,0
3531,2961,986,386,508,782,2.5544041450777204,6295.3,0,0,0,1,1,0,0
4251,4860,36,173,651,1426,0.20809248554913296,4707.69,1,0,0,0,0,1,0
4313,2893,51,451,612,833,0.1130820399113082,4835.28,0,0,0,1,0,0,1
897,3194,974,24,404,504,40.583333333333336,12446.51,0,0,0,1,1,0,0
879,3077,592,10,236,1439,59.2,17233.99,1,0,0,0,1,0,0
2950,1062,73,360,596,276,0.20277777777777778,3229.3,0,0,1,0,0,1,0
2992,1368,34,146,545,326,0.2328767123287671,3251.27,0,0,0,1,0,0,1
1993,472,81,160,633,1280,0.50625,2522.98,0,0,0,1,0,0,1
3406,4480,491,189,542,557,2.5978835978835977,6076.11,0,0,1,0,0,0,1
3002,2668,882,419,434,513,2.1050119331742243,5050.49,1,0,0,0,1,0,0
4903,4842,909,241,546,1171,3.771784232365145,11254.99,0,1,0,0,0,0,1
3818,3793,277,496,645,295,0.5584677419354839,4689.72,0,0,1,0,0,1,0
121,1704,835,197,208,375,4.238578680203045,283.49,1,0,0,0,0,1,0
1600,195,104,27,140,1691,3.8518518518518516,3791.27,0,0,0,1,1,0,0
942,4469,404,234,588,56,1.7264957264957266,1518.44,0,0,1,0,1,0,0
1860,4041,878,114,587,912,7.701754385964913,6339.32,0,0,0,1,1,0,0
3741,1300,373,496,307,1998,0.7520161290322581,4973.77,0,0,1,0,1,0,0
291,4044,324,215,570,1250,1.5069767441860464,428.9,0,1,0,0,0,1,0
495,4979,126,195,98,1543,0.6461538461538462,618.35,0,0,0,1,1,0,0
4762,231,173,74,125,20,2.3378378378378377,8782.06,1,0,0,0,1,0,0
4426,3215,886,342,349,1183,2.590643274853801,8639.59,0,0,1,0,1,0,0
973,1490,799,381,134,1494,2.0971128608923886,1645.87,0,0,1,0,1,0,0
2721,1249,586,216,226,852,2.712962962962963,5003.76,0,0,1,0,0,1,0
4435,3610,315,238,712,591,1.3235294117647058,6547.22,0,0,0,1,0,0,1
189,3747,781,78,549,921,10.012820512820513,828.16,1,0,0,0,1,0,0
2379,907,749,151,650,366,4.960264900662252,6313.13,0,0,1,0,0,1,0
556,4939,209,215,706,1,0.9720930232558139,761.39,0,0,0,1,0,0,1
2380,150,994,183,568,913,5.4316939890710385,6451.79,0,0,0,1,0,1,0
4549,3308,741,206,339,848,3.5970873786407767,10031.42,0,1,0,0,0,0,1
1104,155,189,340,322,1253,0.5558823529411765,1402.06,1,0,0,0,0,1,0
4634,3764,367,425,87,725,0.8635294117647059,6053.58,0,1,0,0,1,0,0
444,843,749,316,95,1307,2.3702531645569622,778.11,0,0,1,0,0,0,1
2811,4638,261,206,196,760,1.266990291262136,4066.04,0,0,0,1,0,1,0
4852,2976,308,237,192,1143,1.2995780590717299,6997.35,0,0,1,0,1,0,0
2562,179,882,280,656,1915,3.15,5217.26,0,0,0,1,1,0,0
1216,4572,439,446,522,227,0.984304932735426,1590.15,0,0,0,1,0,0,1
725,4040,13,208,661,1048,0.0625,763.43,1,0,0,0,0,1,0
4479,3066,662,334,652,702,1.9820359281437125,7732.6,0,0,1,0,1,0,0
2079,3828,687,487,13,308,1.4106776180698153,3077.29,1,0,0,0,0,1,0
4094,4636,263,24,254,1331,10.958333333333334,19251.97,0,0,0,1,1,0,0
1778,225,950,295,81,962,3.2203389830508473,3743.52,0,0,1,0,1,0,0
322,318,674,343,373,569,1.9650145772594751,530.55,0,0,0,1,1,0,0
843,1047,588,417,394,1518,1.410071942446043,1229.8,0,0,1,0,0,0,1
562,4473,576,225,418,1532,2.56,1061.72,0,0,1,0,0,1,0
1668,694,105,44,59,1335,2.3863636363636362,2948.7,0,1,0,0,0,0,1
3447,240,176,78,128,1845,2.2564102564102564,6316.13,0,1,0,0,0,0,1
1836,2993,842,405,541,1113,2.079012345679012,3015.8,1,0,0,0,0,0,1
4139,3155,340,221,333,1299,1.5384615384615385,6066.69,0,0,0,1,0,0,1
4051,1730,907,55,282,621,16.490909090909092,24624.91,1,0,0,0,0,0,1
764,976,974,391,580,653,2.4910485933503836,1415.93,0,0,1,0,1,0,0
1456,4305,897,462,207,797,1.9415584415584415,2496.45,1,0,0,0,1,0,0
1114,2760,863,257,272,480,3.357976653696498,2274.28,0,0,1,0,1,0,0
2232,3490,71,429,309,902,0.1655011655011655,2479.81,1,0,0,0,0,0,1
2768,4991,183,94,403,1912,1.946808510638298,4447.84,1,0,0,0,1,0,0
1154,2129,262,57,175,1481,4.5964912280701755,2899.91,0,0,1,0,1,0,0
1864,4924,470,240,218,1780,1.9583333333333333,2964.48,0,0,1,0,1,0,0
4558,2652,633,76,672,897,8.328947368421053,16836.54,1,0,0,0,0,0,1
2969,3711,224,486,326,920,0.4609053497942387,3555.86,0,0,1,0,0,1,0
1512,1140,248,447,253,586,0.5548098434004475,1771.22,1,0,0,0,0,1,0
767,414,424,98,454,1379,4.326530612244898,1884.05,0,0,0,1,1,0,0
3470,3559,748,228,189,262,3.280701754385965,7279.22,0,1,0,0,0,0,1
1494,4272,751,429,443,1200,1.7505827505827505,2420.59,0,0,1,0,0,1,0
198,3125,754,61,130,404,12.360655737704919,981.61,0,0,1,0,1,0,0
4170,3046,684,31,485,1254,22.06451612903226,34066.68,1,0,0,0,0,0,1
521,3336,135,431,3,1612,0.31322505800464034,599.88,0,0,1,0,0,1,0
3750,3780,950,108,351,1347,8.796296296296296,14904.35,0,0,0,1,0,1,0
4257,4907,262,455,555,695,0.5758241758241758,5463.42,0,1,0,0,0,0,1
1232,3206,854,458,133,786,1.8646288209606987,2060.77,0,1,0,0,0,1,0
1802,1637,959,140,690,277,6.85,6007.05,0,0,1,0,1,0,0
3720,3972,720,97,494,1763,7.422680412371134,13111.84,0,0,0,1,1,0,0
3290,1967,206,145,266,1984,1.4206896551724137,4815.16,0,1,0,0,0,0,1
697,1261,643,383,24,677,1.678851174934726,1152.22,0,1,0,0,0,0,1
491,4020,422,48,534,1299,8.791666666666666,1833.78,0,0,0,1,1,0,0
1175,3982,465,27,3,217,17.22222222222222,7259.27,0,1,0,0,0,0,1
2750,2856,785,114,670,1848,6.885964912280702,9242.17,1,0,0,0,0,1,0
2484,2012,63,396,427,190,0.1590909090909091,2660.78,0,0,0,1,0,1,0
909,364,656,155,4,1042,4.232258064516129,2183.65,0,1,0,0,0,1,0
3409,4528,348,345,619,744,1.008695652173913,4871.63,0,0,0,1,0,1,0
3838,1402,368,233,503,1438,1.5793991416309012,5684.49,0,0,1,0,0,0,1
1259,1294,160,126,232,1208,1.2698412698412698,1785.44,0,1,0,0,0,1,0
1631,1626,109,10,72,1642,10.9,7388.38,0,1,0,0,0,0,1
2782,3704,243,126,88,243,1.9285714285714286,4726.47,1,0,0,0,1,0,0
353,4494,553,393,528,1450,1.4071246819338423,542.55,1,0,0,0,0,1,0
3648,2348,71,35,603,53,2.0285714285714285,6386.72,0,1,0,0,0,0,1
3285,1258,950,445,450,1250,2.134831460674157,5479.64,0,0,0,1,1,0,0
1331,4467,205,21,439,1738,9.761904761904763,5422.42,0,1,0,0,0,1,0
2523,4730,551,303,532,1622,1.8184818481848184,4177.93,1,0,0,0,0,1,0
3675,3613,764,350,435,562,2.182857142857143,6516.62,1,0,0,0,0,1,0
4361,2178,115,178,84,1919,0.6460674157303371,5366.63,0,1,0,0,0,0,1
1673,1244,304,62,339,772,4.903225806451613,4259.69,0,0,0,1,0,0,1
3008,168,654,278,126,319,2.352517985611511,5295.43,0,1,0,0,1,0,0
4812,3817,460,257,563,707,1.7898832684824904,8055.65,0,1,0,0,0,1,0
1725,3108,543,137,18,1393,3.9635036496350367,4119.55,0,0,0,1,1,0,0
4098,926,165,85,629,248,1.9411764705882353,6494.1,0,0,0,1,0,0,1
3983,1269,415,278,636,1592,1.4928057553956835,5954.18,0,0,0,1,0,1,0
3615,1083,905,155,540,177,5.838709677419355,10337.04,0,1,0,0,1,0,0
3503,4676,735,412,345,1500,1.7839805825242718,5906.09,0,0,1,0,0,1,0
4698,4077,747,412,468,1686,1.8131067961165048,7938.23,0,0,0,1,0,0,1
4780,3434,806,463,141,1932,1.7408207343412527,7733.53,0,1,0,0,1,0,0
2058,2440,692,57,6,1969,12.140350877192983,9597.21,0,0,1,0,0,1,0
4109,2115,563,208,669,13,2.706730769230769,7587.96,1,0,0,0,0,1,0
2835,1552,581,80,618,1385,7.2625,9403.05,0,0,1,0,0,1,0
4591,2233,384,421,631,289,0.9121140142517815,6408.03,0,0,0,1,1,0,0
3274,1139,598,101,649,431,5.920792079207921,9175.48,0,0,0,1,0,0,1
501,4823,464,412,541,576,1.1262135922330097,723.31,0,0,0,1,0,0,1
1074,4313,211,473,678,1363,0.44608879492600423,1241.01,1,0,0,0,1,0,0
323,3566,741,218,65,1641,3.3990825688073394,685.5,0,0,0,1,0,1,0
4713,3126,461,351,56,1937,1.3133903133903133,7073.9,0,0,0,1,1,0,0
335,4357,196,348,96,1775,0.5632183908045977,418.72,0,1,0,0,1,0,0
3598,2847,617,57,215,34,10.824561403508772,16467.53,0,1,0,0,0,0,1
4311,4362,863,38,58,1348,22.710526315789473,36422.91,1,0,0,0,1,0,0
3334,4495,733,185,492,1575,3.962162162162162,7520.05,0,0,0,1,0,1,0
325,3595,377,28,405,1480,13.464285714285714,1697.39,0,1,0,0,0,0,1
2377,3955,349,364,184,1249,0.9587912087912088,3310.39,0,0,0,1,0,0,1
4377,661,271,56,282,641,4.839285714285714,10772.94,0,0,0,1,0,1,0
1441,2303,850,354,163,133,2.401129943502825,2606.54,0,0,1,0,1,0,0
4136,3519,933,69,89,1504,13.521739130434783,22838.69,0,0,0,1,0,0,1
309,1244,598,185,97,1576,3.2324324324324323,662.51,0,0,1,0,1,0,0
3827,2799,552,264,587,1855,2.090909090909091,6728.46,0,1,0,0,0,1,0
4028,1651,560,413,88,897,1.3559322033898304,5678.72,0,0,0,1,0,0,1
2903,4121,315,238,518,1955,1.3235294117647058,4415.68,0,0,1,0,0,1,0
1209,660,855,156,668,982,5.480769230769231,3488.32,0,0,1,0,0,0,1
2126,1287,735,307,63,1245,2.3941368078175898,3895.42,0,1,0,0,0,1,0
493,3233,647,342,541,401,1.891812865497076,795.9,0,0,1,0,1,0,0
943,3511,174,248,191,606,0.7016129032258065,1197.41,0,0,0,1,0,1,0
1624,1789,767,341,716,611,2.2492668621700878,2927.26,0,0,0,1,0,1,0
703,4507,630,442,278,1084,1.4253393665158371,1085.2,0,0,1,0,0,1,0
681,2523,97,408,539,641,0.23774509803921567,754.62,0,0,0,1,0,1,0
2039,1469,209,197,85,132,1.0609137055837563,2775.61,0,0,0,1,0,1,0
232,680,280,333,335,393,0.8408408408408409,311.91,1,0,0,0,1,0,0
2938,1076,60,344,441,813,0.1744186046511628,3303.94,0,0,1,0,1,0,0
3485,4372,498,218,650,928,2.2844036697247705,6174.76,0,1,0,0,0,0,1
3870,4709,207,420,172,581,0.4928571428571429,4628.9,0,1,0,0,0,1,0
2368,2456,32,84,339,14,0.38095238095238093,2812.03,0,0,0,1,1,0,0
1075,218,674,192,668,435,3.5104166666666665,2214.27,0,0,1,0,0,1,0
1913,1642,232,96,229,474,2.4166666666666665,3324.9,0,0,0,1,0,1,0
3363,4962,951,280,179,151,3.3964285714285714,7178.76,0,0,0,1,0,0,1
1643,3143,230,189,247,1710,1.216931216931217,2289.99,0,0,1,0,0,1,0
2935,1072,672,424,674,470,1.5849056603773586,4666.03,0,1,0,0,1,0,0
2838,1015,275,254,675,411,1.0826771653543308,4050.18,1,0,0,0,0,0,1
1457,1537,82,355,317,345,0.23098591549295774,1668.57,1,0,0,0,0,0,1
4234,686,890,16,286,804,55.625,81655.85,0,0,0,1,0,0,1
1416,450,86,278,76,1220,0.30935251798561153,1569.21,1,0,0,0,0,1,0
261,4691,553,447,452,544,1.2371364653243848,367.15,0,1,0,0,0,0,1
2009,2662,890,22,204,1097,40.45454545454545,27056.8,0,0,0,1,1,0,0
1227,1970,444,413,424,194,1.0750605326876512,1749.69,0,0,1,0,1,0,0
3970,372,946,235,193,938,4.025531914893617,9221.34,1,0,0,0,0,0,1
1758,3027,74,275,293,1586,0.2690909090909091,1947.92,0,0,1,0,0,0,1
3225,4458,970,251,704,1593,3.864541832669323,7058.95,0,1,0,0,0,0,1
2063,3539,366,389,413,629,0.9408740359897172,2881.54,0,0,0,1,0,1,0
2389,3141,945,189,439,1216,5.0,6385.87,0,0,1,0,0,0,1
1066,4048,27,430,301,430,0.06279069767441861,1143.48,0,0,0,1,0,0,1
989,1864,685,189,260,1525,3.624338624338624,2263.65,1,0,0,0,0,1,0
3161,4390,808,135,192,217,5.985185185185185,9587.51,0,0,0,1,0,0,1
3729,1870,575,292,271,1021,1.9691780821917808,6037.58,0,1,0,0,0,0,1
3289,1622,584,427,616,1647,1.3676814988290398,4874.19,0,0,0,1,1,0,0
2848,931,778,365,432,970,2.1315068493150684,4896.12,0,0,0,1,1,0,0
1766,661,760,199,716,485,3.819095477386935,4109.29,1,0,0,0,1,0,0
3166,3640,445,25,696,601,17.8,20371.7,0,1,0,0,0,1,0
1541,4236,450,324,217,360,1.3888888888888888,2281.71,0,0,1,0,1,0,0
1167,1579,18,30,91,1846,0.6,1464.72,0,0,0,1,1,0,0
4323,4566,479,25,198,1333,19.16,31929.06,0,0,0,1,0,0,1
3023,1305,641,474,399,669,1.3523206751054853,4631.56,0,0,1,0,0,1,0
4353,756,357,472,39,421,0.7563559322033898,5625.84,0,1,0,0,0,0,1
3956,4040,611,278,709,581,2.197841726618705,6962.67,0,0,1,0,0,0,1
926,689,381,42,471,782,9.071428571428571,3739.78,0,0,0,1,0,1,0
4707,4426,979,191,79,1761,5.12565445026178,12834.1,0,0,0,1,0,1,0
4085,1471,833,78,94,1435,10.679487179487179,18682.77,0,1,0,0,0,0,1
2192,4674,184,420,684,517,0.4380952380952381,2702.29,1,0,0,0,0,0,1
3279,3851,524,61,43,243,8.59016393442623,12705.7,0,1,0,0,0,0,1
4638,3859,139,74,132,630,1.8783783783783783,7258.38,0,0,1,0,0,1,0
4001,2200,575,309,77,1017,1.86084142394822,6428.42,0,1,0,0,0,0,1
2462,1984,302,423,232,172,0.7139479905437353,3109.95,0,0,1,0,0,0,1
2324,847,705,416,39,655,1.6947115384615385,3743.2,1,0,0,0,1,0,0
1826,563,936,344,566,1859,2.7209302325581395,3418.3,1,0,0,0,1,0,0
2106,853,362,237,151,769,1.5274261603375527,3170.39,0,0,1,0,1,0,0
366,682,233,476,700,1944,0.4894957983193277,436.55,0,0,0,1,1,0,0
937,2305,533,231,419,460,2.3073593073593073,1737.08,0,0,1,0,1,0,0
4684,4214,963,281,186,1389,3.4270462633451957,9914.97,0,0,1,0,0,0,1
4897,4250,716,448,318,1854,1.5982142857142858,7346.85,0,1,0,0,0,0,1
786,4127,768,27,464,1102,28.444444444444443,7497.96,1,0,0,0,0,1,0
3461,4916,518,227,432,1593,2.2819383259911894,5968.29,0,1,0,0,0,1,0
456,3453,377,282,135,1514,1.3368794326241136,698.86,0,0,0,1,0,1,0
3915,2908,675,468,503,532,1.4423076923076923,6144.64,0,0,0,1,0,0,1
971,3703,599,317,685,1978,1.889589905362776,1601.92,0,0,0,1,1,0,0
2073,4013,661,182,269,1550,3.631868131868132,4611.64,0,0,1,0,0,0,1
4747,1519,509,65,437,1230,7.8307692307692305,17164.21,0,1,0,0,0,0,1
1910,2267,99,358,627,1773,0.276536312849162,2080.02,0,0,1,0,0,1,0
4518,2244,665,447,498,1717,1.487695749440716,6779.01,0,0,0,1,0,1,0
2741,2267,958,18,551,291,53.22222222222222,49492.45,1,0,0,0,0,1,0
2328,1660,81,410,340,1982,0.1975609756097561,2687.48,0,1,0,0,0,1,0
3491,1276,442,292,242,1725,1.5136986301369864,5445.26,0,0,1,0,0,0,1
4278,1368,698,302,221,1528,2.3112582781456954,7497.86,0,1,0,0,0,1,0
2450,3687,357,31,658,659,11.516129032258064,11907.54,0,0,1,0,1,0,0
4457,1266,272,81,676,852,3.3580246913580245,9541.65,1,0,0,0,0,0,1
4979,3675,280,460,361,554,0.6086956521739131,6377.07,1,0,0,0,1,0,0
2839,2941,518,431,190,428,1.2018561484918793,4011.53,0,0,0,1,0,0,1
2830,1970,517,364,413,471,1.4203296703296704,4036.73,1,0,0,0,0,0,1
1418,4029,626,489,329,866,1.2801635991820042,1995.19,0,0,1,0,0,1,0
1635,2367,429,337,222,513,1.2729970326409497,2468.89,0,0,1,0,1,0,0
4884,2986,81,181,686,324,0.44751381215469616,5558.05,0,0,0,1,0,0,1
2543,259,83,132,92,1640,0.6287878787878788,3202.87,0,0,0,1,1,0,0
1872,2758,664,100,440,255,6.64,5830.18,1,0,0,0,0,0,1
3309,3863,512,233,106,721,2.1974248927038627,5726.24,1,0,0,0,0,0,1
977,4834,583,301,245,1754,1.93687707641196,1606.61,0,0,1,0,0,0,1
2970,1155,155,363,305,590,0.42699724517906334,3373.05,0,0,1,0,1,0,0
3300,433,55,261,555,1966,0.210727969348659,3551.54,0,0,1,0,0,0,1
4244,3696,750,418,598,51,1.7942583732057416,6569.54,0,0,0,1,1,0,0
3847,991,114,488,97,800,0.2336065573770492,4138.8,0,0,0,1,1,0,0
2936,3087,118,307,477,100,0.38436482084690554,3302.58,0,0,0,1,0,1,0
392,4547,326,376,266,1748,0.8670212765957447,528.37,0,1,0,0,1,0,0
1751,1462,130,265,575,464,0.49056603773584906,2031.63,0,1,0,0,0,0,1
4731,1025,508,22,103,499,23.09090909090909,38484.63,0,0,0,1,0,0,1
4506,2543,52,449,254,915,0.11581291759465479,4968.86,1,0,0,0,0,0,1
636,2677,949,344,455,237,2.758720930232558,1175.41,0,1,0,0,0,0,1
2786,4080,108,127,513,1831,0.8503937007874016,3815.05,1,0,0,0,1,0,0
333,2505,715,444,666,472,1.6103603603603605,517.46,0,1,0,0,0,1,0
2752,1519,320,187,493,1422,1.7112299465240641,4565.88,0,0,1,0,1,0,0
2474,2975,223,470,261,157,0.474468085106383,2880.56,0,0,1,0,0,0,1
2372,159,472,317,35,298,1.4889589905362777,3442.05,0,0,1,0,1,0,0
1066,2624,750,170,381,1038,4.411764705882353,2623.09,1,0,0,0,0,1,0
989,3897,432,104,397,116,4.153846153846154,2294.47,0,1,0,0,0,1,0
3963,2759,398,418,27,139,0.9521531100478469,5386.65,0,1,0,0,0,1,0
3500,4196,706,377,306,75,1.8726790450928381,5725.23,1,0,0,0,0,1,0
134,1678,121,323,699,815,0.3746130030959752,155.87,0,0,1,0,0,1,0
4642,4506,920,177,671,1384,5.19774011299435,12891.6,1,0,0,0,1,0,0
3623,3205,868,96,581,1048,9.041666666666666,13708.41,0,0,1,0,0,1,0
1863,807,281,431,165,406,0.6519721577726219,2338.68,0,0,0,1,0,1,0
3391,1880,834,12,258,1713,69.5,77175.66,0,1,0,0,0,0,1
2588,2513,111,381,102,951,0.29133858267716534,3003.81,1,0,0,0,0,1,0
2800,3506,219,25,455,567,8.76,10209.33,1,0,0,0,1,0,0
1658,2261,748,139,193,1749,5.381294964028777,4564.14,0,0,1,0,0,0,1
4790,3639,802,32,299,326,25.0625,42757.49,1,0,0,0,1,0,0
2376,708,31,107,21,1358,0.2897196261682243,2833.94,0,0,1,0,0,0,1
4106,408,769,167,45,329,4.604790419161676,10517.24,0,0,1,0,0,1,0
4539,4407,168,248,480,1699,0.6774193548387096,5546.08,0,1,0,0,1,0,0
1203,2464,900,19,496,1324,47.36842105263158,19230.04,0,0,1,0,0,0,1
1519,284,750,330,683,1700,2.272727272727273,2754.9,0,0,1,0,1,0,0
1578,345,939,31,690,89,30.29032258064516,16752.42,1,0,0,0,0,0,1
4014,338,352,317,223,15,1.110410094637224,5542.03,1,0,0,0,0,1,0
3842,619,409,376,299,1325,1.0877659574468086,5287.69,0,0,1,0,1,0,0
3056,4007,463,193,481,634,2.3989637305699483,5448.24,0,0,1,0,1,0,0
1482,376,708,426,24,1342,1.6619718309859155,2225.34,0,0,1,0,1,0,0
2674,4128,152,226,338,1884,0.672566371681416,3448.31,0,0,0,1,0,1,0
3484,4409,859,223,84,178,3.8520179372197307,7968.91,0,0,1,0,0,1,0
1669,705,879,345,60,1486,2.5478260869565217,3023.81,0,0,0,1,0,0,1
1994,4673,406,167,288,269,2.431137724550898,3665.56,1,0,0,0,1,0,0
2343,4703,545,219,634,1129,2.4885844748858448,4218.57,0,1,0,0,0,0,1
1966,4153,150,417,517,1695,0.3597122302158273,2231.17,0,1,0,0,0,0,1
128,2812,970,142,154,1541,6.830985915492958,419.24,0,1,0,0,0,1,0
805,241,249,62,281,339,4.016129032258065,1918.5,0,1,0,0,1,0,0
1120,3761,301,238,434,392,1.2647058823529411,1641.61,1,0,0,0,0,1,0
2163,2469,826,192,342,141,4.302083333333333,5343.14,0,1,0,0,1,0,0
1546,1817,91,32,86,169,2.84375,2969.7,1,0,0,0,0,0,1
3764,4656,569,115,587,1041,4.947826086956522,9418.23,1,0,0,0,0,1,0
3087,4865,874,100,191,1568,8.74,11857.44,0,0,1,0,0,1,0
3702,3527,879,128,252,5,6.8671875,11618.69,0,0,1,0,1,0,0
3785,2424,180,469,68,1918,0.3837953091684435,4548.96,0,1,0,0,0,0,1
3468,1944,783,147,146,1161,5.326530612244898,9332.37,0,0,1,0,0,1,0
3681,499,986,491,634,619,2.0081466395112018,6294.2,0,0,0,1,0,0,1
2862,4863,589,129,554,1186,4.565891472868217,7157.24,0,0,0,1,0,1,0
4137,2663,535,170,662,769,3.1470588235294117,8700.3,1,0,0,0,0,1,0
672,1622,551,217,574,680,2.5391705069124426,1282.43,0,0,1,0,0,1,0
4188,1434,119,358,255,463,0.3324022346368715,4637.09,0,1,0,0,0,0,1
714,2723,221,327,131,1462,0.6758409785932722,884.11,0,1,0,0,0,0,1
4150,338,785,347,377,1406,2.2622478386167146,7573.2,0,0,0,1,0,0,1
425,3315,447,164,532,1824,2.725609756097561,803.72,0,0,1,0,0,0,1
3840,3747,331,272,199,382,1.2169117647058822,5511.77,0,0,0,1,0,0,1
458,1716,909,365,221,482,2.4904109589041097,814.85,0,0,1,0,0,0,1
3877,2529,723,164,410,1379,4.408536585365853,9502.24,0,1,0,0,0,0,1
2471,3752,93,339,643,1269,0.2743362831858407,2745.13,0,0,0,1,1,0,0
1821,1821,965,403,171,625,2.3945409429280398,3388.62,0,0,1,0,0,0,1
1449,1372,385,468,145,1714,0.8226495726495726,1842.78,0,1,0,0,0,0,1
3796,3239,62,322,488,1979,0.19254658385093168,4159.76,0,0,1,0,1,0,0
3996,2978,876,295,354,476,2.9694915254237286,7627.66,0,1,0,0,1,0,0
4360,1635,505,268,181,465,1.8843283582089552,7225.98,1,0,0,0,0,0,1
1696,635,265,166,161,1214,1.5963855421686748,2744.51,1,0,0,0,0,0,1
1727,1048,595,23,464,494,25.869565217391305,15392.01,0,0,1,0,0,0,1
2602,2742,229,86,60,1547,2.6627906976744184,4689.81,0,0,0,1,1,0,0
3908,4041,664,348,215,535,1.9080459770114941,6404.6,0,0,1,0,0,1,0
292,1121,109,418,580,631,0.2607655502392344,338.41,1,0,0,0,0,1,0
2774,533,138,403,192,282,0.3424317617866005,3357.25,0,0,0,1,0,1,0
3945,1503,927,344,488,831,2.6947674418604652,7170.84,1,0,0,0,0,1,0
2677,3611,228,229,225,430,0.9956331877729258,3749.84,1,0,0,0,0,1,0
191,3035,486,241,392,581,2.016597510373444,317.85,0,0,0,1,0,0,1
4334,4978,792,442,709,858,1.7918552036199096,6766.21,0,0,0,1,0,1,0
580,4364,467,303,161,1670,1.5412541254125414,864.49,1,0,0,0,0,0,1
3016,4904,989,464,455,253,2.1314655172413794,5401.37,0,1,0,0,1,0,0
4535,3433,31,151,111,563,0.2052980132450331,5203.96,0,0,0,1,1,0,0
1175,1702,699,260,59,1067,2.6884615384615387,2188.85,1,0,0,0,0,1,0
2613,328,569,423,545,1506,1.3451536643026005,4012.28,0,0,0,1,1,0,0
898,4622,638,305,553,1962,2.091803278688525,1476.91,0,0,0,1,0,0,1
4670,4317,338,149,673,1165,2.2684563758389262,8101.24,1,0,0,0,0,1,0
4049,2296,897,485,29,1535,1.8494845360824743,6706.62,0,1,0,0,0,1,0
704,2999,700,151,185,537,4.635761589403973,1851.28,0,0,1,0,0,0,1
3079,210,489,138,224,898,3.5434782608695654,6647.89,1,0,0,0,0,0,1
697,1344,794,333,357,270,2.3843843843843846,1292.5,0,1,0,0,0,0,1
1632,4259,883,314,492,1937,2.8121019108280256,3284.37,1,0,0,0,0,1,0
613,2785,348,27,598,1385,12.88888888888889,2986.14,0,1,0,0,1,0,0
1977,3901,881,252,578,616,3.496031746031746,4167.53,0,0,1,0,1,0,0
4072,3967,868,173,114,936,5.017341040462428,10303.56,0,0,1,0,1,0,0
3943,1477,188,329,378,295,0.5714285714285714,4977.4,0,0,0,1,1,0,0
1799,1871,430,105,285,1689,4.095238095238095,4236.54,0,0,0,1,0,1,0
1129,112,491,37,97,1499,13.27027027027027,5677.38,0,0,1,0,0,0,1
4695,4434,58,485,124,1840,0.11958762886597939,5068.06,1,0,0,0,1,0,0
816,3361,836,239,156,883,3.497907949790795,1758.24,0,0,1,0,0,1,0
4186,762,915,425,110,472,2.152941176470588,7370.39,0,1,0,0,0,1,0
765,3192,776,465,53,817,1.6688172043010752,1237.48,0,1,0,0,1,0,0
2308,793,39,34,174,1185,1.1470588235294117,3129.48,0,1,0,0,0,0,1
1179,3490,94,184,679,1819,0.5108695652173914,1426.0,0,0,1,0,0,0,1
327,1281,798,413,588,45,1.9322033898305084,524.87,0,0,0,1,0,1,0
248,3118,511,170,314,799,3.0058823529411764,507.16,0,1,0,0,0,0,1
1169,1604,555,39,694,1855,14.23076923076923,6564.84,0,1,0,0,0,1,0
4827,2002,338,174,390,880,1.9425287356321839,8192.35,0,0,1,0,0,0,1
1463,4271,619,217,45,678,2.8525345622119818,2735.34,0,1,0,0,1,0,0
4608,428,443,446,663,207,0.9932735426008968,6286.33,0,0,1,0,0,0,1
1855,1539,597,482,117,1132,1.2385892116182573,2758.14,0,0,0,1,1,0,0
619,3946,696,111,122,1528,6.27027027027027,1910.61,0,1,0,0,1,0,0
3644,4267,862,382,482,936,2.256544502617801,6637.46,0,1,0,0,0,1,0
2422,324,258,115,170,442,2.243478260869565,4135.63,0,1,0,0,1,0,0
1202,2620,861,339,678,1089,2.5398230088495577,2178.62,0,0,1,0,0,1,0
697,3814,143,78,400,267,1.8333333333333333,1128.02,0,0,1,0,1,0,0
3373,2507,699,17,661,399,41.11764705882353,47333.55,1,0,0,0,1,0,0
4149,910,374,132,500,1889,2.8333333333333335,7869.2,0,0,0,1,1,0,0
2705,3217,749,362,74,1721,2.069060773480663,4551.18,1,0,0,0,0,0,1
2288,4873,584,110,149,1904,5.3090909090909095,6339.72,1,0,0,0,0,0,1
4925,3390,789,10,537,224,78.9,129341.12,1,0,0,0,1,0,0
688,4486,434,360,61,665,1.2055555555555555,947.18,0,0,1,0,0,1,0
4572,2351,424,16,54,935,26.5,44952.84,0,1,0,0,1,0,0
1507,4761,779,327,223,1313,2.382262996941896,2729.44,0,1,0,0,0,1,0
4946,2629,665,120,473,1309,5.541666666666667,13805.52,0,0,1,0,1,0,0
4822,4706,521,352,316,1210,1.4801136363636365,7636.64,1,0,0,0,1,0,0
3490,1023,394,195,170,226,2.0205128205128204,5684.14,0,0,0,1,0,1,0
3540,3152,397,225,701,200,1.7644444444444445,5708.18,0,0,1,0,0,1,0
1729,115,824,471,32,504,1.7494692144373674,2848.7,1,0,0,0,0,0,1
1094,3696,458,352,53,11,1.3011363636363635,1581.71,0,0,1,0,0,1,0
4898,2503,573,132,139,909,4.340909090909091,12106.83,0,1,0,0,1,0,0
2159,4551,312,210,374,837,1.4857142857142858,3401.95,0,1,0,0,0,1,0
4672,4110,108,17,47,1522,6.352941176470588,13931.51,0,1,0,0,0,0,1
3086,2746,982,73,90,979,13.452054794520548,15915.14,1,0,0,0,1,0,0
500,1201,315,145,36,277,2.1724137931034484,855.65,0,0,1,0,1,0,0
2955,3075,566,396,225,1027,1.4292929292929293,4398.74,1,0,0,0,1,0,0
2324,1190,51,392,554,1946,0.13010204081632654,2441.52,0,0,1,0,0,1,0
3512,3006,477,195,269,929,2.4461538461538463,6230.11,0,0,0,1,1,0,0
156,1846,449,136,186,1886,3.301470588235294,337.62,0,1,0,0,1,0,0
1975,4409,336,425,371,790,0.7905882352941176,2581.87,0,0,0,1,0,1,0
4643,1820,578,381,235,1598,1.5170603674540681,6937.06,0,1,0,0,1,0,0
4398,548,42,461,122,5,0.0911062906724512,4944.54,0,0,0,1,0,1,0
3868,3112,421,58,424,1939,7.258620689655173,13242.6,1,0,0,0,0,1,0
4933,3604,635,175,389,521,3.6285714285714286,10676.33,0,1,0,0,0,0,1
4397,1668,821,395,117,1594,2.078481012658228,7685.15,1,0,0,0,1,0,0
1453,3286,123,136,466,280,0.9044117647058824,1957.34,1,0,0,0,0,1,0
2510,3591,517,402,429,1447,1.2860696517412935,3716.27,0,0,1,0,0,0,1
4411,2646,65,311,442,972,0.2090032154340836,4838.26,0,1,0,0,0,1,0
2702,4905,565,330,39,1262,1.7121212121212122,4175.53,0,0,0,1,1,0,0
3034,4575,733,186,162,317,3.9408602150537635,6788.87,0,0,0,1,0,0,1
122,1147,361,212,621,127,1.7028301886792452,185.87,0,1,0,0,0,1,0
2302,4734,338,166,526,304,2.036144578313253,3882.83,0,0,1,0,0,0,1
1309,4948,555,355,166,749,1.5633802816901408,2001.06,0,1,0,0,1,0,0
2396,4730,279,228,445,731,1.2236842105263157,3276.42,1,0,0,0,0,1,0
848,4868,205,495,443,1202,0.41414141414141414,1035.0,0,0,1,0,1,0,0
904,1164,422,294,331,1854,1.435374149659864,1381.46,1,0,0,0,0,1,0
233,3921,646,298,335,490,2.1677852348993287,401.71,0,1,0,0,0,0,1
4516,667,88,37,112,437,2.3783783783783785,8486.53,0,0,1,0,1,0,0
2537,1536,776,360,714,1685,2.1555555555555554,4570.51,0,1,0,0,0,0,1
533,4610,666,92,139,1062,7.239130434782608,1706.61,0,1,0,0,0,1,0
3771,4644,92,121,166,1654,0.7603305785123967,4916.04,0,0,1,0,0,1,0
3836,4805,751,163,414,483,4.607361963190184,9884.76,0,0,1,0,1,0,0
4139,2805,146,379,169,992,0.38522427440633245,4697.19,0,1,0,0,1,0,0
2198,2583,548,38,124,315,14.421052631578947,11857.05,0,0,0,1,0,1,0
3017,4900,698,404,550,1508,1.7277227722772277,4699.76,0,0,1,0,0,0,1
352,4929,728,498,98,1121,1.461847389558233,520.53,0,0,0,1,0,1,0
4934,3879,942,489,60,939,1.9263803680981595,8536.71,0,0,0,1,0,0,1
1229,4995,933,222,19,17,4.202702702702703,2995.39,0,0,0,1,1,0,0
3364,2894,315,111,124,1861,2.8378378378378377,6265.15,0,0,0,1,0,0,1
401,1960,320,427,226,940,0.7494145199063232,529.78,1,0,0,0,0,1,0
2077,3436,397,369,612,980,1.075880758807588,2793.99,0,1,0,0,0,0,1
2863,1990,734,223,324,447,3.291479820627803,5893.32,0,0,1,0,1,0,0
4105,4926,875,313,17,279,2.7955271565495208,7788.1,0,1,0,0,0,0,1
3341,4391,924,164,80,1895,5.634146341463414,9232.92,0,1,0,0,0,1,0
3157,1197,558,389,597,452,1.4344473007712082,4654.99,0,1,0,0,0,1,0
650,1738,515,209,456,666,2.464114832535885,1215.77,0,1,0,0,0,0,1
1687,1758,397,177,541,606,2.2429378531073447,2897.38,0,1,0,0,0,1,0
1922,1225,302,247,646,1968,1.222672064777328,2837.34,0,0,1,0,1,0,0
3317,363,188,168,706,1711,1.119047619047619,4470.89,0,1,0,0,0,0,1
3596,3092,681,202,631,1838,3.371287128712871,7663.43,0,1,0,0,0,0,1
4509,260,438,176,378,29,2.4886363636363638,8555.02,0,1,0,0,0,0,1
4379,1356,889,235,191,1570,3.782978723404255,9422.83,1,0,0,0,0,1,0
812,4965,533,376,665,1034,1.4175531914893618,1230.79,0,0,0,1,0,0,1
2275,410,690,260,491,1812,2.6538461538461537,4295.31,1,0,0,0,0,0,1
4172,326,321,289,405,802,1.1107266435986158,5746.82,0,1,0,0,0,0,1
3949,372,89,485,272,101,0.18350515463917524,4208.34,1,0,0,0,0,0,1
2533,4512,23,461,644,653,0.049891540130151846,2744.83,0,0,1,0,1,0,0
3401,2022,63,475,430,87,0.13263157894736843,3645.73,0,0,1,0,0,1,0
370,3257,456,230,520,1930,1.982608695652174,610.07,0,0,1,0,1,0,0
1894,2438,775,32,646,470,24.21875,16778.49,0,0,0,1,0,0,1
2562,1701,74,494,384,1325,0.14979757085020243,2930.22,0,0,1,0,0,1,0
4393,3818,381,198,192,640,1.9242424242424243,7160.14,0,0,0,1,0,0,1
3494,2522,512,420,603,1230,1.2190476190476192,5128.13,0,0,1,0,1,0,0
1179,2025,579,281,435,1625,2.0604982206405693,2090.3,1,0,0,0,0,0,1
2978,666,105,438,63,1106,0.23972602739726026,3223.4,1,0,0,0,1,0,0
4823,3015,542,36,216,1236,15.055555555555555,28014.92,1,0,0,0,1,0,0
703,351,269,466,134,119,0.5772532188841202,825.66,1,0,0,0,0,1,0
1685,2454,594,398,619,1884,1.4924623115577889,2640.74,0,0,0,1,0,0,1
3157,3601,257,452,161,1160,0.5685840707964602,3801.53,0,0,1,0,0,0,1
4085,4870,136,465,258,1797,0.2924731182795699,4591.29,0,1,0,0,0,0,1
4789,2411,508,219,425,788,2.319634703196347,8679.81,1,0,0,0,0,1,0
1495,2215,55,44,528,377,1.25,2217.85,0,0,1,0,1,0,0
3788,1702,991,207,358,428,4.78743961352657,9597.58,0,0,1,0,0,1,0
699,3370,277,480,375,720,0.5770833333333333,874.59,0,0,1,0,0,1,0
613,613,649,183,571,314,3.546448087431694,1386.19,0,1,0,0,1,0,0
1166,541,551,227,9,1428,2.4273127753303965,2193.79,1,0,0,0,0,0,1
2986,100,103,65,197,243,1.5846153846153845,4714.45,0,0,0,1,1,0,0
2753,1002,745,392,117,985,1.9005102040816326,4730.28,0,0,0,1,1,0,0
1188,1320,325,496,10,1991,0.655241935483871,1546.05,0,1,0,0,1,0,0
4485,2421,621,161,519,1369,3.857142857142857,10380.09,0,1,0,0,0,0,1
4964,955,80,403,349,1636,0.19851116625310175,5742.06,0,0,0,1,1,0,0
2614,1117,602,472,706,627,1.2754237288135593,3909.61,0,0,0,1,0,1,0
4069,2320,458,47,404,1866,9.74468085106383,16766.15,1,0,0,0,1,0,0
3384,4780,919,477,635,1448,1.9266247379454926,5608.12,0,0,0,1,1,0,0
4666,3604,376,486,575,16,0.7736625514403292,5754.03,0,0,0,1,0,1,0
2296,4650,821,207,4,516,3.966183574879227,5043.12,0,0,0,1,0,0,1
4283,295,629,441,328,266,1.4263038548752835,6572.03,0,1,0,0,0,1,0
889,4794,623,18,512,1971,34.611111111111114,10681.2,0,0,0,1,0,0,1
3575,1432,419,187,130,560,2.2406417112299466,6433.0,0,0,0,1,0,0,1
3253,4751,100,334,587,735,0.2994011976047904,3881.86,1,0,0,0,0,0,1
1764,1617,518,185,484,716,2.8,3392.64,0,0,1,0,0,0,1
1409,4634,886,432,358,20,2.050925925925926,2296.06,0,1,0,0,0,1,0
964,2797,537,476,385,1824,1.1281512605042017,1371.1,0,1,0,0,0,0,1
3963,4554,119,270,254,1730,0.44074074074074077,4531.75,1,0,0,0,0,1,0
3463,3207,784,93,167,828,8.43010752688172,12980.34,0,0,0,1,1,0,0
3624,1157,681,148,713,11,4.601351351351352,9081.85,0,0,1,0,0,1,0
3886,2805,774,251,680,1044,3.0836653386454183,8013.74,1,0,0,0,1,0,0
123,2163,98,325,469,279,0.30153846153846153,138.83,0,0,1,0,0,1,0
3103,2892,616,164,493,895,3.7560975609756095,6694.49,0,0,0,1,1,0,0
410,520,281,230,338,333,1.2217391304347827,573.51,0,0,1,0,0,1,0
1331,4748,256,144,51,1571,1.7777777777777777,2180.39,1,0,0,0,0,1,0
3888,2914,370,197,56,1425,1.8781725888324874,6369.36,0,0,0,1,0,1,0
2811,2940,387,187,73,778,2.06951871657754,4802.63,0,1,0,0,0,1,0
4901,1131,215,76,600,744,2.8289473684210527,9353.05,0,0,1,0,1,0,0
521,1591,354,78,52,38,4.538461538461538,1333.31,0,0,0,1,0,0,1
1873,1985,839,448,125,974,1.8727678571428572,3217.68,0,0,0,1,0,1,0
3668,609,807,86,262,1107,9.383720930232558,14430.74,1,0,0,0,1,0,0
1046,1959,769,409,575,32,1.880195599022005,1753.58,0,0,0,1,0,1,0
1286,1958,464,383,548,1078,1.2114882506527416,1783.39,1,0,0,0,0,0,1
1934,1013,917,21,521,737,43.666666666666664,29293.97,0,1,0,0,1,0,0
1664,2165,76,496,330,1849,0.1532258064516129,1815.48,0,0,1,0,1,0,0
2047,3066,996,292,323,619,3.410958904109589,4392.37,0,1,0,0,1,0,0
1408,4989,567,255,241,985,2.223529411764706,2402.98,1,0,0,0,0,1,0
3086,3937,988,246,285,1561,4.016260162601626,7383.74,0,1,0,0,0,1,0
486,1696,52,261,602,910,0.19923371647509577,523.98,0,0,1,0,0,0,1
1261,4542,238,426,264,45,0.5586854460093896,1609.07,0,1,0,0,0,0,1
3358,1155,960,216,299,1964,4.444444444444445,7883.32,0,0,0,1,0,1,0
4911,1123,822,350,205,630,2.3485714285714288,8612.22,0,0,1,0,0,1,0
4033,3304,453,117,291,294,3.871794871794872,9208.23,0,1,0,0,1,0,0
2947,675,243,218,211,1149,1.114678899082569,4270.08,0,0,1,0,0,1,0
4621,298,208,320,366,1572,0.65,5840.73,0,1,0,0,1,0,0
1539,1465,506,317,464,344,1.5962145110410095,2325.16,0,0,0,1,0,0,1
3542,2098,857,302,719,1001,2.837748344370861,7120.69,1,0,0,0,0,1,0
4580,1116,41,122,322,892,0.3360655737704918,5342.32,0,1,0,0,0,0,1
155,3718,273,385,358,423,0.7090909090909091,192.34,0,0,1,0,0,1,0
3424,125,122,24,94,167,5.083333333333333,9131.35,0,1,0,0,0,1,0
205,1658,982,349,711,269,2.8137535816618913,403.58,1,0,0,0,1,0,0
3301,3824,839,92,169,1218,9.119565217391305,13171.34,0,0,0,1,0,1,0
769,3558,468,74,297,930,6.324324324324325,2389.33,0,0,0,1,0,0,1
4571,3456,285,461,516,1148,0.6182212581344902,5904.15,1,0,0,0,0,1,0
842,2467,155,12,98,1295,12.916666666666666,4443.32,0,0,0,1,0,0,1
1066,570,366,465,705,1082,0.7870967741935484,1397.79,0,1,0,0,0,1,0
407,2567,15,370,350,880,0.04054054054054054,413.28,0,0,1,0,0,0,1
2238,4846,349,245,579,59,1.4244897959183673,3433.83,0,1,0,0,0,0,1
3564,985,503,398,650,450,1.263819095477387,5394.49,1,0,0,0,0,0,1
4997,975,117,402,401,1844,0.291044776119403,5599.33,0,1,0,0,0,1,0
209,1041,934,138,451,217,6.768115942028985,671.8,0,1,0,0,1,0,0
3732,3141,781,256,475,1605,3.05078125,7697.07,1,0,0,0,0,0,1
4535,671,80,244,419,1506,0.32786885245901637,5299.4,0,0,1,0,0,0,1
2015,4249,948,39,4,244,24.307692307692307,18250.49,0,0,0,1,1,0,0
4363,704,349,80,324,103,4.3625,10549.88,1,0,0,0,0,0,1
656,4520,683,479,369,517,1.4258872651356993,986.43,0,0,0,1,0,0,1
204,3629,109,157,614,1835,0.6942675159235668,247.43,0,0,0,1,0,1,0
2147,4460,336,102,395,264,3.2941176470588234,4653.02,1,0,0,0,1,0,0
245,481,42,292,556,241,0.14383561643835616,262.28,0,0,1,0,0,0,1
2863,1336,152,226,119,1870,0.672566371681416,3777.31,1,0,0,0,0,1,0
973,2480,253,247,700,861,1.0242914979757085,1297.7,1,0,0,0,0,1,0
398,3879,745,236,190,734,3.156779661016949,794.56,0,1,0,0,0,1,0
3338,2205,735,228,622,1855,3.223684210526316,6884.41,0,1,0,0,0,1,0
745,1617,641,328,416,1253,1.954268292682927,1259.84,1,0,0,0,1,0,0
4833,1633,689,468,106,1476,1.4722222222222223,7274.61,0,1,0,0,1,0,0
3178,3394,870,346,165,931,2.514450867052023,5771.42,0,0,1,0,0,1,0
2611,3540,226,40,638,455,5.65,7416.69,0,1,0,0,1,0,0
883,3589,910,475,346,986,1.9157894736842105,1523.74,0,0,1,0,0,1,0
470,4045,983,412,98,544,2.3859223300970873,883.99,0,0,0,1,0,0,1
586,4742,443,123,486,865,3.6016260162601625,1259.16,0,0,0,1,0,0,1
2137,970,876,111,331,374,7.891891891891892,7685.97,0,0,1,0,0,1,0
3296,2250,843,102,370,1048,8.264705882352942,12296.04,0,0,0,1,0,0,1
1460,3332,738,216,442,1330,3.4166666666666665,3149.68,0,0,1,0,0,1,0
4387,3331,63,455,120,374,0.13846153846153847,4620.87,1,0,0,0,0,0,1
4925,3866,729,400,299,1211,1.8225,8028.7,0,1,0,0,0,0,1
2361,3307,951,238,143,961,3.995798319327731,5587.44,0,0,0,1,1,0,0
2721,4593,601,430,707,640,1.3976744186046512,3939.47,0,0,0,1,0,1,0
1056,4587,916,80,642,112,11.45,4846.44,1,0,0,0,1,0,0
480,3926,901,351,616,493,2.566951566951567,866.96,0,1,0,0,0,1,0
3749,1712,954,469,93,294,2.0341151385927505,6572.19,0,1,0,0,0,0,1
4993,1177,160,145,297,422,1.103448275862069,7216.42,0,0,1,0,0,1,0
338,1400,64,450,447,149,0.14222222222222222,358.38,0,0,0,1,0,1,0
1205,2258,526,475,480,151,1.1073684210526316,1727.41,0,1,0,0,0,1,0
1486,2371,457,293,712,1198,1.5597269624573378,2260.72,0,0,0,1,0,1,0
2652,2629,44,347,258,1221,0.12680115273775217,2941.78,0,0,0,1,0,0,1
2349,3360,870,360,522,1279,2.4166666666666665,4251.94,0,0,0,1,0,0,1
1627,463,128,26,683,1438,4.923076923076923,4220.16,0,0,0,1,1,0,0
1767,945,206,224,375,168,0.9196428571428571,2453.19,0,0,1,0,0,1,0
4232,3132,575,404,427,1106,1.4232673267326732,6423.64,0,1,0,0,1,0,0
2791,1427,780,408,101,70,1.911764705882353,4495.26,0,0,0,1,0,0,1
3772,3262,783,423,622,1861,1.851063829787234,5931.64,0,1,0,0,0,0,1
2096,491,864,253,244,426,3.4150197628458496,4639.44,1,0,0,0,0,1,0
1525,3355,887,104,23,1426,8.528846153846153,5510.19,1,0,0,0,0,1,0
2912,2159,833,130,354,1979,6.407692307692308,9134.44,0,1,0,0,1,0,0
3347,3337,523,15,466,525,34.86666666666667,40258.53,0,0,1,0,0,0,1
2692,2146,603,277,225,1655,2.1768953068592056,4512.39,0,0,1,0,1,0,0
1590,4341,871,96,444,212,9.072916666666666,6377.39,1,0,0,0,0,0,1
1324,1405,431,198,269,102,2.176767676767677,2386.57,0,0,0,1,0,0,1
2687,2994,961,112,533,1813,8.580357142857142,9720.32,1,0,0,0,1,0,0
3164,2132,526,113,314,1732,4.654867256637168,7633.27,0,0,0,1,0,0,1
932,864,695,429,120,1613,1.6200466200466201,1502.67,1,0,0,0,0,0,1
4792,598,148,300,481,1362,0.49333333333333335,5776.8,1,0,0,0,1,0,0
2540,3468,714,76,120,333,9.394736842105264,10353.01,0,0,1,0,0,0,1
4895,3044,659,115,710,205,5.730434782608696,13897.76,0,1,0,0,1,0,0
1746,3904,818,257,136,1511,3.1828793774319064,3553.96,0,1,0,0,0,1,0
540,4313,637,357,77,229,1.7843137254901962,853.9,1,0,0,0,0,0,1
1629,4560,53,216,354,1213,0.24537037037037038,1847.36,0,0,1,0,1,0,0
3065,235,867,214,58,1123,4.0514018691588785,6898.78,0,0,0,1,0,0,1
2467,1200,810,328,86,1958,2.4695121951219514,4602.71,1,0,0,0,0,0,1
3386,1971,228,92,1,1960,2.4782608695652173,6227.77,0,0,0,1,1,0,0
4763,4133,577,433,77,1435,1.3325635103926097,7232.15,0,0,0,1,0,1,0
4431,4213,763,91,522,954,8.384615384615385,17011.3,0,0,1,0,1,0,0
1404,4112,917,296,444,1754,3.097972972972973,2952.82,0,0,1,0,0,0,1
3134,304,267,46,581,460,5.804347826086956,9107.78,0,1,0,0,0,1,0
3788,4694,522,222,148,1218,2.3513513513513513,6665.98,0,0,1,0,0,1,0
4073,2471,970,496,574,555,1.9556451612903225,6693.43,1,0,0,0,0,0,1
1285,4790,386,142,525,890,2.7183098591549295,2485.14,1,0,0,0,1,0,0
3362,661,902,124,186,636,7.274193548387097,11460.47,0,0,0,1,1,0,0
2207,3414,298,386,677,1044,0.772020725388601,2761.99,0,1,0,0,0,0,1
1940,4060,479,474,522,931,1.010548523206751,2780.43,0,0,0,1,1,0,0
4420,2626,981,220,162,311,4.459090909090909,10443.83,0,0,0,1,1,0,0
2847,2311,112,141,290,842,0.7943262411347518,3739.46,0,1,0,0,1,0,0
4777,2471,813,383,421,1864,2.122715404699739,8234.27,0,0,0,1,0,1,0
4364,4835,158,163,196,680,0.9693251533742331,5965.95,0,1,0,0,0,1,0
3233,2781,93,417,34,1582,0.22302158273381295,3633.42,0,0,0,1,1,0,0
3520,2906,941,432,672,996,2.178240740740741,5853.93,0,0,0,1,0,0,1
1565,3869,35,449,597,1759,0.0779510022271715,1761.11,0,1,0,0,0,0,1
4209,2355,184,447,570,79,0.4116331096196868,5192.79,1,0,0,0,0,0,1
2311,4510,744,303,408,1194,2.4554455445544554,4223.8,0,0,0,1,0,0,1
2904,1000,650,375,297,1938,1.7333333333333334,4506.05,0,0,0,1,1,0,0
1643,1850,431,191,537,246,2.256544502617801,2805.66,1,0,0,0,1,0,0
1789,4999,663,156,36,783,4.25,4093.19,0,1,0,0,0,0,1
1671,3395,355,231,264,472,1.5367965367965368,2590.78,0,1,0,0,1,0,0
4641,3259,311,291,382,1123,1.0687285223367697,6422.1,1,0,0,0,0,0,1
3379,1552,307,136,114,322,2.2573529411764706,5903.21,0,1,0,0,0,0,1
3641,1343,144,317,617,141,0.45425867507886436,4354.48,0,0,1,0,0,1,0
4911,2422,64,212,605,1133,0.3018867924528302,5823.25,0,0,0,1,0,0,1
3123,1770,65,127,601,313,0.5118110236220472,3627.99,0,1,0,0,0,1,0
918,2127,383,70,443,1673,5.4714285714285715,2556.76,1,0,0,0,0,0,1
4621,1868,597,240,163,1145,2.4875,8635.1,0,0,0,1,1,0,0
1224,3763,840,460,38,99,1.826086956521739,2078.44,1,0,0,0,0,1,0
1229,2402,929,159,92,1602,5.8427672955974845,3633.48,0,1,0,0,1,0,0
1802,1269,348,154,631,494,2.25974025974026,3189.34,1,0,0,0,0,0,1
2101,4810,466,404,672,1168,1.1534653465346534,3044.87,1,0,0,0,0,1,0
3978,2532,364,120,101,110,3.033333333333333,8355.54,0,0,0,1,0,0,1
4472,486,141,176,507,484,0.8011363636363636,6039.77,0,0,0,1,0,0,1
1906,2530,502,198,179,130,2.5353535353535355,3385.61,0,1,0,0,1,0,0
3047,3448,563,484,284,1424,1.1632231404958677,4346.57,1,0,0,0,0,1,0
3309,1505,873,58,355,840,15.051724137931034,19686.23,1,0,0,0,1,0,0
2252,223,119,116,297,506,1.0258620689655173,3142.94,0,1,0,0,1,0,0
4741,4097,591,102,535,769,5.794117647058823,13523.28,1,0,0,0,0,1,0
4305,3552,805,133,488,210,6.052631578947368,12512.84,1,0,0,0,1,0,0
644,3996,135,326,279,1782,0.41411042944785276,769.4,1,0,0,0,0,0,1
2501,1724,869,149,544,361,5.832214765100671,7160.49,1,0,0,0,0,1,0
4938,1281,305,406,650,154,0.7512315270935961,6288.07,0,0,1,0,0,1,0
2464,827,188,323,593,1964,0.5820433436532507,3136.42,0,1,0,0,0,1,0
1389,3984,934,20,355,1669,46.7,21507.0,0,1,0,0,0,1,0
3865,3770,819,457,319,533,1.7921225382932167,6326.24,1,0,0,0,0,1,0
1975,1241,895,424,195,1571,2.1108490566037736,3507.42,0,1,0,0,0,1,0
4528,2475,206,404,93,1384,0.5099009900990099,5545.25,0,0,1,0,0,0,1
4787,4131,782,387,433,310,2.020671834625323,8067.79,1,0,0,0,0,1,0
882,458,110,370,558,474,0.2972972972972973,964.06,0,0,0,1,1,0,0
639,3842,946,180,27,736,5.2555555555555555,1758.71,0,0,1,0,1,0,0
2882,2944,582,45,415,636,12.933333333333334,15467.1,0,0,0,1,1,0,0
2768,4638,192,139,162,1776,1.381294964028777,4231.53,0,1,0,0,0,1,0
4814,2311,933,352,101,1970,2.6505681818181817,9190.25,0,1,0,0,1,0,0
4037,1072,818,70,699,876,11.685714285714285,19042.92,0,1,0,0,0,0,1
3056,460,888,429,473,300,2.06993006993007,5064.84,1,0,0,0,1,0,0
3822,2732,18,343,706,341,0.052478134110787174,4150.86,0,0,1,0,0,1,0
3967,3290,422,494,158,1028,0.854251012145749,5072.01,0,0,1,0,0,0,1
1933,1724,727,58,492,635,12.53448275862069,10017.99,1,0,0,0,0,0,1
2246,4028,943,420,9,554,2.2452380952380953,3891.9,1,0,0,0,0,0,1
2270,1856,839,405,212,1193,2.071604938271605,3827.92,0,1,0,0,1,0,0
3491,340,575,195,439,420,2.948717948717949,6721.33,0,0,1,0,1,0,0
1716,4861,701,230,679,1304,3.0478260869565217,3443.25,0,1,0,0,0,1,0
4717,1075,113,15,111,737,7.533333333333333,16423.78,0,0,1,0,0,0,1
1016,4418,135,309,203,389,0.4368932038834951,1183.96,1,0,0,0,0,1,0
4912,2413,555,184,65,1209,3.016304347826087,10013.52,0,1,0,0,0,1,0
2856,1405,686,288,715,1347,2.3819444444444446,5200.74,0,0,1,0,0,1,0
2036,887,954,380,161,11,2.5105263157894737,3702.35,1,0,0,0,0,0,1
4142,2528,819,467,414,1709,1.753747323340471,6518.94,0,0,0,1,0,0,1
3191,655,279,363,645,608,0.768595041322314,4265.0,0,1,0,0,0,1,0
4755,2209,475,373,690,278,1.2734584450402144,6579.43,0,0,1,0,0,0,1
1068,2749,810,213,705,1163,3.8028169014084505,2450.11,0,0,1,0,1,0,0
3464,1659,127,105,266,1018,1.2095238095238094,4917.92,0,1,0,0,0,0,1
3303,4335,875,291,572,1702,3.006872852233677,6733.4,0,0,1,0,1,0,0
989,1463,101,144,205,1723,0.7013888888888888,1257.86,0,0,0,1,0,0,1
892,4059,621,425,667,1110,1.4611764705882353,1293.77,0,0,0,1,0,1,0
3558,689,494,42,584,1924,11.761904761904763,17695.0,0,0,1,0,0,1,0
1081,1849,96,91,156,231,1.054945054945055,1435.36,0,1,0,0,1,0,0
3631,640,243,492,173,1475,0.49390243902439024,4235.06,0,0,1,0,1,0,0
3629,2522,922,157,308,138,5.872611464968153,10443.79,0,0,1,0,0,0,1
901,390,133,104,450,997,1.2788461538461537,1364.44,0,0,0,1,1,0,0
142,2190,212,462,62,531,0.4588744588744589,166.28,1,0,0,0,0,1,0
3449,4035,41,489,373,1362,0.08384458077709611,3736.82,1,0,0,0,0,0,1
1877,4058,366,445,460,1180,0.8224719101123595,2462.16,0,0,1,0,1,0,0
3301,3959,472,179,475,607,2.636871508379888,6107.49,0,1,0,0,0,1,0
449,1355,973,220,381,1041,4.422727272727273,1117.49,0,0,0,1,0,1,0
1667,107,560,394,717,792,1.4213197969543148,2497.04,1,0,0,0,0,0,1
1229,1757,103,200,572,1921,0.515,1500.93,0,0,1,0,0,0,1
3059,4678,531,16,86,1285,33.1875,34219.51,0,1,0,0,0,0,1
3887,4528,736,389,143,1184,1.8920308483290489,6657.87,0,0,0,1,0,0,1
1880,1356,417,323,7,1333,1.2910216718266254,2636.97,1,0,0,0,1,0,0
683,4050,109,351,295,81,0.31054131054131057,798.17,1,0,0,0,0,0,1
4627,1139,253,443,691,697,0.5711060948081265,5899.89,1,0,0,0,1,0,0
3477,2216,67,43,519,213,1.558139534883721,5145.17,0,1,0,0,0,1,0
3501,784,974,60,652,1451,16.233333333333334,20609.96,0,1,0,0,0,0,1
3285,4118,366,129,526,1366,2.8372093023255816,6283.66,0,1,0,0,0,0,1
2294,1897,500,147,34,1383,3.401360544217687,5000.94,0,0,1,0,0,0,1
1262,1924,329,376,329,1703,0.875,1707.57,0,0,0,1,0,0,1
398,3634,28,115,609,1954,0.24347826086956523,462.18,0,0,1,0,0,0,1
3447,162,366,291,638,206,1.2577319587628866,4936.34,0,0,0,1,0,0,1
2039,360,126,41,34,1360,3.073170731707317,4308.3,0,1,0,0,0,0,1
888,3671,145,133,406,1285,1.0902255639097744,1221.58,1,0,0,0,1,0,0
2989,3292,848,179,18,1810,4.737430167597766,7819.91,0,1,0,0,0,0,1
1477,1588,305,484,430,900,0.6301652892561983,1817.84,0,0,1,0,0,0,1
2049,1230,534,455,428,748,1.1736263736263737,2830.95,0,1,0,0,0,0,1
3372,4375,110,21,293,1267,5.238095238095238,8962.78,0,1,0,0,1,0,0
977,454,389,177,580,1756,2.1977401129943503,1652.39,0,1,0,0,0,0,1
3842,2874,164,352,80,877,0.4659090909090909,4435.54,1,0,0,0,0,0,1
1677,688,603,87,86,1883,6.931034482758621,5351.95,0,0,0,1,0,1,0
3239,704,609,43,572,582,14.162790697674419,17250.55,0,0,0,1,0,0,1
2592,2328,114,218,48,395,0.5229357798165137,3149.26,0,0,1,0,0,1,0
2855,273,651,335,691,1967,1.9432835820895522,4535.43,0,0,0,1,0,1,0
2003,453,793,420,84,1749,1.888095238095238,3272.89,0,1,0,0,0,0,1
1482,3390,535,17,607,337,31.470588235294116,16956.22,1,0,0,0,0,0,1
4340,533,137,234,308,799,0.5854700854700855,5285.37,0,1,0,0,0,0,1
2422,3052,410,236,252,1762,1.7372881355932204,3735.02,0,1,0,0,0,1,0
2656,358,581,184,481,781,3.157608695652174,5329.83,0,0,1,0,1,0,0
1961,967,975,90,180,279,10.833333333333334,8993.72,0,1,0,0,1,0,0
1966,2706,748,291,596,249,2.570446735395189,3591.27,0,1,0,0,0,0,1
4147,3745,538,66,310,833,8.151515151515152,14836.25,0,0,1,0,0,0,1
3275,695,566,144,426,1732,3.9305555555555554,7699.71,0,0,0,1,0,1,0
1198,493,559,247,486,1054,2.263157894736842,2063.79,0,0,0,1,0,1,0
1834,4531,133,481,662,1951,0.2765072765072765,2081.13,0,0,0,1,1,0,0
4763,2210,369,226,39,1839,1.6327433628318584,7140.85,0,0,1,0,0,1,0
3516,3964,73,236,279,912,0.3093220338983051,3909.16,0,0,1,0,1,0,0
4726,4239,898,35,625,939,25.65714285714286,41963.58,1,0,0,0,0,0,1
780,2300,774,196,376,1155,3.9489795918367347,1783.06,1,0,0,0,1,0,0
2170,4097,783,379,639,524,2.0659630606860158,3803.51,0,1,0,0,1,0,0
4924,3953,965,127,41,460,7.5984251968503935,16720.87,0,1,0,0,0,0,1
1829,3854,633,206,670,395,3.0728155339805827,3648.8,0,0,1,0,1,0,0
2291,4470,111,125,718,1552,0.888,2988.65,0,0,1,0,0,1,0
767,3529,570,312,47,413,1.8269230769230769,1225.43,1,0,0,0,0,1,0
1712,4621,286,111,484,117,2.5765765765765765,3157.81,0,1,0,0,0,0,1
780,4678,236,389,185,1173,0.6066838046272494,1004.89,0,1,0,0,0,0,1
1072,313,32,172,72,109,0.18604651162790697,1134.59,0,1,0,0,0,1,0
2946,2226,853,423,569,236,2.016548463356974,5023.54,0,0,0,1,0,1,0
2232,238,706,187,574,826,3.7754010695187166,5182.55,1,0,0,0,0,1,0
2563,4293,73,482,342,1451,0.15145228215767634,2791.17,0,0,0,1,0,1,0
2629,4060,166,289,569,1010,0.5743944636678201,3282.64,0,1,0,0,1,0,0
2603,763,804,295,243,1541,2.7254237288135594,5008.4,0,0,1,0,0,1,0
4492,2932,399,221,328,1204,1.8054298642533937,7159.5,1,0,0,0,0,0,1
3283,1173,158,63,636,909,2.507936507936508,5832.12,0,0,0,1,0,0,1
4133,4674,848,76,153,1873,11.157894736842104,18362.27,0,1,0,0,0,1,0
3267,4122,372,41,255,396,9.073170731707316,12229.47,0,0,0,1,1,0,0
3097,261,690,260,424,977,2.6538461538461537,5988.08,0,0,1,0,0,1,0
3327,1600,473,17,232,1,27.823529411764707,32754.57,1,0,0,0,0,1,0
2252,3278,654,443,529,8,1.4762979683972912,3504.67,0,0,1,0,0,0,1
1828,4590,408,440,592,144,0.9272727272727272,2404.32,0,0,1,0,0,0,1
2124,4996,414,224,496,1679,1.8482142857142858,3567.36,1,0,0,0,1,0,0
429,285,835,55,176,275,15.181818181818182,2456.58,0,1,0,0,1,0,0
2586,4753,141,89,551,1689,1.5842696629213484,3861.37,0,1,0,0,1,0,0
1255,2080,206,44,143,287,4.681818181818182,3178.79,0,0,0,1,0,0,1
1990,4641,656,198,17,490,3.313131313131313,4343.03,0,1,0,0,1,0,0
4577,4088,44,98,249,1666,0.4489795918367347,5408.71,0,1,0,0,0,1,0
2285,929,429,344,35,633,1.247093023255814,3301.71,0,1,0,0,0,1,0
2417,3619,386,444,146,1595,0.8693693693693694,3184.9,0,0,0,1,0,0,1
3721,3611,408,456,165,729,0.8947368421052632,4935.69,1,0,0,0,0,1,0
4591,3428,229,145,111,31,1.5793103448275863,6911.22,0,1,0,0,1,0,0
2611,3448,907,43,647,964,21.093023255813954,19941.51,0,0,1,0,0,1,0
549,2585,897,290,74,1476,3.093103448275862,1111.03,0,1,0,0,1,0,0
1454,4711,706,122,668,244,5.786885245901639,4274.56,0,1,0,0,1,0,0
1393,1325,526,181,354,140,2.9060773480662982,2643.91,1,0,0,0,1,0,0
2565,4951,592,348,274,401,1.7011494252873562,4095.48,0,0,1,0,0,1,0
3202,2944,351,52,279,725,6.75,10327.45,0,0,0,1,0,0,1
1949,2833,762,391,660,1565,1.948849104859335,3206.72,0,1,0,0,1,0,0
3275,4520,872,443,31,982,1.9683972911963883,5495.01,0,1,0,0,0,1,0
4381,4096,425,22,526,164,19.318181818181817,31886.83,0,1,0,0,0,0,1
3299,2770,465,183,535,104,2.540983606557377,6084.21,0,1,0,0,0,1,0
1333,4882,306,134,510,63,2.283582089552239,2321.08,0,0,1,0,0,0,1
1537,1598,947,341,514,15,2.777126099706745,3049.9,1,0,0,0,0,1,0
3452,1788,340,216,178,1822,1.5740740740740742,5584.64,1,0,0,0,1,0,0
4130,2547,714,352,329,1518,2.028409090909091,6787.11,0,1,0,0,0,1,0
352,967,689,446,571,179,1.5448430493273542,560.95,0,0,0,1,0,0,1
118,4412,348,456,688,1547,0.7631578947368421,152.93,0,0,1,0,1,0,0
2859,3108,757,113,172,441,6.699115044247788,8990.26,0,0,1,0,1,0,0
322,3624,815,139,396,525,5.863309352517986,967.74,0,0,0,1,0,1,0
102,2112,307,49,595,727,6.26530612244898,320.46,0,1,0,0,1,0,0
1359,339,769,32,35,1512,24.03125,11460.73,0,1,0,0,0,0,1
4423,147,686,261,297,311,2.628352490421456,8194.05,0,1,0,0,1,0,0
4694,4149,321,452,469,738,0.7101769911504425,6179.16,0,0,0,1,0,0,1
2668,3557,592,334,495,1599,1.7724550898203593,4287.26,0,0,1,0,0,0,1
1985,3379,752,299,622,1791,2.5150501672240804,3583.02,1,0,0,0,0,0,1
1399,3328,64,211,235,130,0.3033175355450237,1673.16,0,1,0,0,1,0,0
2438,1348,994,164,39,968,6.060975609756097,7020.12,0,0,0,1,1,0,0
1176,1267,703,64,219,1490,10.984375,5359.59,0,0,0,1,0,1,0
3858,3590,543,115,217,1976,4.721739130434782,9721.88,0,1,0,0,0,0,1
3281,1997,804,269,706,1526,2.9888475836431225,6503.76,0,0,0,1,0,0,1
4910,3636,114,461,675,1287,0.2472885032537961,5330.16,0,1,0,0,0,1,0
1047,2279,184,209,628,1195,0.8803827751196173,1357.56,0,1,0,0,0,1,0
3838,4820,303,335,673,927,0.9044776119402985,4960.9,0,1,0,0,0,0,1
2831,2070,889,226,601,1981,3.933628318584071,6634.49,0,0,1,0,0,0,1
4107,4796,560,420,420,1430,1.3333333333333333,6150.99,0,0,0,1,0,1,0
969,2820,920,56,653,1726,16.428571428571427,6200.98,1,0,0,0,1,0,0
193,2481,384,379,174,1820,1.0131926121372032,269.26,0,0,1,0,0,1,0
3087,2043,459,126,713,1049,3.642857142857143,6543.81,0,1,0,0,0,0,1
4755,3246,454,383,113,1012,1.185378590078329,7076.74,0,0,0,1,0,0,1
1875,3583,69,433,174,449,0.15935334872979215,2001.67,1,0,0,0,1,0,0
2360,3796,401,221,74,160,1.8144796380090498,3772.38,0,1,0,0,0,0,1
535,2925,821,164,637,1241,5.0060975609756095,1433.09,0,0,0,1,0,0,1
4400,1927,820,272,536,688,3.014705882352941,8497.1,0,1,0,0,0,1,0
3244,322,399,160,32,848,2.49375,5767.61,1,0,0,0,1,0,0
3687,1846,221,221,254,1757,1.0,5213.25,0,0,0,1,0,1,0
176,629,676,201,497,490,3.36318407960199,365.32,1,0,0,0,1,0,0
915,233,694,378,113,280,1.835978835978836,1513.42,0,1,0,0,0,0,1
867,3903,544,252,195,81,2.1587301587301586,1551.16,0,1,0,0,0,1,0
3785,4586,249,107,528,1149,2.3271028037383177,7052.94,1,0,0,0,0,1,0
205,201,497,38,441,170,13.078947368421053,1030.58,0,0,1,0,0,1,0
4016,3823,730,198,489,1606,3.686868686868687,8561.91,0,0,1,0,1,0,0
2973,2828,131,181,497,1614,0.7237569060773481,3886.56,0,0,0,1,0,0,1
3446,2645,262,380,620,1114,0.6894736842105263,4237.05,0,0,0,1,0,0,1
3248,2658,150,206,24,380,0.7281553398058253,4187.13,0,0,1,0,1,0,0
3248,3141,461,164,290,860,2.8109756097560976,6305.91,1,0,0,0,0,1,0
1565,2100,861,149,308,111,5.778523489932886,4517.55,0,1,0,0,0,0,1
2687,1048,883,410,304,164,2.153658536585366,4710.47,0,1,0,0,0,0,1
344,1668,841,302,631,415,2.7847682119205297,685.11,0,0,0,1,0,1,0
2725,2153,162,299,693,640,0.5418060200668896,3254.04,0,0,0,1,1,0,0
3949,3105,902,265,38,155,3.4037735849056605,8424.62,0,1,0,0,0,0,1
1505,293,735,487,386,194,1.5092402464065708,2260.04,0,0,1,0,0,1,0
1081,841,317,173,581,1500,1.8323699421965318,1728.63,0,0,0,1,0,1,0
3908,4006,569,143,82,685,3.979020979020979,8590.51,0,1,0,0,0,1,0
241,3059,326,361,118,1836,0.9030470914127424,324.65,0,0,0,1,1,0,0
992,4668,538,425,50,825,1.2658823529411765,1501.84,0,0,1,0,0,0,1
2499,2363,305,338,669,21,0.9023668639053254,3417.24,1,0,0,0,1,0,0
4740,3520,852,387,74,823,2.201550387596899,8061.7,0,0,0,1,1,0,0
3060,3023,354,415,695,1023,0.8530120481927711,4118.28,0,1,0,0,0,1,0
2299,3354,590,275,106,109,2.1454545454545455,3891.06,0,0,1,0,0,1,0
1569,3339,606,38,701,399,15.947368421052632,9759.4,0,1,0,0,0,1,0
2800,3965,291,148,599,930,1.9662162162162162,4832.21,0,0,1,0,1,0,0
3105,137,217,357,326,872,0.6078431372549019,3793.95,1,0,0,0,0,0,1
4958,1798,961,459,684,1923,2.093681917211329,8073.91,1,0,0,0,0,1,0
3474,4666,561,321,356,129,1.7476635514018692,5456.93,0,1,0,0,0,0,1
4819,4126,990,94,468,1533,10.53191489361702,20457.63,1,0,0,0,0,0,1
755,3313,105,258,656,280,0.4069767441860465,899.59,0,0,0,1,0,0,1
2868,1883,461,360,284,427,1.2805555555555554,4084.94,0,0,1,0,0,1,0
142,2066,771,323,185,1051,2.386996904024768,244.56,0,0,1,0,0,0,1
2411,202,382,242,154,905,1.578512396694215,3741.51,0,0,1,0,1,0,0
1760,141,657,317,118,344,2.0725552050473186,3103.97,1,0,0,0,1,0,0
4791,3094,82,70,267,1425,1.1714285714285715,6766.92,1,0,0,0,1,0,0
2324,3318,822,282,385,604,2.9148936170212765,4520.19,0,0,0,1,0,1,0
2210,3090,794,228,255,1319,3.482456140350877,4599.54,1,0,0,0,1,0,0
1057,4388,690,295,241,1591,2.3389830508474576,1868.37,0,0,1,0,0,0,1
660,3469,342,498,171,196,0.6867469879518072,822.32,0,0,0,1,0,1,0
1430,1161,402,258,617,893,1.558139534883721,2307.22,0,0,0,1,0,1,0
1412,2649,719,81,548,733,8.876543209876543,5187.86,0,0,1,0,0,0,1
1921,1776,868,302,578,1837,2.8741721854304636,3662.83,0,1,0,0,1,0,0
3102,3789,115,398,185,156,0.2889447236180904,3394.03,1,0,0,0,0,0,1
3503,4097,110,419,702,440,0.26252983293556087,4102.9,1,0,0,0,0,0,1
2751,425,368,207,667,101,1.7777777777777777,4394.23,0,0,1,0,0,1,0
1914,1220,756,89,410,1949,8.49438202247191,7332.26,0,1,0,0,1,0,0
1841,207,801,394,653,748,2.032994923857868,3168.97,1,0,0,0,1,0,0
4801,2778,338,146,588,500,2.315068493150685,8890.38,0,1,0,0,1,0,0
3908,434,898,222,146,1309,4.045045045045045,8670.97,0,0,1,0,0,0,1
2977,2139,627,336,38,1093,1.8660714285714286,4739.87,0,0,1,0,0,1,0
3370,903,404,116,490,1803,3.4827586206896552,7374.84,0,1,0,0,0,1,0
4183,1948,44,457,262,386,0.0962800875273523,4555.69,0,0,1,0,0,1,0
845,866,166,216,126,1476,0.7685185185185185,1112.05,0,0,1,0,1,0,0
657,3627,913,161,604,138,5.670807453416149,1876.85,0,0,0,1,1,0,0
3401,2406,282,142,345,248,1.9859154929577465,5742.56,0,1,0,0,0,1,0
1041,2929,976,444,261,103,2.1981981981981984,1888.6,1,0,0,0,0,0,1
4123,1588,405,175,443,1644,2.3142857142857145,7629.11,1,0,0,0,0,1,0
2396,4229,761,422,108,1736,1.8033175355450237,3706.25,0,0,0,1,0,0,1
1039,3666,216,439,557,510,0.4920273348519362,1241.69,0,0,1,0,0,1,0
1710,2473,766,189,437,1399,4.052910052910053,3982.61,0,0,1,0,0,0,1
1825,936,614,130,514,727,4.723076923076923,4568.75,0,0,0,1,0,1,0
1084,3409,630,183,713,1179,3.442622950819672,2214.46,0,0,0,1,1,0,0
1687,3712,315,340,90,87,0.9264705882352942,2257.71,0,0,1,0,1,0,0
4121,4934,635,77,215,880,8.246753246753247,15713.31,0,1,0,0,1,0,0
1436,2891,545,196,627,1506,2.7806122448979593,2652.91,0,0,0,1,1,0,0
3237,4312,814,147,319,931,5.537414965986395,9317.9,0,1,0,0,0,1,0
761,4083,471,363,604,1233,1.2975206611570247,1077.91,1,0,0,0,1,0,0
132,3868,261,397,698,1007,0.6574307304785895,167.15,0,0,1,0,0,0,1
3514,1604,276,317,670,1202,0.8706624605678234,4603.38,0,1,0,0,0,0,1
1256,2550,876,339,57,1610,2.584070796460177,2307.5,0,1,0,0,1,0,0
3226,3144,218,490,559,1014,0.4448979591836735,3974.85,0,0,1,0,1,0,0
160,2133,964,247,402,258,3.902834008097166,381.15,0,0,1,0,1,0,0
4028,1799,576,27,222,273,21.333333333333332,30959.75,1,0,0,0,0,1,0
1643,2380,548,85,475,863,6.447058823529412,5129.5,0,0,1,0,0,0,1
371,1407,844,444,108,848,1.9009009009009008,614.99,0,1,0,0,0,0,1
4176,2627,512,160,180,1048,3.2,8247.92,0,0,0,1,0,0,1
3488,3938,965,117,177,825,8.247863247863247,12168.45,0,0,1,0,0,1,0
2852,1075,523,162,487,1607,3.228395061728395,6048.42,0,0,1,0,0,1,0
2809,2156,589,325,414,595,1.8123076923076924,4507.31,0,0,0,1,0,0,1
1254,4910,923,46,692,400,20.065217391304348,9073.28,0,0,1,0,0,0,1
4505,2526,157,461,37,353,0.3405639913232104,5454.64,0,0,1,0,0,0,1
3953,3774,990,342,575,804,2.8947368421052633,7448.82,0,0,0,1,1,0,0
1845,2528,840,155,268,1325,5.419354838709677,4974.96,0,1,0,0,0,1,0
3532,3833,983,135,388,10,7.281481481481482,12211.14,1,0,0,0,0,0,1
437,459,849,294,354,1855,2.8877551020408165,849.43,1,0,0,0,1,0,0
109,2323,651,117,270,1067,5.564102564102564,307.94,1,0,0,0,0,0,1
4244,584,995,295,269,1075,3.3728813559322033,8579.66,0,1,0,0,0,0,1
830,1528,92,249,442,719,0.36947791164658633,1006.85,1,0,0,0,0,1,0
4990,2180,51,384,305,107,0.1328125,5259.86,0,1,0,0,0,0,1
1748,795,165,111,246,771,1.4864864864864864,2581.44,0,0,1,0,0,1,0
4328,4760,678,229,178,1730,2.960698689956332,8300.31,1,0,0,0,0,1,0
3754,301,462,16,67,1259,28.875,38077.61,0,0,0,1,0,0,1
2230,3957,628,225,277,490,2.7911111111111113,4431.94,0,1,0,0,1,0,0
4571,1298,293,178,208,675,1.646067415730337,7010.51,1,0,0,0,0,0,1
2496,1367,197,83,307,475,2.3734939759036147,4334.09,0,0,0,1,0,0,1
4466,3070,626,302,550,581,2.0728476821192054,7540.12,1,0,0,0,0,0,1
1606,173,633,36,631,847,17.583333333333332,11066.93,0,1,0,0,1,0,0
2258,195,483,286,538,1316,1.6888111888111887,3405.76,0,1,0,0,0,1,0
3016,4368,516,493,518,1841,1.0466531440162272,4162.75,0,0,1,0,1,0,0
4271,3577,142,52,274,1505,2.730769230769231,8290.03,0,1,0,0,1,0,0
3329,2302,280,316,233,1793,0.8860759493670886,4553.87,1,0,0,0,0,0,1
3703,357,631,102,114,460,6.186274509803922,11364.45,0,1,0,0,0,0,1
1766,3758,82,80,134,1962,1.025,2326.23,0,0,0,1,1,0,0
4524,4525,937,278,425,425,3.370503597122302,9518.68,0,0,1,0,0,1,0
4236,2906,445,118,690,329,3.7711864406779663,9099.52,0,0,1,0,0,1,0
3069,4356,867,190,25,1209,4.563157894736842,7720.95,0,1,0,0,0,0,1
2789,285,302,224,560,767,1.3482142857142858,3947.22,1,0,0,0,0,1,0
2426,242,664,456,280,506,1.456140350877193,3502.66,0,0,1,0,0,1,0
2910,3453,946,123,343,628,7.691056910569106,9918.82,1,0,0,0,0,1,0
2616,739,781,194,72,1940,4.025773195876289,6317.64,1,0,0,0,1,0,0
3571,3849,766,418,201,478,1.832535885167464,5927.12,0,0,0,1,1,0,0
112,2174,446,134,326,14,3.328358208955224,223.92,0,0,1,0,0,0,1
3070,4068,861,114,33,890,7.552631578947368,10311.44,0,1,0,0,0,1,0
3721,301,676,246,97,727,2.747967479674797,6800.43,1,0,0,0,0,0,1
3783,3192,670,150,557,1117,4.466666666666667,9112.75,0,0,1,0,1,0,0
3573,3265,69,302,263,1011,0.22847682119205298,4079.62,0,0,1,0,0,0,1
3222,3179,607,167,70,746,3.6347305389221556,7247.07,1,0,0,0,1,0,0
3564,4667,713,483,293,180,1.4761904761904763,5555.84,0,1,0,0,1,0,0
752,2202,336,405,207,566,0.8296296296296296,1024.63,0,0,1,0,0,0,1
720,1010,952,458,172,305,2.078602620087336,1211.74,0,0,1,0,0,1,0
3890,1671,191,283,395,475,0.6749116607773852,5081.11,0,1,0,0,0,0,1
1745,3548,808,387,256,1566,2.0878552971576227,3044.5,1,0,0,0,0,1,0
2343,2259,794,350,264,899,2.2685714285714287,4149.32,1,0,0,0,0,0,1
4612,4425,776,126,264,524,6.158730158730159,14386.96,1,0,0,0,0,0,1
4859,2644,443,383,517,1135,1.156657963446475,7165.36,1,0,0,0,0,0,1
3591,1429,528,71,10,1439,7.436619718309859,12643.91,0,1,0,0,1,0,0
3811,3713,647,33,271,421,19.606060606060606,26756.98,0,0,0,1,0,0,1
3788,560,92,69,312,411,1.3333333333333333,5413.45,0,1,0,0,1,0,0
1479,906,37,410,370,1908,0.09024390243902439,1655.91,0,1,0,0,1,0,0
4343,3799,275,371,567,1944,0.7412398921832885,5520.0,1,0,0,0,1,0,0
2145,2373,292,325,553,1648,0.8984615384615384,2940.32,0,0,1,0,0,0,1
3148,158,406,274,650,681,1.4817518248175183,4859.74,0,1,0,0,0,0,1
1488,2575,971,189,391,616,5.137566137566138,4069.69,1,0,0,0,0,0,1
501,4923,991,241,115,1984,4.1120331950207465,1121.98,0,0,1,0,0,0,1
2753,1255,772,485,575,523,1.5917525773195875,4242.52,0,1,0,0,1,0,0
4424,597,989,152,344,1883,6.506578947368421,14178.86,0,0,0,1,0,1,0
4023,4425,709,342,410,329,2.073099415204678,6844.7,0,0,0,1,0,1,0
367,4528,392,421,546,272,0.9311163895486936,501.92,1,0,0,0,1,0,0
4321,4076,820,254,378,14,3.2283464566929134,9148.91,0,0,1,0,1,0,0
1825,1707,590,90,456,175,6.555555555555555,5479.55,0,0,1,0,0,1,0
1212,820,328,135,423,158,2.4296296296296296,2128.05,1,0,0,0,0,1,0
2775,1374,847,146,444,622,5.801369863013699,8155.64,1,0,0,0,0,1,0
4884,3967,620,65,197,1688,9.538461538461538,18962.67,0,0,1,0,0,1,0
1380,790,202,222,363,234,0.9099099099099099,1816.76,0,0,0,1,0,1,0
1332,4123,236,103,410,141,2.29126213592233,2453.94,0,0,0,1,0,0,1
4476,4252,460,392,574,1505,1.1734693877551021,6399.32,0,1,0,0,0,1,0
4638,3537,191,468,394,119,0.4081196581196581,5679.84,0,1,0,0,0,0,1
1963,2455,941,487,509,382,1.9322381930184804,3196.84,0,0,1,0,0,0,1
4584,849,336,301,566,1545,1.1162790697674418,6508.67,0,0,0,1,1,0,0
716,3151,614,137,671,689,4.481751824817518,1726.82,0,1,0,0,1,0,0
246,4873,664,449,294,1434,1.4788418708240534,359.08,0,0,0,1,0,1,0
4716,3664,212,226,25,49,0.9380530973451328,6641.85,0,0,0,1,1,0,0
4825,4755,411,208,237,1834,1.9759615384615385,7820.64,0,0,1,0,0,1,0
3777,1804,653,29,461,1965,22.517241379310345,29843.38,0,0,0,1,1,0,0
388,3545,481,64,321,1394,7.515625,1369.14,0,0,1,0,1,0,0
1509,4544,788,255,100,1357,3.0901960784313727,3141.22,0,1,0,0,0,1,0
113,2477,655,260,690,149,2.519230769230769,217.8,1,0,0,0,1,0,0
356,3331,899,69,408,157,13.028985507246377,1760.03,0,0,0,1,0,1,0
1821,2315,188,172,155,604,1.0930232558139534,2440.88,1,0,0,0,1,0,0
1523,985,707,211,434,152,3.3507109004739335,3190.97,1,0,0,0,0,1,0
3090,964,965,236,434,1485,4.088983050847458,7287.64,0,0,1,0,0,0,1
1295,3594,27,138,143,376,0.1956521739130435,1376.22,0,0,0,1,0,1,0
4659,3154,472,471,529,682,1.0021231422505308,6155.65,0,0,0,1,1,0,0
4465,885,844,54,285,596,15.62962962962963,27187.42,0,1,0,0,0,0,1
1344,556,922,206,5,1895,4.475728155339806,3359.11,1,0,0,0,0,0,1
3323,444,618,433,523,1863,1.4272517321016167,4788.39,1,0,0,0,0,1,0
3570,653,555,175,436,1449,3.1714285714285713,7615.65,0,0,1,0,0,1,0
4267,887,935,256,418,1072,3.65234375,9170.18,0,0,0,1,0,0,1
4069,1919,412,235,81,1359,1.7531914893617022,6760.01,0,0,0,1,0,1,0
1406,804,402,289,545,1753,1.3910034602076125,2176.65,1,0,0,0,0,1,0
2221,1052,945,269,377,589,3.513011152416357,4785.28,0,1,0,0,0,1,0
2502,914,309,356,159,1023,0.8679775280898876,3283.42,1,0,0,0,1,0,0
596,1648,360,206,627,1579,1.7475728155339805,933.73,0,0,0,1,1,0,0
3499,243,196,116,217,776,1.6896551724137931,5698.33,0,0,1,0,0,0,1
3706,2877,356,278,670,1493,1.2805755395683454,5230.59,0,0,1,0,0,0,1
1009,3866,632,241,45,1599,2.6224066390041494,1914.96,0,0,1,0,0,0,1
472,3925,418,414,632,1269,1.0096618357487923,649.85,0,0,0,1,0,1,0
4557,1316,768,110,215,632,6.9818181818181815,14452.83,0,0,0,1,0,1,0
1444,1907,80,169,511,1855,0.47337278106508873,1811.18,0,0,1,0,0,1,0
423,4570,830,431,128,262,1.925754060324826,723.86,0,0,0,1,0,0,1
2531,4872,953,104,254,842,9.163461538461538,9508.3,0,1,0,0,0,0,1
4770,2839,336,425,550,1274,0.7905882352941176,6150.52,0,0,1,0,1,0,0
4931,1389,221,216,352,1521,1.0231481481481481,6675.88,0,1,0,0,0,1,0
2884,655,318,322,606,1076,0.9875776397515528,4068.49,0,1,0,0,0,1,0
2493,962,117,441,541,489,0.2653061224489796,2762.61,0,0,0,1,1,0,0
4020,2585,186,423,164,1813,0.4397163120567376,5004.62,0,0,0,1,0,0,1
1315,2455,436,244,649,1166,1.7868852459016393,2060.34,0,0,1,0,0,0,1
1795,1065,749,336,535,1396,2.2291666666666665,3068.46,0,0,0,1,0,0,1
2007,2495,540,431,131,251,1.2529002320185614,2945.3,0,1,0,0,0,1,0
4914,575,843,488,598,314,1.7274590163934427,7580.78,0,0,0,1,1,0,0
880,1438,427,437,696,1249,0.977116704805492,1239.1,0,0,1,0,1,0,0
1119,624,257,163,504,1689,1.5766871165644172,1666.41,1,0,0,0,0,0,1
3365,2671,218,109,424,1080,2.0,5913.42,1,0,0,0,0,1,0
1503,661,225,247,184,1363,0.9109311740890689,2081.12,0,0,0,1,1,0,0
1526,3802,722,116,671,1545,6.224137931034483,4742.79,1,0,0,0,0,1,0
763,4764,447,355,523,753,1.2591549295774649,1094.03,0,1,0,0,0,0,1
2747,1305,778,373,554,1007,2.0857908847184987,4695.29,1,0,0,0,0,0,1
110,4133,627,139,235,1524,4.510791366906475,270.67,1,0,0,0,1,0,0
1138,3947,997,308,131,1508,3.237012987012987,2464.61,0,1,0,0,0,0,1
2925,4301,320,52,697,164,6.153846153846154,8353.99,0,0,1,0,1,0,0
3103,2338,792,72,14,1465,11.0,13852.21,1,0,0,0,0,0,1
4780,1260,392,82,659,975,4.780487804878049,12761.96,1,0,0,0,1,0,0
1175,4895,990,195,380,133,5.076923076923077,3074.13,1,0,0,0,0,0,1
3188,3925,280,126,60,81,2.2222222222222223,5525.01,0,0,1,0,0,0,1
1889,171,130,313,292,350,0.41533546325878595,2258.48,0,0,0,1,0,1,0
3136,854,416,14,160,1671,29.714285714285715,33912.01,0,0,0,1,0,1,0
4938,3952,254,484,447,134,0.5247933884297521,5883.76,0,0,1,0,0,0,1
3753,1004,75,85,538,975,0.8823529411764706,5196.22,0,1,0,0,1,0,0
3275,151,951,300,577,1076,3.17,6570.07,0,0,0,1,0,0,1
4399,2721,237,358,386,494,0.6620111731843575,5702.59,0,0,1,0,0,1,0
1176,3290,891,409,70,202,2.1784841075794623,1998.21,0,0,1,0,1,0,0
1073,4048,146,92,382,710,1.5869565217391304,1595.4,0,1,0,0,0,0,1
1965,1387,203,442,685,618,0.4592760180995475,2417.35,0,0,1,0,0,0,1
3225,4880,715,69,225,1847,10.36231884057971,13846.92,0,0,0,1,0,1,0
1399,1872,667,116,508,756,5.75,3961.24,0,0,0,1,1,0,0
3506,4002,666,126,665,1532,5.285714285714286,9455.23,0,0,1,0,1,0,0
1258,4020,498,316,40,1769,1.5759493670886076,1966.07,0,0,1,0,1,0,0
3229,1049,593,392,146,973,1.5127551020408163,4817.72,0,1,0,0,0,0,1
204,3238,363,356,366,1038,1.0196629213483146,272.72,0,1,0,0,0,1,0
3667,2516,939,91,610,1409,10.31868131868132,15744.64,1,0,0,0,0,0,1
4448,2379,974,324,248,1761,3.006172839506173,8489.58,0,0,1,0,0,1,0
4490,1525,713,329,12,1747,2.1671732522796354,7885.48,1,0,0,0,0,1,0
1281,1684,565,370,536,1225,1.527027027027027,2021.53,1,0,0,0,1,0,0
4744,1146,166,150,510,165,1.1066666666666667,6778.66,1,0,0,0,0,0,1
3238,2265,967,231,245,561,4.186147186147186,7647.22,1,0,0,0,1,0,0
4494,4123,485,419,171,1932,1.1575178997613365,6396.88,0,0,0,1,0,1,0
3634,1276,25,79,32,1157,0.31645569620253167,3989.42,0,1,0,0,0,1,0
4296,2260,87,396,626,582,0.2196969696969697,4996.93,0,0,1,0,1,0,0
3227,1131,61,480,429,1908,0.12708333333333333,3536.98,0,1,0,0,1,0,0
1874,3388,523,21,35,119,24.904761904761905,16377.77,0,1,0,0,0,1,0
3914,4626,513,306,205,1675,1.6764705882352942,6055.21,0,1,0,0,0,0,1
191,1415,753,114,384,1779,6.605263157894737,607.05,0,1,0,0,1,0,0
546,992,70,216,266,693,0.32407407407407407,634.09,0,1,0,0,0,0,1
208,206,141,74,577,1510,1.9054054054054055,333.04,0,1,0,0,0,1,0
4512,3180,391,72,443,1207,5.430555555555555,12349.08,0,0,0,1,1,0,0
3339,844,573,187,610,1482,3.064171122994652,6841.7,0,1,0,0,1,0,0
4153,721,818,440,697,335,1.8590909090909091,6661.8,0,0,1,0,0,1,0
4637,4340,701,17,485,1586,41.23529411764706,65156.9,0,0,1,0,1,0,0
1345,920,552,168,470,1717,3.2857142857142856,2738.86,1,0,0,0,1,0,0
2820,511,419,20,266,637,20.95,20690.96,1,0,0,0,0,0,1
377,213,164,282,109,231,0.5815602836879432,459.96,0,1,0,0,1,0,0
3156,2546,642,420,489,311,1.5285714285714285,4940.25,1,0,0,0,0,0,1
4764,3446,60,389,178,1884,0.15424164524421594,5091.03,1,0,0,0,1,0,0
3022,4319,104,104,249,3,1.0,4225.01,0,1,0,0,1,0,0
2613,185,697,164,5,1912,4.25,6342.56,1,0,0,0,0,1,0
938,4242,532,215,157,1936,2.474418604651163,1717.22,0,0,1,0,0,1,0
2901,1672,913,124,230,685,7.362903225806452,10213.26,0,1,0,0,1,0,0
129,2105,533,388,628,81,1.3737113402061856,198.26,0,0,1,0,0,0,1
1357,4179,364,96,261,1956,3.7916666666666665,3063.94,0,0,1,0,0,1,0
464,903,54,321,321,1299,0.16822429906542055,514.6,0,0,0,1,0,1,0
1900,3434,811,206,127,388,3.936893203883495,4259.14,0,0,0,1,0,1,0
1004,3449,214,359,28,827,0.596100278551532,1292.46,1,0,0,0,1,0,0
4893,1169,740,107,510,1369,6.91588785046729,16392.74,0,0,1,0,0,0,1
2278,2769,849,440,228,219,1.9295454545454545,3863.54,1,0,0,0,0,0,1
2950,4241,440,28,641,652,15.714285714285714,17072.72,0,1,0,0,1,0,0
2936,2871,265,322,541,63,0.8229813664596274,3918.48,0,0,1,0,0,1,0
4546,4735,257,424,179,440,0.6061320754716981,5508.63,1,0,0,0,0,0,1
279,4282,542,25,676,1051,21.68,2133.15,0,0,1,0,0,0,1
3973,1508,50,54,672,708,0.9259259259259259,5462.03,1,0,0,0,1,0,0
4060,3840,468,164,288,1405,2.8536585365853657,8258.99,0,1,0,0,0,0,1
1286,364,799,454,494,1688,1.7599118942731278,1986.37,0,0,0,1,0,0,1
4059,3948,286,419,265,1788,0.6825775656324582,4970.36,0,0,1,0,0,1,0
873,3193,933,240,467,1272,3.8875,1932.6,1,0,0,0,0,1,0
4705,4898,204,166,395,1178,1.2289156626506024,7059.69,0,0,0,1,0,1,0
4560,1573,80,122,432,210,0.6557377049180327,5837.08,0,1,0,0,0,0,1
452,4381,279,386,435,1046,0.7227979274611399,587.32,0,0,0,1,0,1,0
4607,425,344,368,388,1606,0.9347826086956522,6196.88,0,1,0,0,1,0,0
4930,1306,594,392,537,1043,1.5153061224489797,7556.66,1,0,0,0,0,1,0
3128,4592,317,53,145,509,5.981132075471698,8994.33,0,1,0,0,0,1,0
217,1604,436,374,175,1637,1.1657754010695187,297.42,0,0,0,1,0,0,1
581,3634,208,422,520,674,0.4928909952606635,718.95,1,0,0,0,0,1,0
4387,1540,85,374,314,651,0.22727272727272727,4906.69,1,0,0,0,1,0,0
2737,1055,796,119,621,888,6.689075630252101,8440.08,0,0,1,0,0,1,0
206,654,804,120,129,1624,6.7,659.3,1,0,0,0,0,1,0
4577,3354,667,232,514,1453,2.875,8703.22,1,0,0,0,1,0,0
4978,4239,534,395,10,37,1.3518987341772153,7338.92,1,0,0,0,1,0,0
343,4677,884,399,347,407,2.2155388471177946,581.84,0,0,1,0,0,1,0
2732,2136,650,274,117,424,2.372262773722628,5031.55,0,1,0,0,0,0,1
4663,1386,239,280,411,683,0.8535714285714285,6044.96,0,0,0,1,1,0,0
965,1297,94,221,397,1796,0.4253393665158371,1136.2,1,0,0,0,1,0,0
3081,4761,171,323,11,338,0.5294117647058824,3839.85,0,0,0,1,0,0,1
1661,2367,406,267,398,1295,1.5205992509363295,2578.25,0,0,0,1,1,0,0
703,3729,886,396,608,919,2.2373737373737375,1221.82,1,0,0,0,1,0,0
3162,3565,380,256,93,767,1.484375,4602.54,0,0,0,1,0,0,1
4118,871,572,445,102,652,1.2853932584269663,6231.84,0,1,0,0,0,1,0
2115,2556,224,64,98,1604,3.5,4339.19,0,0,0,1,0,0,1
1758,570,10,318,282,1604,0.031446540880503145,1904.94,0,0,0,1,0,1,0
3480,1470,992,359,668,948,2.7632311977715878,6966.55,0,0,1,0,1,0,0
3867,3232,386,81,657,1705,4.765432098765432,9683.51,0,1,0,0,1,0,0
3870,771,421,305,421,1641,1.380327868852459,5513.85,0,0,0,1,0,1,0
1713,1274,644,222,364,1486,2.900900900900901,3283.72,1,0,0,0,0,0,1
1979,210,809,304,211,1339,2.661184210526316,3670.49,0,0,0,1,1,0,0
4208,3659,209,180,667,1082,1.1611111111111112,5929.86,1,0,0,0,0,0,1
2446,1126,192,255,508,376,0.7529411764705882,3156.0,0,1,0,0,0,1,0
1199,3654,419,150,76,1723,2.7933333333333334,2363.61,0,1,0,0,0,1,0
1174,3333,407,113,323,1480,3.601769911504425,2662.6,0,0,1,0,0,1,0
886,4539,225,114,452,407,1.9736842105263157,1476.17,1,0,0,0,0,0,1
248,1572,761,249,687,1409,3.0562248995983934,510.86,1,0,0,0,0,0,1
1854,2479,358,430,623,56,0.8325581395348837,2346.54,0,1,0,0,0,1,0
2269,4972,589,320,18,1483,1.840625,3637.71,1,0,0,0,1,0,0
3856,3071,840,425,291,475,1.9764705882352942,6214.91,1,0,0,0,0,1,0
1279,2481,603,407,198,1540,1.4815724815724816,1975.28,0,0,0,1,1,0,0
3409,3390,663,330,162,1821,2.0090909090909093,5959.61,0,0,1,0,1,0,0
2523,4853,932,420,417,17,2.219047619047619,4576.23,0,0,0,1,1,0,0
4277,1933,50,289,384,433,0.17301038062283736,4645.86,0,1,0,0,0,0,1
4687,553,760,380,200,237,2.0,7674.85,1,0,0,0,1,0,0
1024,840,12,378,498,307,0.031746031746031744,1062.08,1,0,0,0,1,0,0
1703,2480,103,31,43,1786,3.3225806451612905,3498.21,0,1,0,0,0,1,0
3152,2457,68,87,82,433,0.7816091954022989,3923.09,1,0,0,0,1,0,0
4318,1543,749,310,539,24,2.4161290322580644,7547.17,0,1,0,0,1,0,0
4903,3780,416,401,304,1324,1.0374064837905237,6566.81,0,0,1,0,0,1,0
2477,1848,27,484,581,1652,0.05578512396694215,2520.51,1,0,0,0,0,0,1
3580,2501,503,204,199,1262,2.465686274509804,6257.56,0,0,0,1,1,0,0
3282,3271,760,329,406,1014,2.310030395136778,5944.6,0,0,0,1,0,0,1
2917,4340,881,362,427,681,2.4337016574585637,5359.29,0,0,1,0,0,1,0
3260,2106,517,380,461,1849,1.3605263157894736,5024.6,0,1,0,0,0,0,1
4905,1886,595,440,480,1516,1.3522727272727273,7171.88,1,0,0,0,1,0,0
4989,1509,897,30,124,952,29.9,51950.45,1,0,0,0,0,0,1
811,1862,341,169,528,1312,2.0177514792899407,1310.74,0,0,0,1,0,0,1
2686,1009,178,241,638,415,0.7385892116182573,3331.11,0,1,0,0,0,1,0
2748,860,785,370,526,753,2.1216216216216215,4808.09,0,1,0,0,0,1,0
1817,3340,681,310,39,1424,2.196774193548387,3085.31,1,0,0,0,0,1,0
4452,2789,858,53,199,416,16.18867924528302,28089.81,1,0,0,0,0,1,0
970,630,690,306,108,876,2.2549019607843137,1740.93,0,0,0,1,0,1,0
3674,1459,950,361,268,810,2.6315789473684212,7065.82,0,1,0,0,0,1,0
370,3918,215,189,353,890,1.1375661375661377,530.54,1,0,0,0,0,1,0
1643,2127,878,481,311,1826,1.8253638253638254,2722.66,1,0,0,0,0,1,0
649,2660,530,404,390,1507,1.311881188118812,953.88,0,0,0,1,0,0,1
4763,2277,514,110,40,1275,4.672727272727273,12215.75,0,0,0,1,0,1,0
4114,1637,355,124,581,677,2.8629032258064515,8049.79,1,0,0,0,0,0,1
4554,1373,313,222,152,400,1.40990990990991,6613.77,0,0,1,0,1,0,0
1812,2881,124,27,187,853,4.592592592592593,4402.29,0,0,0,1,0,1,0
3340,1046,673,404,430,141,1.6658415841584158,5212.2,1,0,0,0,1,0,0
1462,1398,96,36,457,378,2.6666666666666665,2635.26,0,0,1,0,0,1,0
4993,2611,104,436,227,1144,0.23853211009174313,5826.1,1,0,0,0,1,0,0
1384,2288,752,367,428,1362,2.0490463215258856,2294.72,0,1,0,0,0,0,1
986,981,437,458,204,450,0.9541484716157205,1274.77,0,0,1,0,0,1,0
2358,1947,707,447,118,888,1.58165548098434,3624.43,0,1,0,0,0,0,1
4482,2075,459,294,394,1185,1.5612244897959184,7117.99,1,0,0,0,1,0,0
1885,4368,635,158,222,1129,4.018987341772152,4322.95,0,0,1,0,0,0,1
4938,4668,795,294,63,850,2.704081632653061,9178.77,0,1,0,0,0,1,0
3643,3064,985,146,396,92,6.7465753424657535,11616.61,0,0,0,1,0,0,1
395,3163,550,198,5,485,2.7777777777777777,765.76,0,0,1,0,0,0,1
2153,3228,724,199,334,1443,3.6381909547738696,4844.76,0,0,0,1,1,0,0
2697,597,11,208,292,421,0.052884615384615384,2958.9,0,0,0,1,1,0,0
780,2316,87,111,508,716,0.7837837837837838,1031.44,0,1,0,0,0,1,0
4990,1088,333,488,145,552,0.6823770491803278,6014.25,1,0,0,0,1,0,0
4398,2708,752,100,662,904,7.52,14322.86,0,1,0,0,0,0,1
424,2575,107,499,159,1078,0.21442885771543085,495.39,1,0,0,0,1,0,0
2391,4614,638,233,11,601,2.7381974248927037,4470.17,0,1,0,0,0,1,0
4522,1470,119,14,69,1671,8.5,16506.36,0,1,0,0,1,0,0
1086,3688,688,362,704,1538,1.9005524861878453,1830.06,0,0,1,0,0,1,0
3218,2602,466,24,614,1121,19.416666666666668,23240.18,1,0,0,0,0,1,0
860,4909,497,450,544,1592,1.1044444444444443,1198.02,0,0,0,1,0,0,1
3793,278,818,14,202,1896,58.42857142857143,71097.2,1,0,0,0,0,0,1
1136,2029,976,413,266,1660,2.36319612590799,1957.2,1,0,0,0,0,0,1
1006,2648,380,239,108,185,1.5899581589958158,1590.4,0,1,0,0,0,1,0
464,4934,346,366,54,1457,0.9453551912568307,603.01,0,0,0,1,1,0,0
3513,211,899,346,338,1495,2.598265895953757,6523.75,0,0,1,0,1,0,0
1169,3319,608,123,190,965,4.943089430894309,3116.21,0,1,0,0,0,1,0
4469,814,980,13,239,1149,75.38461538461539,115280.33,0,0,1,0,0,1,0
2355,1501,31,193,343,1358,0.16062176165803108,2684.12,0,0,1,0,1,0,0
3786,3024,731,222,291,1288,3.2927927927927927,8176.22,1,0,0,0,1,0,0
4319,1481,314,256,323,852,1.2265625,6120.07,0,0,0,1,0,1,0
3181,3227,933,43,321,191,21.697674418604652,26101.83,1,0,0,0,1,0,0
3358,3111,281,305,42,1874,0.921311475409836,4579.16,0,0,0,1,1,0,0
2207,1308,499,462,198,1751,1.08008658008658,3181.17,0,0,1,0,0,1,0
3033,3225,845,205,633,1245,4.121951219512195,6843.89,1,0,0,0,0,1,0
2929,136,455,415,284,199,1.0963855421686748,3907.79,0,0,1,0,0,0,1
541,1928,941,136,182,344,6.919117647058823,1735.46,0,1,0,0,0,0,1
1659,3160,287,151,612,174,1.900662251655629,2820.65,0,0,0,1,1,0,0
1841,3441,660,461,11,217,1.4316702819956617,2739.23,0,0,1,0,0,1,0
725,4041,862,145,442,1230,5.944827586206896,2196.52,0,0,1,0,1,0,0
3963,909,386,137,629,1603,2.8175182481751824,7484.43,0,0,0,1,0,1,0
1790,3172,241,332,424,1397,0.7259036144578314,2188.39,0,0,1,0,1,0,0
2881,4218,754,183,500,174,4.120218579234972,6932.53,0,1,0,0,1,0,0
190,1626,601,422,388,78,1.4241706161137442,288.16,0,0,1,0,0,1,0
3106,3619,435,227,576,1347,1.9162995594713657,5106.88,0,0,1,0,0,0,1
4402,4991,64,123,688,1578,0.5203252032520326,5519.31,0,0,0,1,0,0,1
1188,595,978,384,454,576,2.546875,2268.43,0,0,0,1,0,1,0
4711,524,812,359,595,1408,2.2618384401114207,8164.29,0,1,0,0,1,0,0
1280,2847,450,21,2,841,21.428571428571427,10305.36,0,0,1,0,1,0,0
2001,2165,43,472,242,437,0.09110169491525423,2126.64,1,0,0,0,1,0,0
4590,2082,338,253,60,199,1.3359683794466404,6829.49,0,1,0,0,0,1,0
286,1568,854,61,368,602,14.0,1515.83,1,0,0,0,0,0,1
1697,3900,463,195,715,1031,2.3743589743589744,2982.55,0,0,1,0,0,1,0
3508,1333,397,242,40,1287,1.640495867768595,5468.9,0,0,1,0,0,0,1
3847,1897,773,11,315,1004,70.27272727272727,87621.21,0,0,0,1,0,0,1
2770,664,439,10,557,634,43.9,39757.8,0,1,0,0,0,1,0
4925,3119,485,248,298,1700,1.9556451612903225,8191.38,1,0,0,0,0,0,1
339,1404,134,64,631,628,2.09375,580.16,0,0,1,0,0,0,1
2680,232,532,229,643,525,2.3231441048034935,4619.98,0,0,1,0,0,0,1
4336,548,491,113,450,963,4.345132743362832,10162.26,0,0,0,1,1,0,0
238,1930,326,364,395,1044,0.8956043956043956,302.83,0,0,0,1,0,1,0
2606,2258,131,427,562,1737,0.30679156908665106,2854.49,0,0,0,1,1,0,0
4265,3726,556,457,88,1845,1.2166301969365427,6030.46,0,1,0,0,0,1,0
4580,949,590,333,533,254,1.7717717717717718,7117.28,0,1,0,0,1,0,0
4825,4062,322,347,388,598,0.9279538904899135,6735.13,0,0,1,0,0,0,1
2345,1580,496,405,381,1204,1.2246913580246914,3270.51,1,0,0,0,1,0,0
4400,1000,660,315,555,1773,2.0952380952380953,7212.98,0,1,0,0,1,0,0
1849,4954,21,286,431,1377,0.07342657342657342,1966.11,0,0,0,1,0,1,0
667,1639,134,19,535,573,7.052631578947368,2118.23,0,0,0,1,0,1,0
981,1999,820,350,216,1751,2.342857142857143,1680.82,0,1,0,0,1,0,0
739,3044,668,113,277,893,5.911504424778761,2203.86,0,0,1,0,0,1,0
4061,3344,86,354,194,215,0.24293785310734464,4599.7,0,0,1,0,0,0,1
4520,614,589,379,179,1382,1.554089709762533,6665.13,0,0,1,0,0,0,1
4637,1691,727,474,143,884,1.5337552742616034,7087.48,0,0,1,0,0,0,1
4999,183,245,380,538,602,0.6447368421052632,5989.08,0,0,0,1,0,1,0
2435,3842,580,207,218,1632,2.8019323671497585,4640.61,0,1,0,0,0,1,0
4421,4993,779,23,511,1597,33.869565217391305,51134.74,0,0,0,1,1,0,0
3085,2227,263,494,59,568,0.5323886639676113,3872.17,1,0,0,0,0,1,0
659,1701,913,177,346,1244,5.15819209039548,1802.21,0,0,1,0,1,0,0
813,4717,415,369,557,606,1.1246612466124661,1184.83,0,0,1,0,0,1,0
4693,1322,252,347,419,552,0.7262247838616714,5795.76,1,0,0,0,0,1,0
4088,4429,470,39,224,337,12.051282051282051,19874.78,1,0,0,0,1,0,0
356,1942,286,466,350,319,0.6137339055793991,422.4,0,0,0,1,0,0,1
676,2391,478,23,622,1977,20.782608695652176,5294.45,1,0,0,0,0,1,0
137,1689,229,247,77,1784,0.9271255060728745,181.52,0,0,1,0,1,0,0
2172,2996,234,445,599,466,0.5258426966292135,2532.07,1,0,0,0,0,1,0
4605,4588,934,375,208,729,2.490666666666667,8307.07,0,0,0,1,0,1,0
560,108,110,410,159,900,0.2682926829268293,622.43,1,0,0,0,0,1,0
1540,4808,863,71,524,1178,12.154929577464788,7703.7,1,0,0,0,0,1,0
4578,814,643,491,225,351,1.309572301425662,6457.3,0,0,0,1,0,1,0
1932,2027,739,119,358,1086,6.2100840336134455,5838.78,0,0,0,1,1,0,0
4764,209,516,415,384,1484,1.2433734939759036,7060.33,0,0,0,1,0,1,0
3499,365,596,318,544,950,1.8742138364779874,5870.62,0,0,1,0,1,0,0
532,3323,340,169,566,1264,2.0118343195266273,932.93,0,0,1,0,1,0,0
4251,1054,246,341,504,190,0.7214076246334311,5171.34,1,0,0,0,0,0,1
1851,1449,348,64,450,1170,5.4375,5042.76,0,0,1,0,1,0,0
2147,1674,761,258,242,1546,2.949612403100775,4196.41,0,1,0,0,1,0,0
2940,2323,515,473,369,1316,1.0887949260042282,3913.31,0,0,0,1,0,0,1
356,3931,174,265,627,1666,0.6566037735849056,460.95,0,1,0,0,0,1,0
771,3355,855,31,471,1084,27.580645161290324,7642.99,0,0,0,1,0,0,1
589,1158,678,431,288,1497,1.5730858468677493,912.75,1,0,0,0,0,1,0
3814,2057,732,443,399,687,1.652370203160271,5935.69,0,0,0,1,0,1,0
2196,3247,942,112,104,73,8.410714285714286,8429.76,0,0,1,0,1,0,0
1782,2619,798,459,311,1263,1.738562091503268,2783.14,1,0,0,0,0,1,0
4511,3753,737,310,127,416,2.3774193548387097,7986.91,0,0,0,1,0,0,1
2560,2670,227,384,40,1989,0.5911458333333334,3301.12,1,0,0,0,0,0,1
4629,3027,754,273,72,179,2.761904761904762,8519.16,1,0,0,0,0,1,0
4012,3987,385,245,247,1091,1.5714285714285714,6364.2,1,0,0,0,0,0,1
2075,987,21,330,247,1617,0.06363636363636363,2266.46,0,1,0,0,0,0,1
3316,844,441,242,312,77,1.822314049586777,5591.4,0,0,1,0,1,0,0
1489,3614,92,177,34,248,0.519774011299435,1736.77,1,0,0,0,1,0,0
4615,3030,440,242,129,707,1.8181818181818181,7824.42,0,0,1,0,1,0,0
3956,2779,634,14,10,988,45.285714285714285,57867.48,0,0,0,1,0,1,0
1684,275,487,54,168,68,9.018518518518519,6450.89,1,0,0,0,1,0,0
3063,665,792,55,216,850,14.4,16433.39,0,0,1,0,0,0,1
4629,3317,716,173,408,1592,4.138728323699422,10429.55,1,0,0,0,1,0,0
1076,4457,378,410,526,1123,0.9219512195121952,1506.12,0,1,0,0,0,0,1
3464,4726,662,178,602,1806,3.7191011235955056,7856.33,0,0,0,1,1,0,0
145,1494,964,423,18,1936,2.2789598108747047,256.48,0,1,0,0,0,0,1
1293,1320,978,445,340,588,2.197752808988764,2168.72,1,0,0,0,1,0,0
3442,1047,645,344,681,843,1.875,5661.03,0,0,1,0,1,0,0
4612,684,150,413,568,1602,0.36319612590799033,5278.21,1,0,0,0,1,0,0
346,2962,729,173,676,1569,4.213872832369942,804.68,1,0,0,0,1,0,0
3319,1720,636,265,664,781,2.4,6061.54,1,0,0,0,0,0,1
4425,3455,727,75,90,1566,9.693333333333333,18660.64,0,1,0,0,1,0,0
891,2449,465,438,285,1562,1.0616438356164384,1226.85,0,1,0,0,0,1,0
736,3291,511,269,534,882,1.899628252788104,1212.44,0,0,1,0,1,0,0
3875,3307,412,443,267,722,0.9300225733634312,5279.01,0,0,0,1,1,0,0
2521,2676,962,97,433,1805,9.917525773195877,10146.53,0,0,0,1,0,1,0
4933,631,297,249,651,324,1.1927710843373494,7253.2,0,0,1,0,0,0,1
1188,1331,364,320,52,1147,1.1375,1726.76,1,0,0,0,0,1,0
4283,2093,352,68,67,1057,5.176470588235294,11525.84,0,0,0,1,0,0,1
3259,1797,158,179,597,655,0.88268156424581,4199.31,0,1,0,0,0,1,0
812,3470,219,267,250,145,0.8202247191011236,1062.47,0,0,1,0,0,1,0
4796,1645,121,55,331,774,2.2,8045.7,0,0,1,0,0,1,0
3744,3265,663,11,415,1541,60.27272727272727,76895.45,1,0,0,0,0,0,1
3990,1537,985,443,123,1697,2.2234762979683973,6858.47,0,0,0,1,1,0,0
2686,470,545,138,202,310,3.949275362318841,6050.89,0,0,0,1,1,0,0
4409,4604,58,278,6,144,0.20863309352517986,5127.71,1,0,0,0,0,1,0
2208,716,809,335,486,942,2.4149253731343285,3968.28,0,0,1,0,0,0,1
4893,4266,340,287,199,664,1.1846689895470384,7155.62,0,0,1,0,0,0,1
3714,4114,374,26,13,893,14.384615384615385,20999.18,0,0,1,0,1,0,0
1342,4279,20,196,6,517,0.10204081632653061,1426.81,0,0,1,0,0,0,1
2159,2356,197,351,411,195,0.5612535612535613,2553.75,0,1,0,0,0,0,1
3586,4454,518,335,121,1507,1.5462686567164179,5668.25,0,1,0,0,0,1,0
4432,3410,589,125,557,1661,4.712,11512.73,0,0,1,0,0,0,1
3910,1031,454,268,362,1499,1.6940298507462686,5996.85,0,0,1,0,0,0,1
4000,2429,99,375,538,1612,0.264,4424.34,0,0,1,0,0,1,0
2705,493,631,258,4,818,2.445736434108527,5049.06,0,1,0,0,1,0,0
4842,2565,910,207,284,1193,4.396135265700483,12332.23,1,0,0,0,1,0,0
3134,3377,685,346,359,729,1.9797687861271676,5416.81,0,0,0,1,0,0,1
4668,2029,457,236,693,1207,1.9364406779661016,7884.68,0,1,0,0,0,1,0
4307,725,727,186,282,1873,3.9086021505376345,10213.9,0,0,1,0,1,0,0
4151,4757,41,252,657,1137,0.1626984126984127,4477.79,0,0,1,0,0,0,1
3463,2979,336,443,628,1300,0.7584650112866818,4255.07,0,0,1,0,1,0,0
4121,3266,83,366,349,476,0.226775956284153,4542.63,0,0,1,0,0,0,1
1945,3522,260,44,30,1202,5.909090909090909,5917.11,1,0,0,0,1,0,0
482,2209,459,416,517,1661,1.1033653846153846,698.13,0,1,0,0,0,1,0
4212,1265,915,465,374,1315,1.967741935483871,6732.17,0,0,0,1,0,1,0
4688,2881,364,144,618,434,2.5277777777777777,8656.83,0,0,1,0,1,0,0
3910,1991,542,315,124,1487,1.7206349206349207,5975.14,1,0,0,0,0,1,0
1996,3282,305,19,446,417,16.05263157894737,12524.25,1,0,0,0,1,0,0
1609,1739,307,483,394,1859,0.6356107660455487,1987.2,0,0,1,0,1,0,0
4312,881,337,192,650,711,1.7552083333333333,7182.83,0,0,1,0,0,1,0
1678,4792,311,211,618,138,1.4739336492890995,2433.16,0,0,0,1,0,0,1
979,2156,521,28,56,1513,18.607142857142858,6916.9,0,1,0,0,0,1,0
2262,2423,347,32,132,1754,10.84375,10004.78,0,0,0,1,0,0,1
1672,2374,594,104,122,809,5.711538461538462,4658.6,0,1,0,0,0,0,1
1748,2333,383,73,202,1192,5.2465753424657535,4732.12,1,0,0,0,0,0,1
4839,2738,562,426,602,134,1.3192488262910798,7082.06,1,0,0,0,1,0,0
1459,3387,103,459,702,1185,0.22440087145969498,1611.54,0,0,1,0,0,0,1
4531,2580,141,229,265,784,0.6157205240174672,5716.25,0,0,0,1,0,0,1
3069,2716,620,105,558,792,5.904761904761905,9068.0,0,0,0,1,0,1,0
4060,455,919,362,40,1784,2.5386740331491713,7207.28,0,0,1,0,1,0,0
3911,4587,919,274,579,734,3.354014598540146,8313.44,0,0,0,1,1,0,0
4342,4774,62,390,113,1852,0.15897435897435896,4872.4,1,0,0,0,0,0,1
4317,3446,505,166,339,377,3.0421686746987953,8319.57,1,0,0,0,0,1,0
180,3622,238,216,62,1354,1.1018518518518519,255.29,0,0,1,0,0,0,1
2832,2567,649,283,227,395,2.293286219081272,5164.71,0,0,1,0,1,0,0
2809,263,221,347,174,1196,0.6368876080691642,3624.05,0,1,0,0,0,1,0
2522,3734,806,255,134,470,3.16078431372549,4933.91,1,0,0,0,1,0,0
3741,4833,800,208,285,771,3.8461538461538463,8619.49,1,0,0,0,1,0,0
4699,3763,513,471,626,1446,1.089171974522293,6731.27,1,0,0,0,1,0,0
767,3354,504,294,108,1280,1.7142857142857142,1207.55,1,0,0,0,1,0,0
2596,3481,862,381,143,1704,2.2624671916010497,4594.58,1,0,0,0,1,0,0
3599,2164,680,92,569,1144,7.391304347826087,11886.38,0,1,0,0,0,1,0
3598,4365,873,326,294,19,2.6779141104294477,6689.84,0,0,1,0,0,1,0
1544,4084,242,142,277,808,1.704225352112676,2450.44,0,0,1,0,1,0,0
1445,3987,80,114,492,1845,0.7017543859649122,1775.65,0,0,0,1,0,0,1
1289,439,726,379,563,247,1.9155672823218997,2104.96,1,0,0,0,0,0,1
558,4921,198,246,471,1229,0.8048780487804879,713.62,1,0,0,0,1,0,0
1312,3881,672,78,276,1444,8.615384615384615,4815.06,0,0,1,0,0,1,0
4659,3690,17,193,234,1091,0.08808290155440414,5013.51,1,0,0,0,0,0,1
1011,2033,341,127,242,342,2.6850393700787403,1978.46,1,0,0,0,0,1,0
1125,1745,621,189,258,345,3.2857142857142856,2288.05,1,0,0,0,0,1,0
2511,4328,25,280,32,1940,0.08928571428571429,2748.35,0,0,1,0,0,0,1
171,2787,675,99,367,924,6.818181818181818,534.01,0,0,0,1,0,0,1
2785,2226,678,97,348,1721,6.989690721649485,8747.43,0,0,1,0,0,1,0
1293,4541,102,92,132,387,1.108695652173913,1885.6,1,0,0,0,0,0,1
1948,4804,271,29,368,342,9.344827586206897,7878.29,0,0,1,0,1,0,0
2484,738,558,116,265,108,4.810344827586207,6132.14,0,1,0,0,0,0,1
2122,1324,170,338,215,677,0.5029585798816568,2596.69,1,0,0,0,0,1,0
3841,3805,360,357,215,633,1.0084033613445378,5091.21,0,0,1,0,0,1,0
4848,4010,183,281,282,998,0.6512455516014235,6309.66,0,0,1,0,0,1,0
1398,4345,326,340,530,1426,0.9588235294117647,1844.68,0,0,0,1,0,1,0
4202,1649,946,107,2,596,8.841121495327103,16585.32,1,0,0,0,0,1,0
1004,4245,27,418,513,1326,0.0645933014354067,1043.84,0,1,0,0,0,1,0
3126,1605,495,241,464,1797,2.0539419087136928,5334.25,0,1,0,0,1,0,0
2128,4530,376,384,447,1131,0.9791666666666666,3004.27,1,0,0,0,0,1,0
4811,1475,360,66,363,1659,5.454545454545454,13058.98,0,0,1,0,0,1,0
2720,767,537,158,216,585,3.3987341772151898,5538.08,0,1,0,0,1,0,0
2746,2474,881,398,164,477,2.21356783919598,4822.05,1,0,0,0,0,1,0
4965,4190,444,468,703,337,0.9487179487179487,6488.03,0,1,0,0,0,1,0
2389,1115,942,244,587,1484,3.860655737704918,5531.46,1,0,0,0,1,0,0
3972,435,279,146,538,313,1.9109589041095891,6618.31,0,1,0,0,0,0,1
1585,4861,880,276,511,1178,3.1884057971014492,3208.5,0,0,0,1,0,0,1
3251,180,77,238,221,1825,0.3235294117647059,3818.21,1,0,0,0,0,1,0
1540,2234,39,370,555,609,0.10540540540540541,1626.59,0,0,0,1,0,0,1
865,1899,325,330,634,1828,0.9848484848484849,1223.33,1,0,0,0,0,0,1
4579,357,830,456,641,1373,1.8201754385964912,7324.95,0,1,0,0,1,0,0
2538,284,746,291,283,790,2.5635738831615122,4832.47,0,1,0,0,0,0,1
4192,222,173,211,71,1790,0.8199052132701422,5358.14,0,0,1,0,0,1,0
4883,4800,935,241,374,594,3.879668049792531,11321.63,0,1,0,0,1,0,0
1249,3614,329,28,259,1553,11.75,5669.54,0,0,0,1,0,0,1
3665,1494,23,25,445,300,0.92,4814.74,0,0,1,0,0,1,0
4242,2452,288,65,201,692,4.430769230769231,9972.38,0,0,0,1,1,0,0
2072,3319,441,366,642,728,1.2049180327868851,2948.27,0,0,0,1,0,1,0
2766,1408,677,123,380,1558,5.504065040650406,7652.35,0,0,0,1,0,0,1
563,4044,643,498,593,236,1.2911646586345382,809.12,0,0,0,1,0,1,0
4318,2041,272,77,415,965,3.5324675324675323,9766.6,0,0,0,1,0,0,1
2281,590,691,87,65,897,7.942528735632184,7904.41,1,0,0,0,0,0,1
1742,1154,531,39,378,211,13.615384615384615,9558.07,1,0,0,0,0,0,1
3988,801,973,16,658,286,60.8125,80177.97,0,0,1,0,0,0,1
940,3034,181,405,646,423,0.4469135802469136,1101.72,0,0,0,1,0,0,1
2754,4795,367,161,102,1743,2.279503105590062,4731.68,1,0,0,0,1,0,0
4218,1234,22,496,42,494,0.04435483870967742,4544.85,0,1,0,0,0,0,1
665,179,734,372,196,1018,1.9731182795698925,1093.96,0,0,1,0,1,0,0
1064,935,682,31,360,1443,22.0,8743.76,1,0,0,0,0,1,0
2382,751,241,440,99,837,0.5477272727272727,3042.0,0,1,0,0,0,1,0
1095,516,485,39,388,767,12.435897435897436,5297.85,0,0,1,0,1,0,0
1287,3780,480,453,65,1990,1.0596026490066226,1717.94,0,1,0,0,1,0,0
4411,3966,169,176,297,345,0.9602272727272727,5860.94,0,0,0,1,0,1,0
3354,845,648,157,427,523,4.127388535031847,7857.64,0,1,0,0,1,0,0
756,2102,569,419,223,819,1.3579952267303104,1096.02,0,0,0,1,1,0,0
3082,339,270,58,695,319,4.655172413793103,8102.98,0,0,1,0,0,0,1
1213,2993,582,334,149,1366,1.7425149700598803,1991.03,0,0,0,1,0,1,0
4506,2044,643,497,509,1403,1.2937625754527162,6859.22,0,1,0,0,1,0,0
656,955,611,307,442,1570,1.990228013029316,1086.78,0,0,0,1,1,0,0
3119,3615,368,271,414,1657,1.3579335793357934,4523.36,0,0,0,1,1,0,0
2404,2746,264,190,116,1772,1.3894736842105264,3544.84,0,0,1,0,0,0,1
2680,3294,611,299,453,1017,2.0434782608695654,4548.98,0,0,0,1,0,1,0
151,4615,524,131,320,695,4.0,356.83,1,0,0,0,0,1,0
1461,4904,289,133,451,590,2.172932330827068,2626.04,0,0,1,0,1,0,0
1294,2698,126,462,79,635,0.2727272727272727,1464.71,0,1,0,0,1,0,0
4119,1453,619,275,357,1993,2.250909090909091,7099.99,0,0,1,0,0,0,1
3238,2135,171,37,119,1812,4.621621621621622,7973.83,0,1,0,0,1,0,0
1748,2980,861,268,586,208,3.212686567164179,3671.98,0,1,0,0,1,0,0
771,779,896,86,521,186,10.418604651162791,3361.35,0,0,0,1,0,0,1
877,586,999,441,279,977,2.2653061224489797,1544.66,0,0,1,0,1,0,0
2379,3720,307,376,566,17,0.8164893617021277,3021.78,0,1,0,0,0,1,0
3122,3750,925,203,45,1314,4.556650246305419,8036.7,1,0,0,0,0,1,0
1960,4818,306,391,225,254,0.782608695652174,2609.19,0,0,0,1,0,1,0
3239,1538,603,44,528,971,13.704545454545455,16788.54,0,0,0,1,0,0,1
1174,4414,367,445,712,611,0.8247191011235955,1518.27,0,1,0,0,0,0,1
1816,1584,669,123,241,446,5.439024390243903,5038.28,1,0,0,0,0,1,0
1383,790,527,71,614,1954,7.422535211267606,4665.36,0,0,0,1,0,1,0
4786,1112,387,61,482,996,6.344262295081967,14447.83,0,0,1,0,0,0,1
2086,4642,706,125,95,1480,5.648,6024.54,0,1,0,0,1,0,0
2733,2447,435,56,365,1171,7.767857142857143,9151.47,1,0,0,0,1,0,0
1101,3808,773,447,185,884,1.7293064876957494,1751.02,0,1,0,0,0,0,1
1146,4570,546,421,136,1138,1.2969121140142519,1633.61,0,0,0,1,0,1,0
2276,2022,562,110,25,1121,5.109090909090909,5813.27,1,0,0,0,0,0,1
2438,737,178,288,318,1406,0.6180555555555556,3024.4,0,1,0,0,0,1,0
1955,3108,524,116,333,1400,4.517241379310345,4683.27,0,1,0,0,0,0,1
600,2333,373,480,562,983,0.7770833333333333,758.98,0,1,0,0,0,0,1
2333,2225,692,44,681,506,15.727272727272727,14016.89,0,0,1,0,0,0,1
4674,3557,439,498,100,1346,0.8815261044176707,6485.55,0,0,1,0,0,0,1
2639,4389,578,368,370,328,1.5706521739130435,4148.15,0,0,1,0,0,0,1
4708,3274,92,384,593,349,0.23958333333333334,5187.5,0,0,1,0,0,0,1
3814,3788,339,297,12,1194,1.1414141414141414,5315.8,0,0,0,1,0,1,0
2432,1499,700,11,77,307,63.63636363636363,50845.5,0,1,0,0,0,1,0
700,2434,142,248,587,199,0.5725806451612904,832.84,0,0,1,0,1,0,0
4384,1605,607,377,682,1201,1.610079575596817,6606.03,0,0,0,1,0,0,1
1088,349,466,387,348,1148,1.2041343669250646,1503.01,0,0,1,0,1,0,0
1981,635,362,281,443,1181,1.2882562277580072,2889.89,0,0,0,1,1,0,0
4583,3632,792,153,691,607,5.176470588235294,12488.94,1,0,0,0,0,0,1
1854,3649,353,444,88,1310,0.795045045045045,2431.85,0,0,1,0,0,0,1
2564,557,103,460,465,611,0.22391304347826088,3003.77,0,0,1,0,1,0,0
2323,2838,391,101,494,921,3.871287128712871,5084.1,0,1,0,0,1,0,0
4582,3469,877,230,222,1903,3.8130434782608695,10792.46,0,0,1,0,0,0,1
1594,4235,771,63,515,1988,12.238095238095237,7793.75,0,0,1,0,0,0,1
952,3796,304,413,118,1905,0.7360774818401937,1187.63,0,0,0,1,0,0,1
551,3511,207,237,136,235,0.8734177215189873,760.97,0,1,0,0,0,1,0
2424,4169,88,42,187,1726,2.0952380952380953,4132.65,0,1,0,0,1,0,0
1858,3487,687,223,542,1318,3.0807174887892375,3699.38,1,0,0,0,1,0,0
4408,3285,560,145,579,785,3.8620689655172415,9718.64,0,0,0,1,1,0,0
3453,3338,829,257,311,842,3.22568093385214,6976.49,0,0,1,0,0,1,0
4236,360,223,417,379,1921,0.5347721822541966,5396.93,0,0,0,1,1,0,0
4795,1347,652,62,412,1042,10.516129032258064,20528.04,0,0,1,0,0,0,1
3438,3433,678,73,421,959,9.287671232876713,14290.14,1,0,0,0,0,1,0
2688,3422,998,323,217,1198,3.0897832817337463,5350.64,0,0,1,0,1,0,0
1882,2673,903,383,670,1427,2.357702349869452,3287.52,0,1,0,0,0,1,0
3620,225,168,46,71,381,3.652173913043478,7725.37,1,0,0,0,0,1,0
1879,1329,843,221,110,1842,3.81447963800905,4195.17,0,0,1,0,0,0,1
3232,3311,748,21,285,1144,35.61904761904762,38662.6,1,0,0,0,0,1,0
3673,3233,566,477,602,768,1.1865828092243187,5327.61,0,1,0,0,0,0,1
3318,1406,210,93,569,96,2.2580645161290325,5699.13,0,1,0,0,0,0,1
3857,2201,31,397,298,1846,0.07808564231738035,4277.11,0,0,0,1,1,0,0
4116,235,348,103,499,31,3.378640776699029,8979.17,0,0,1,0,0,0,1
2937,2477,251,424,561,97,0.5919811320754716,3557.35,1,0,0,0,1,0,0
2481,1559,750,351,697,1494,2.1367521367521367,4378.18,0,0,0,1,1,0,0
4339,4331,915,216,711,705,4.236111111111111,10698.1,1,0,0,0,1,0,0
4036,912,247,47,530,1769,5.25531914893617,11012.83,0,0,0,1,0,0,1
4528,951,158,430,198,1070,0.3674418604651163,5211.29,0,0,0,1,1,0,0
1519,1844,794,357,507,1827,2.224089635854342,2644.19,0,0,0,1,0,0,1
4250,2038,588,212,489,236,2.7735849056603774,8398.5,0,1,0,0,0,0,1
1430,970,16,279,27,1585,0.05734767025089606,1497.27,0,1,0,0,1,0,0
3017,734,242,84,118,337,2.880952380952381,5812.67,0,1,0,0,0,0,1
1546,768,878,137,54,674,6.408759124087592,4591.03,0,1,0,0,1,0,0
1540,1393,813,338,504,285,2.405325443786982,2757.06,1,0,0,0,1,0,0
3844,3188,777,161,152,134,4.826086956521739,9490.85,0,0,1,0,1,0,0
2944,368,588,19,479,769,30.94736842105263,31248.7,0,1,0,0,0,1,0
4275,960,771,47,162,695,16.404255319148938,26258.86,0,0,1,0,0,0,1
964,581,86,436,662,539,0.19724770642201836,1047.13,0,0,0,1,0,1,0
571,3390,498,114,216,1676,4.368421052631579,1332.68,0,0,1,0,0,1,0
1602,3490,935,174,420,260,5.373563218390805,4402.83,0,1,0,0,0,0,1
4784,1361,96,435,348,503,0.2206896551724138,5541.99,1,0,0,0,0,0,1
1510,2432,773,41,340,592,18.853658536585368,10388.05,0,1,0,0,1,0,0
3870,202,976,221,554,1204,4.416289592760181,9210.37,1,0,0,0,0,1,0
2005,3894,231,23,352,896,10.043478260869565,8275.5,0,1,0,0,0,0,1
4759,4987,422,239,673,1291,1.7656903765690377,7907.32,0,0,0,1,1,0,0
4101,4434,593,141,586,1588,4.205673758865248,9764.79,1,0,0,0,0,0,1
3604,2792,211,161,375,1022,1.31055900621118,5086.65,0,0,0,1,0,0,1
3583,3771,938,105,537,84,8.933333333333334,14120.58,0,1,0,0,1,0,0
4662,981,580,19,303,410,30.526315789473685,48087.14,0,0,0,1,0,0,1
698,2335,285,383,242,1180,0.7441253263707572,858.96,0,0,1,0,1,0,0
1091,3134,230,372,378,1514,0.6182795698924731,1326.43,0,0,1,0,0,1,0
2032,4989,166,25,685,328,6.64,6181.94,1,0,0,0,1,0,0
2884,2677,190,176,389,1986,1.0795454545454546,4049.01,0,0,1,0,0,0,1
3141,775,734,105,287,1640,6.9904761904761905,10199.52,0,0,1,0,0,1,0
166,2539,138,27,159,346,5.111111111111111,450.98,0,1,0,0,0,1,0
3498,1781,252,418,354,923,0.6028708133971292,4341.96,0,1,0,0,1,0,0
2850,1376,939,16,455,97,58.6875,55249.71,0,0,1,0,1,0,0
569,4867,181,193,627,637,0.9378238341968912,767.45,1,0,0,0,1,0,0
1824,3347,512,391,241,183,1.3094629156010231,2650.92,0,0,1,0,0,1,0
4085,3748,489,254,212,1351,1.9251968503937007,6468.23,0,1,0,0,1,0,0
1731,1412,886,440,363,1590,2.0136363636363637,2965.69,0,0,0,1,0,0,1
874,1173,279,380,598,814,0.7342105263157894,1169.12,1,0,0,0,0,1,0
3112,4199,430,475,133,1700,0.9052631578947369,4124.16,1,0,0,0,1,0,0
2603,1754,172,376,509,896,0.4574468085106383,3085.65,0,0,1,0,0,1,0
1586,3847,964,91,277,661,10.593406593406593,6656.67,0,0,0,1,0,0,1
4119,4188,33,140,265,945,0.2357142857142857,4802.95,1,0,0,0,0,0,1
4327,1993,506,138,605,802,3.6666666666666665,9930.96,1,0,0,0,0,0,1
1029,1385,202,298,603,378,0.6778523489932886,1338.94,0,1,0,0,1,0,0
3112,634,887,464,657,1111,1.9116379310344827,4948.78,0,0,1,0,1,0,0
1605,3547,399,83,360,1698,4.807228915662651,4272.54,0,0,1,0,0,1,0
4829,1479,506,373,664,680,1.35656836461126,6810.54,1,0,0,0,1,0,0
3044,745,973,68,667,1159,14.308823529411764,16827.06,0,0,0,1,0,1,0
2919,123,815,81,136,90,10.061728395061728,12317.29,0,0,0,1,1,0,0
1284,4752,138,169,428,488,0.8165680473372781,1731.86,0,0,0,1,0,0,1
388,4551,562,96,29,820,5.854166666666667,1149.72,0,0,0,1,1,0,0
1911,4770,552,410,595,1841,1.3463414634146342,2896.71,0,0,1,0,1,0,0
627,4224,45,471,330,1911,0.09554140127388536,700.95,0,1,0,0,1,0,0
1016,464,466,26,34,1617,17.923076923076923,6787.4,0,0,0,1,0,0,1
1808,2755,370,98,504,863,3.7755102040816326,4156.69,0,0,0,1,0,1,0
3674,508,774,158,104,743,4.89873417721519,9135.11,0,1,0,0,1,0,0
3419,1414,959,320,494,1113,2.996875,6781.53,0,0,1,0,0,0,1
1506,318,886,15,371,1317,59.06666666666667,28277.27,0,1,0,0,1,0,0
1341,4803,224,93,388,446,2.4086021505376345,2521.42,0,1,0,0,1,0,0
3233,1639,296,442,237,1423,0.669683257918552,4254.63,0,0,0,1,0,0,1
898,3533,777,93,90,1538,8.35483870967742,3175.22,0,1,0,0,1,0,0
1623,1702,934,259,333,1419,3.606177606177606,3558.81,0,1,0,0,1,0,0
4207,2804,378,163,377,864,2.3190184049079754,7365.78,0,0,1,0,1,0,0
2988,3748,478,425,240,1758,1.1247058823529412,4133.07,0,0,0,1,1,0,0
2790,1205,908,81,182,1041,11.209876543209877,12721.29,0,0,0,1,1,0,0
4191,3511,195,118,257,1965,1.652542372881356,6347.14,1,0,0,0,0,0,1
1341,2588,483,121,189,1732,3.9917355371900825,3000.15,0,0,0,1,0,0,1
790,716,70,181,415,1656,0.3867403314917127,932.56,0,0,1,0,1,0,0
627,4421,271,196,255,1266,1.3826530612244898,888.74,0,0,1,0,1,0,0
1595,2518,797,294,45,1981,2.7108843537414966,3065.63,0,0,1,0,0,1,0
3925,127,120,282,598,686,0.425531914893617,4567.22,1,0,0,0,0,0,1
2993,3155,838,27,201,1568,31.037037037037038,33429.44,1,0,0,0,1,0,0
992,115,951,177,359,1811,5.372881355932203,2746.43,0,0,1,0,0,1,0
486,3448,150,328,343,1731,0.4573170731707317,591.81,0,0,0,1,0,0,1
1349,432,754,91,212,1028,8.285714285714286,4756.03,1,0,0,0,0,1,0
2628,4678,544,84,631,281,6.476190476190476,7939.44,0,0,0,1,0,1,0
4603,4761,88,438,298,969,0.2009132420091324,5366.86,1,0,0,0,1,0,0
3628,2261,503,469,155,533,1.072494669509595,5003.25,0,1,0,0,1,0,0
997,2185,40,344,698,1495,0.11627906976744186,1068.81,0,0,1,0,0,0,1
810,4649,525,355,197,1262,1.4788732394366197,1271.55,0,1,0,0,0,1,0
3795,4053,518,258,482,605,2.007751937984496,6100.94,0,0,1,0,0,1,0
2786,2889,980,140,713,478,7.0,9098.46,0,1,0,0,1,0,0
4612,4361,639,396,379,89,1.6136363636363635,6988.54,0,0,0,1,0,0,1
515,2352,75,431,706,1137,0.1740139211136891,561.83,0,0,0,1,1,0,0
1571,344,519,364,367,1757,1.4258241758241759,2287.8,0,0,1,0,0,0,1
4280,1994,921,210,537,610,4.385714285714286,9948.74,0,0,0,1,0,1,0
4362,1456,380,372,71,142,1.021505376344086,5936.1,0,0,1,0,0,0,1
2531,1042,296,305,28,662,0.9704918032786886,3525.8,0,1,0,0,0,1,0
2615,3567,185,77,393,560,2.4025974025974026,4928.2,0,0,1,0,0,0,1
1195,3292,132,447,523,51,0.2953020134228188,1382.02,1,0,0,0,1,0,0
909,1845,240,29,349,208,8.275862068965518,3288.93,0,1,0,0,1,0,0
3144,4605,564,280,118,523,2.0142857142857142,5432.18,0,1,0,0,1,0,0
1092,2457,13,102,380,1532,0.12745098039215685,1191.03,0,0,1,0,0,0,1
1381,3979,711,142,208,1979,5.007042253521127,3582.45,1,0,0,0,0,1,0
4470,3877,825,304,423,1294,2.713815789473684,8254.45,1,0,0,0,1,0,0
1873,2215,421,305,93,1287,1.380327868852459,2859.47,0,0,0,1,0,0,1
3661,2367,259,144,141,709,1.7986111111111112,5918.48,0,1,0,0,0,0,1
3916,2367,665,465,355,1210,1.4301075268817205,6135.44,0,0,0,1,1,0,0
1856,1596,496,361,523,808,1.373961218836565,2831.2,0,1,0,0,1,0,0
2473,2896,354,365,69,1245,0.9698630136986301,3326.63,0,1,0,0,1,0,0
2676,4581,903,42,582,81,21.5,21413.17,0,1,0,0,1,0,0
991,1029,342,383,697,1758,0.8929503916449086,1313.44,0,1,0,0,0,0,1
4284,3424,462,302,124,409,1.5298013245033113,6300.02,0,0,1,0,0,1,0
807,4600,167,41,419,974,4.073170731707317,1885.76,1,0,0,0,0,1,0
2497,4687,586,52,523,891,11.26923076923077,11885.78,0,1,0,0,0,0,1
4582,456,846,456,678,682,1.855263157894737,7742.37,0,0,0,1,0,1,0
2234,4410,279,301,603,86,0.9269102990033222,3019.38,0,0,0,1,0,0,1
2454,4164,596,363,341,1580,1.6418732782369145,3801.94,0,0,1,0,0,0,1
4635,3941,427,314,305,1797,1.3598726114649682,6532.49,1,0,0,0,0,0,1
1076,4030,449,290,157,104,1.5482758620689656,1624.85,0,1,0,0,0,1,0
834,4947,38,117,88,1308,0.3247863247863248,1005.85,0,0,1,0,0,0,1
2568,926,987,105,228,460,9.4,10522.43,0,0,0,1,0,0,1
2640,765,344,75,365,740,4.586666666666667,6722.76,1,0,0,0,1,0,0
732,2128,247,18,646,1724,13.722222222222221,4030.46,0,1,0,0,1,0,0
4368,3791,162,239,266,461,0.6778242677824268,5582.17,1,0,0,0,0,1,0
4199,2682,615,230,84,1145,2.6739130434782608,8010.67,0,0,0,1,1,0,0
3001,653,758,367,212,1685,2.0653950953678475,5080.96,0,0,1,0,1,0,0
1763,427,843,411,218,1376,2.051094890510949,2974.25,0,0,1,0,1,0,0
2115,1288,124,287,151,1841,0.43205574912891986,2597.2,0,0,0,1,0,0,1
3281,249,817,108,686,440,7.564814814814815,11149.11,0,1,0,0,1,0,0
4163,4852,740,280,140,569,2.642857142857143,8090.83,0,1,0,0,0,1,0
2730,2953,767,272,55,1877,2.8198529411764706,5461.63,1,0,0,0,0,0,1
3972,2036,408,406,141,1213,1.0049261083743843,5567.98,0,0,0,1,0,1,0
1154,4488,41,371,74,869,0.1105121293800539,1196.75,0,0,0,1,0,1,0
480,2836,541,173,135,550,3.1271676300578033,944.08,0,1,0,0,0,1,0
3182,1056,62,25,642,1737,2.48,5724.05,0,0,0,1,0,1,0
2491,3348,727,178,26,229,4.084269662921348,6012.98,0,0,1,0,0,1,0
1692,515,740,30,488,1410,24.666666666666668,15453.95,0,1,0,0,1,0,0
4361,3554,204,37,435,1155,5.513513513513513,11622.43,0,1,0,0,1,0,0
2847,2745,314,339,581,171,0.9262536873156342,3756.25,0,0,1,0,0,1,0
2489,3874,716,92,62,1354,7.782608695652174,9006.12,0,0,0,1,0,1,0
3653,184,982,282,200,35,3.482269503546099,7655.72,0,1,0,0,1,0,0
3127,2035,354,330,490,1225,1.0727272727272728,4536.74,0,1,0,0,0,1,0
1307,1516,91,406,493,1192,0.22413793103448276,1463.14,0,1,0,0,1,0,0
3953,1170,10,45,679,1533,0.2222222222222222,4611.75,0,0,0,1,0,1,0
644,3512,176,323,468,1917,0.544891640866873,781.4,0,1,0,0,0,1,0
3181,1621,326,499,116,1535,0.6533066132264529,3927.64,0,0,0,1,0,0,1
3763,1601,192,285,371,1270,0.6736842105263158,4687.46,1,0,0,0,0,1,0
2339,4191,974,242,651,1248,4.024793388429752,5619.78,0,0,1,0,0,0,1
2467,2573,907,113,232,341,8.026548672566372,8685.47,0,0,0,1,0,1,0
3873,835,871,445,448,570,1.9573033707865168,6558.65,0,0,0,1,0,0,1
2727,2938,282,15,214,1826,18.8,18958.04,0,0,1,0,1,0,0
4031,2662,678,32,208,537,21.1875,32445.39,0,0,0,1,0,1,0
2574,4006,382,179,102,1464,2.1340782122905027,4289.22,0,0,1,0,1,0,0
3230,1372,371,161,10,544,2.3043478260869565,5697.08,1,0,0,0,0,0,1
3607,4936,909,253,473,1646,3.5928853754940713,7588.27,0,1,0,0,0,0,1
196,1962,210,250,123,1637,0.84,259.58,0,0,1,0,0,0,1
3958,4326,201,270,4,1174,0.7444444444444445,5037.04,0,0,1,0,0,0,1
2808,1863,350,425,467,1919,0.8235294117647058,3523.08,0,1,0,0,1,0,0
3436,4518,308,55,259,1881,5.6,9991.05,0,1,0,0,0,0,1
556,922,515,282,287,1729,1.826241134751773,892.93,0,0,0,1,0,1,0
4468,642,597,84,31,1645,7.107142857142857,14685.22,0,0,0,1,0,0,1
3087,2865,149,292,688,356,0.5102739726027398,3704.62,0,0,0,1,1,0,0
4188,2178,315,205,521,1813,1.5365853658536586,6417.55,0,1,0,0,1,0,0
3984,984,205,32,716,745,6.40625,11659.75,0,1,0,0,0,1,0
1131,4386,70,96,620,1020,0.7291666666666666,1490.81,0,1,0,0,1,0,0
307,3749,997,378,124,533,2.6375661375661377,568.19,0,0,0,1,0,0,1
2037,4610,978,130,130,373,7.523076923076923,7114.99,0,1,0,0,0,1,0
1246,3671,369,427,516,1436,0.8641686182669789,1579.21,0,1,0,0,0,1,0
4399,4033,316,158,480,1276,2.0,7407.09,1,0,0,0,1,0,0
2664,3766,489,159,542,1939,3.0754716981132075,5587.39,0,0,1,0,0,1,0
542,1821,342,74,77,1016,4.621621621621622,1344.99,0,0,1,0,0,0,1
4884,474,875,169,183,14,5.177514792899408,12716.08,0,1,0,0,0,0,1
932,657,92,455,366,215,0.2021978021978022,998.33,0,0,0,1,1,0,0
1561,1380,343,293,292,536,1.1706484641638226,2290.41,1,0,0,0,0,0,1
3616,3523,526,91,714,1044,5.78021978021978,10122.48,1,0,0,0,0,0,1
1259,1228,740,16,389,928,46.25,20553.7,0,0,1,0,1,0,0
486,1460,933,191,157,1512,4.884816753926701,1227.9,1,0,0,0,0,0,1
2141,3697,775,367,100,1738,2.111716621253406,3665.58,1,0,0,0,1,0,0
2653,1200,483,463,634,436,1.043196544276458,3642.81,1,0,0,0,1,0,0
1818,1634,403,23,110,1345,17.52173913043478,11444.89,0,1,0,0,1,0,0
4875,2725,609,487,679,991,1.2505133470225873,7060.41,0,0,1,0,0,1,0
4150,4227,730,192,642,1076,3.8020833333333335,9481.14,0,0,1,0,0,0,1
3509,1731,701,323,270,357,2.170278637770898,6223.62,0,0,0,1,0,0,1
789,157,729,53,138,1722,13.754716981132075,4256.12,0,1,0,0,0,0,1
1269,1227,794,183,688,719,4.33879781420765,3158.12,1,0,0,0,1,0,0
1052,411,586,23,64,872,25.47826086956522,9776.82,0,1,0,0,1,0,0
4979,3817,389,309,643,607,1.2588996763754046,6992.47,1,0,0,0,0,0,1
4690,2101,30,434,507,1372,0.06912442396313365,4979.52,1,0,0,0,0,0,1
3596,2837,959,82,700,778,11.695121951219512,16443.86,0,0,0,1,0,0,1
4017,3977,888,232,350,326,3.8275862068965516,8744.76,0,0,0,1,0,0,1
4942,2382,186,11,147,527,16.90909090909091,32148.61,0,0,0,1,0,1,0
2584,3283,372,219,335,687,1.6986301369863013,4107.7,1,0,0,0,1,0,0
1954,1531,31,270,532,219,0.11481481481481481,2142.77,1,0,0,0,0,1,0
3539,3225,846,99,554,522,8.545454545454545,13535.12,0,1,0,0,0,0,1
3331,4997,969,352,407,405,2.752840909090909,6250.53,0,0,1,0,1,0,0
2697,4434,557,405,344,1043,1.3753086419753087,3962.67,1,0,0,0,0,1,0
4083,1875,259,343,652,580,0.7551020408163265,5311.81,0,1,0,0,0,1,0
2291,1418,670,261,521,790,2.5670498084291187,4094.52,0,1,0,0,1,0,0
2735,4307,961,392,591,1855,2.451530612244898,5141.89,1,0,0,0,0,1,0
756,3259,82,342,660,294,0.23976608187134502,838.21,1,0,0,0,0,0,1
3912,1428,100,364,705,15,0.27472527472527475,4513.36,0,0,0,1,0,1,0
3440,4485,185,56,136,326,3.3035714285714284,7531.18,0,0,0,1,0,1,0
4011,4074,135,344,39,1650,0.39244186046511625,4696.34,0,0,0,1,0,0,1
1896,4777,213,172,320,971,1.2383720930232558,2656.31,0,1,0,0,0,0,1
4463,4565,923,125,287,1836,7.384,14660.01,0,0,0,1,0,1,0
1862,319,255,412,463,158,0.6189320388349514,2221.06,1,0,0,0,0,0,1
4572,3402,620,88,662,1128,7.045454545454546,15327.53,0,0,0,1,1,0,0
3385,2966,280,456,352,1816,0.6140350877192983,4126.18,1,0,0,0,1,0,0
1685,1996,53,380,5,1622,0.1394736842105263,1785.83,1,0,0,0,0,0,1
3663,4544,743,17,236,1630,43.705882352941174,55380.59,0,0,1,0,0,0,1
2540,2402,950,32,236,1710,29.6875,25939.72,0,0,1,0,1,0,0
4684,4647,618,278,501,900,2.223021582733813,8276.62,0,0,0,1,1,0,0
4917,4284,557,288,105,1778,1.9340277777777777,8094.53,1,0,0,0,0,1,0
3200,3826,177,40,207,1798,4.425,7696.88,0,0,1,0,0,1,0
3344,2142,444,423,239,806,1.049645390070922,4612.21,0,1,0,0,0,1,0
1140,622,39,179,52,1306,0.21787709497206703,1252.62,0,0,1,0,0,1,0
3227,2807,803,139,108,147,5.776978417266187,9587.5,0,0,0,1,1,0,0
2373,3098,606,404,357,514,1.5,3465.98,0,1,0,0,1,0,0
3729,4021,366,418,33,1092,0.8755980861244019,4722.73,0,1,0,0,1,0,0
2214,1009,500,166,22,504,3.0120481927710845,4385.88,1,0,0,0,0,0,1
1777,4637,642,31,307,1093,20.70967741935484,13038.87,1,0,0,0,1,0,0
3194,4233,808,135,11,1583,5.985185185185185,9593.08,1,0,0,0,0,0,1
1098,1980,257,412,639,1891,0.6237864077669902,1349.54,1,0,0,0,0,0,1
2384,3379,705,466,442,413,1.5128755364806867,3556.62,0,0,1,0,0,0,1
1689,4405,262,178,562,1088,1.4719101123595506,2522.32,0,0,0,1,0,1,0
1261,2660,966,175,198,592,5.52,3422.73,0,0,0,1,0,0,1
2620,3172,794,166,529,766,4.783132530120482,6570.71,1,0,0,0,1,0,0
3955,3926,730,339,44,237,2.1533923303834808,6879.76,0,0,1,0,1,0,0
4748,4576,875,31,185,396,28.225806451612904,48836.91,0,0,1,0,1,0,0
794,2975,391,481,389,1865,0.8128898128898129,1024.26,0,0,1,0,1,0,0
4512,3006,545,273,551,1163,1.9963369963369964,7445.58,0,0,0,1,1,0,0
4963,4589,643,312,507,1800,2.0608974358974357,8659.36,1,0,0,0,1,0,0
3898,4591,746,399,442,1340,1.8696741854636592,6098.04,0,0,1,0,0,0,1
3783,644,909,272,496,1690,3.3419117647058822,7804.58,0,0,1,0,1,0,0
2071,3197,914,221,505,1952,4.135746606334842,4850.37,1,0,0,0,0,0,1
1603,3725,907,474,137,1447,1.9135021097046414,2674.76,0,0,1,0,0,1,0
3349,3605,428,173,279,132,2.4739884393063583,5925.67,0,0,0,1,1,0,0
4318,1184,132,145,164,226,0.9103448275862069,5735.21,0,1,0,0,0,1,0
3342,652,303,261,543,1628,1.160919540229885,4761.11,0,0,0,1,0,1,0
1968,1253,694,214,23,1497,3.2429906542056073,4080.77,1,0,0,0,0,1,0
1771,4038,152,353,711,118,0.43059490084985835,2114.67,1,0,0,0,1,0,0
1182,2345,947,311,507,638,3.045016077170418,2411.58,0,0,0,1,0,0,1
1828,1786,908,251,686,1911,3.6175298804780875,3956.46,0,1,0,0,0,1,0
3951,793,520,329,510,1964,1.580547112462006,5861.49,1,0,0,0,1,0,0
2242,3890,936,424,570,1763,2.207547169811321,3747.5,1,0,0,0,0,0,1
1248,597,957,288,708,339,3.3229166666666665,2706.1,0,0,0,1,0,1,0
353,2195,690,70,600,419,9.857142857142858,1491.5,0,1,0,0,1,0,0
4202,712,66,474,444,1459,0.13924050632911392,4712.05,0,1,0,0,0,0,1
3642,4067,51,315,142,1203,0.1619047619047619,4173.6,0,1,0,0,0,0,1
2875,475,830,311,281,1949,2.6688102893890675,5565.39,1,0,0,0,1,0,0
4737,905,640,481,207,462,1.3305613305613306,7086.71,0,1,0,0,0,1,0
3433,1020,130,308,684,1621,0.42207792207792205,4121.33,0,0,0,1,1,0,0
4284,3704,833,403,302,676,2.066997518610422,7119.97,1,0,0,0,0,1,0
3379,1543,772,104,397,1766,7.423076923076923,11947.58,0,1,0,0,1,0,0
4408,1645,352,157,318,718,2.2420382165605095,7772.51,0,0,1,0,0,0,1
2981,1310,341,409,48,1128,0.8337408312958435,3809.37,0,1,0,0,0,0,1
365,2180,465,471,673,114,0.9872611464968153,483.03,0,1,0,0,0,0,1
2440,4787,446,268,677,1724,1.664179104477612,3956.42,1,0,0,0,0,0,1
3248,2248,350,39,390,1295,8.974358974358974,12292.68,0,0,0,1,0,0,1
3459,1608,350,27,379,563,12.962962962962964,16980.72,0,0,1,0,1,0,0
1104,1013,425,196,217,306,2.1683673469387754,1900.23,1,0,0,0,1,0,0
2194,2880,858,463,629,1758,1.8531317494600432,3692.75,0,1,0,0,1,0,0
4817,489,191,221,251,623,0.8642533936651584,6317.33,1,0,0,0,0,1,0
3371,4149,686,44,434,55,15.590909090909092,20675.92,1,0,0,0,0,1,0
4622,4355,993,156,585,524,6.365384615384615,14560.7,0,0,1,0,0,0,1
309,3725,273,291,284,434,0.9381443298969072,429.93,0,1,0,0,0,0,1
987,1170,219,44,483,190,4.9772727272727275,2605.69,1,0,0,0,0,0,1
253,4891,532,85,707,389,6.258823529411765,778.97,0,0,0,1,0,1,0
3693,4953,191,81,267,667,2.3580246913580245,6470.57,0,0,1,0,0,1,0
514,2670,453,258,599,1359,1.755813953488372,792.57,1,0,0,0,1,0,0
3524,3837,260,66,246,346,3.9393939393939394,8098.37,0,0,1,0,0,1,0
1384,2879,147,366,158,265,0.4016393442622951,1552.4,1,0,0,0,0,0,1
3248,438,227,314,357,872,0.7229299363057324,4136.5,1,0,0,0,1,0,0
868,2076,760,19,548,1128,40.0,11399.2,1,0,0,0,0,1,0
1082,3536,463,222,236,1699,2.0855855855855854,1778.05,0,0,0,1,1,0,0
3302,894,892,370,460,141,2.4108108108108106,6185.64,0,0,0,1,0,1,0
4774,1822,858,246,100,749,3.4878048780487805,10394.97,0,0,0,1,0,1,0
3626,3319,96,243,119,556,0.3950617283950617,4317.44,1,0,0,0,0,1,0
2887,998,819,422,354,239,1.9407582938388626,4752.65,0,0,0,1,0,0,1
2310,202,302,232,708,1454,1.3017241379310345,3344.84,0,0,1,0,0,1,0
1138,2959,101,113,88,1633,0.8938053097345132,1486.89,0,0,0,1,0,0,1
4032,4288,217,336,36,1122,0.6458333333333334,5022.27,0,0,1,0,1,0,0
641,1547,213,107,314,1911,1.9906542056074767,1083.91,0,1,0,0,0,1,0
458,4314,195,235,540,836,0.8297872340425532,582.69,0,1,0,0,0,0,1
949,2132,94,231,551,1485,0.4069264069264069,1092.72,0,0,0,1,0,0,1
4622,4132,836,333,322,970,2.5105105105105103,8503.98,0,0,0,1,1,0,0
2644,3160,673,498,427,565,1.3514056224899598,3858.92,0,0,1,0,1,0,0
4681,1634,165,487,517,621,0.33880903490759756,5579.38,1,0,0,0,1,0,0
1931,2947,302,482,653,257,0.6265560165975104,2482.46,0,0,1,0,0,1,0
1572,3309,542,343,9,1035,1.5801749271137027,2395.07,0,1,0,0,0,1,0
1536,4670,170,289,359,178,0.5882352941176471,1888.52,1,0,0,0,1,0,0
429,3563,395,52,478,1417,7.596153846153846,1543.99,0,0,1,0,0,1,0
4454,534,494,360,57,1318,1.3722222222222222,6807.84,0,0,0,1,0,0,1
4338,1357,512,391,283,983,1.3094629156010231,6172.44,0,1,0,0,0,0,1
4108,154,860,432,445,397,1.9907407407407407,6745.26,0,1,0,0,0,1,0
4822,1030,165,357,461,1413,0.46218487394957986,5536.43,0,0,0,1,0,1,0
1488,2899,152,162,490,537,0.9382716049382716,2036.09,0,0,1,0,0,0,1
4285,411,778,348,359,638,2.235632183908046,7385.77,0,0,0,1,0,0,1
819,1056,628,461,690,266,1.3622559652928417,1215.61,0,0,1,0,0,1,0
3335,4183,293,299,594,1157,0.979933110367893,4646.91,0,1,0,0,0,1,0
4676,4952,571,233,597,1302,2.4506437768240343,8792.1,0,0,0,1,1,0,0
2231,2612,44,482,65,1578,0.0912863070539419,2366.67,0,1,0,0,1,0,0
1200,1363,233,128,429,985,1.8203125,1899.33,0,1,0,0,0,1,0
772,2847,677,223,457,1125,3.0358744394618835,1600.28,1,0,0,0,0,0,1
616,2882,402,62,136,404,6.483870967741935,1883.39,0,0,0,1,0,1,0
2632,1193,417,229,606,1308,1.8209606986899562,4404.37,0,1,0,0,0,0,1
3770,2886,712,448,48,1301,1.5892857142857142,5650.86,0,0,1,0,0,1,0
881,2915,397,252,612,139,1.5753968253968254,1415.69,0,0,0,1,0,1,0
3623,3863,705,62,194,1245,11.370967741935484,16754.24,0,0,1,0,0,0,1
3658,4135,758,411,117,69,1.8442822384428224,5778.58,0,0,1,0,0,0,1
2486,4939,306,126,164,805,2.4285714285714284,4527.16,0,0,1,0,0,1,0
4882,2423,332,400,479,177,0.83,6628.12,0,0,0,1,0,0,1
1689,332,825,456,287,1397,1.8092105263157894,2707.17,0,0,1,0,0,0,1
1601,2201,863,340,536,1733,2.538235294117647,2870.33,0,0,0,1,0,1,0
3894,4452,497,51,494,545,9.745098039215685,16159.1,1,0,0,0,1,0,0
4418,2128,579,404,405,301,1.433168316831683,6844.7,0,0,1,0,1,0,0
3180,2029,48,256,96,1252,0.1875,3399.64,0,0,0,1,0,0,1
1176,1558,514,402,497,1672,1.2786069651741294,1633.83,0,0,1,0,0,1,0
1200,1748,512,300,254,1396,1.7066666666666668,1824.61,0,1,0,0,0,0,1
602,507,762,257,414,1015,2.964980544747082,1163.69,0,0,1,0,0,1,0
1439,3440,546,110,633,646,4.963636363636364,3584.42,0,1,0,0,1,0,0
3985,2077,325,96,584,399,3.3854166666666665,8376.59,0,1,0,0,1,0,0
723,2513,505,362,371,1167,1.3950276243093922,1097.14,0,0,1,0,1,0,0
1986,1860,126,458,576,757,0.27510917030567683,2302.65,0,0,1,0,0,0,1
3450,3697,351,93,243,1161,3.774193548387097,7824.67,0,1,0,0,1,0,0
1150,1478,891,270,639,573,3.3,2356.29,1,0,0,0,1,0,0
3872,720,249,230,373,56,1.0826086956521739,5507.06,0,0,0,1,0,0,1
4016,1029,696,163,39,1669,4.269938650306749,9688.51,0,0,1,0,0,1,0
4118,1074,454,60,353,382,7.566666666666666,14625.51,0,1,0,0,1,0,0
1429,4587,861,47,426,1946,18.319148936170212,9726.12,0,0,0,1,0,1,0
4214,4547,749,268,77,471,2.794776119402985,7886.72,0,0,1,0,0,1,0
3467,2953,496,478,510,1232,1.0376569037656904,4834.8,0,0,0,1,0,0,1
4051,1789,774,196,517,1662,3.9489795918367347,8983.64,0,1,0,0,0,1,0
2597,4771,420,22,140,635,19.09090909090909,19153.41,0,0,1,0,0,1,0
1673,4718,901,232,252,1977,3.8836206896551726,3876.93,1,0,0,0,0,0,1
2734,825,632,474,669,743,1.3333333333333333,4117.09,0,0,0,1,0,1,0
2868,261,762,428,317,35,1.780373831775701,4698.7,0,0,1,0,1,0,0
1311,758,745,96,420,1290,7.760416666666667,4405.74,0,0,0,1,0,0,1
875,2997,307,268,75,1627,1.1455223880597014,1230.4,0,0,0,1,0,0,1
1260,4719,61,190,29,976,0.32105263157894737,1471.34,0,0,1,0,0,0,1
2483,4199,742,320,41,21,2.31875,4306.8,0,0,1,0,1,0,0
2754,2642,313,182,541,1164,1.7197802197802199,4458.57,0,0,1,0,0,1,0
3640,1678,297,331,492,265,0.8972809667673716,4998.6,0,1,0,0,0,1,0
4797,4094,673,204,100,1424,3.299019607843137,9807.03,0,0,1,0,0,1,0
4735,1174,908,349,320,457,2.6017191977077365,8599.02,0,0,0,1,1,0,0
1195,3305,127,254,570,1144,0.5,1495.62,0,0,1,0,0,1,0
123,4144,932,437,650,1757,2.1327231121281462,201.8,0,1,0,0,0,1,0
4819,3533,978,338,523,950,2.893491124260355,9232.35,0,1,0,0,1,0,0
3656,977,433,377,189,383,1.1485411140583555,5115.66,0,0,1,0,1,0,0
1179,1191,800,205,450,535,3.902439024390244,2731.34,0,0,0,1,0,1,0
4418,3159,656,71,94,1063,9.23943661971831,18325.45,0,1,0,0,1,0,0
278,1774,218,34,181,1771,6.411764705882353,842.88,0,0,0,1,1,0,0
2947,1708,136,61,321,1777,2.2295081967213113,5384.74,1,0,0,0,1,0,0
2060,2926,302,59,283,1664,5.11864406779661,5414.9,0,1,0,0,0,0,1
1573,1317,528,387,391,984,1.3643410852713178,2371.02,1,0,0,0,0,0,1
4988,3152,231,394,321,1046,0.5862944162436549,5962.32,0,1,0,0,0,1,0
1312,413,86,304,570,1591,0.28289473684210525,1488.88,0,0,0,1,0,1,0
909,829,347,61,25,1951,5.688524590163935,2674.62,1,0,0,0,1,0,0
519,4139,872,341,260,1866,2.557184750733138,946.5,0,0,0,1,0,1,0
3759,483,799,49,497,47,16.306122448979593,22380.41,0,1,0,0,0,0,1
3916,1912,855,241,213,746,3.5477178423236513,8506.41,0,0,0,1,0,1,0
1378,2424,859,69,115,539,12.44927536231884,6811.31,1,0,0,0,0,1,0
2623,3529,748,225,452,1408,3.3244444444444445,5359.26,0,0,1,0,0,0,1
1540,2845,922,466,700,1506,1.9785407725321889,2676.33,0,0,1,0,0,0,1
1440,1964,284,375,648,1072,0.7573333333333333,1873.5,0,1,0,0,1,0,0
2321,3391,872,349,490,679,2.498567335243553,4201.73,0,0,1,0,1,0,0
2492,4946,816,206,602,984,3.9611650485436893,5996.59,0,1,0,0,1,0,0
1461,327,126,285,528,1941,0.4421052631578947,1677.54,0,0,0,1,0,1,0
691,2164,301,350,659,1807,0.86,942.99,0,0,0,1,0,1,0
626,111,280,11,385,1105,25.454545454545453,5531.05,1,0,0,0,0,1,0
2603,1622,456,478,613,1654,0.9539748953974896,3428.14,1,0,0,0,0,0,1
1392,791,166,115,418,45,1.4434782608695653,2094.17,0,0,1,0,0,1,0
1754,3805,581,225,219,275,2.582222222222222,3318.81,0,0,0,1,0,0,1
287,1839,193,274,557,1717,0.7043795620437956,371.65,1,0,0,0,0,1,0
2858,1625,433,176,63,985,2.460227272727273,4978.39,0,0,1,0,0,1,0
628,169,665,256,350,1335,2.59765625,1149.45,0,1,0,0,0,0,1
533,2348,682,423,390,232,1.612293144208038,843.05,1,0,0,0,0,0,1
3612,3223,610,447,377,86,1.3646532438478747,5543.68,1,0,0,0,0,0,1
1904,4824,25,219,66,1129,0.1141552511415525,2101.12,0,0,1,0,1,0,0
402,3430,935,67,119,1779,13.955223880597014,2140.44,1,0,0,0,1,0,0
4282,1387,770,437,8,177,1.7620137299771168,6877.84,0,0,1,0,0,1,0
537,675,107,52,707,1770,2.0576923076923075,924.74,1,0,0,0,0,1,0
2688,2272,971,147,27,1614,6.605442176870748,8123.1,0,0,0,1,0,1,0
932,844,625,118,290,638,5.296610169491525,2544.41,0,0,0,1,1,0,0
896,2627,309,498,28,1213,0.6204819277108434,1112.91,0,0,0,1,0,1,0
659,3173,756,57,159,1084,13.263157894736842,3391.58,1,0,0,0,0,0,1
3688,4310,431,135,145,1244,3.1925925925925926,7670.5,0,0,1,0,0,0,1
861,4676,316,478,467,588,0.6610878661087866,1097.4,0,0,0,1,1,0,0
3674,1124,965,223,108,603,4.327354260089686,9263.88,0,1,0,0,0,0,1
3885,1041,283,410,439,1140,0.6902439024390243,4890.33,1,0,0,0,0,0,1
2614,867,270,137,203,1816,1.9708029197080292,4380.48,0,0,1,0,0,1,0
784,2538,248,398,301,1494,0.6231155778894473,945.21,1,0,0,0,0,0,1
4333,933,945,207,438,1191,4.565217391304348,10830.35,0,0,1,0,0,0,1
677,2290,783,211,11,638,3.7109004739336493,1435.85,0,0,1,0,1,0,0
4905,727,341,201,607,1469,1.6965174129353233,7512.36,1,0,0,0,0,0,1
327,476,124,116,642,1257,1.0689655172413792,439.26,0,1,0,0,0,0,1
2428,3986,277,203,103,114,1.3645320197044335,3638.41,0,1,0,0,0,1,0
2831,189,21,336,486,999,0.0625,3047.69,1,0,0,0,0,1,0
927,2955,82,247,110,1532,0.3319838056680162,1100.67,0,0,0,1,0,1,0
530,1165,883,141,643,612,6.26241134751773,1596.58,0,0,0,1,1,0,0
1163,1158,415,366,703,151,1.133879781420765,1632.62,0,0,1,0,0,1,0
1809,3159,826,92,93,584,8.978260869565217,6789.45,0,0,0,1,0,0,1
1334,4172,187,293,718,988,0.6382252559726962,1707.46,1,0,0,0,1,0,0
401,2700,985,477,541,370,2.0649895178197064,649.66,1,0,0,0,0,0,1
1520,4319,781,231,699,1373,3.380952380952381,3191.8,0,1,0,0,0,0,1
4728,2204,955,115,507,975,8.304347826086957,16817.75,0,0,0,1,0,1,0
868,2953,268,303,177,1191,0.8844884488448845,1183.0,0,0,0,1,1,0,0
1504,2755,409,75,439,72,5.453333333333333,4231.51,0,0,1,0,1,0,0
543,1615,279,204,668,860,1.3676470588235294,819.91,1,0,0,0,0,1,0
3204,3117,841,197,711,353,4.269035532994923,7415.97,1,0,0,0,1,0,0
4455,4247,641,56,511,1035,11.446428571428571,21074.27,1,0,0,0,0,0,1
3405,1673,690,371,109,810,1.8598382749326146,5671.33,0,1,0,0,1,0,0
1638,2636,495,368,72,741,1.3451086956521738,2299.59,0,1,0,0,0,0,1
4030,4026,589,34,489,638,17.323529411764707,25767.33,0,1,0,0,1,0,0
1431,2152,68,75,281,153,0.9066666666666666,1836.12,1,0,0,0,1,0,0
169,3896,651,496,214,1186,1.3125,251.59,1,0,0,0,0,1,0
3535,731,896,344,457,1814,2.604651162790698,6430.8,0,0,0,1,0,1,0
580,1961,275,76,587,386,3.6184210526315788,1241.62,1,0,0,0,1,0,0
4194,4052,84,206,418,691,0.4077669902912621,4743.92,1,0,0,0,0,0,1
3596,1332,99,255,510,1168,0.38823529411764707,4209.07,0,1,0,0,0,1,0
2893,2364,514,305,662,139,1.6852459016393442,4370.01,0,0,0,1,0,1,0
2992,2147,366,109,323,206,3.3577981651376145,6513.82,1,0,0,0,0,1,0
1298,635,163,187,178,96,0.8716577540106952,1641.74,0,0,1,0,1,0,0
2472,3633,909,124,688,726,7.330645161290323,7957.15,0,1,0,0,0,0,1
1992,4925,227,177,104,1605,1.2824858757062148,2935.06,0,0,1,0,0,0,1
1983,3197,495,128,119,1380,3.8671875,4676.37,0,0,0,1,1,0,0
897,1375,549,495,712,1495,1.1090909090909091,1302.11,0,1,0,0,0,0,1
117,3173,139,174,582,318,0.7988505747126436,146.25,0,0,0,1,0,1,0
143,1125,75,228,57,512,0.32894736842105265,161.64,1,0,0,0,0,0,1
254,2151,153,206,409,19,0.7427184466019418,326.78,0,1,0,0,0,1,0
3548,3721,389,410,578,1437,0.948780487804878,4570.02,0,0,0,1,0,1,0
4938,4663,322,327,58,1962,0.9847094801223242,6734.91,0,0,0,1,1,0,0
4180,300,416,495,117,407,0.8404040404040404,5468.22,0,0,0,1,0,1,0
1525,4503,416,246,425,1852,1.6910569105691058,2433.91,0,0,1,0,0,0,1
4420,3423,982,178,21,969,5.51685393258427,12815.37,0,1,0,0,0,0,1
4412,3458,286,85,79,1426,3.364705882352941,9108.99,0,0,0,1,0,0,1
3739,3071,624,435,559,863,1.4344827586206896,5689.85,0,1,0,0,0,0,1
4226,685,418,296,683,101,1.412162162162162,6274.94,1,0,0,0,0,0,1
1992,3445,323,42,596,593,7.690476190476191,6874.48,1,0,0,0,0,1,0
997,3954,558,308,108,695,1.8116883116883118,1638.48,0,0,0,1,1,0,0
3524,4704,258,358,271,18,0.7206703910614525,4693.63,0,1,0,0,1,0,0
4640,3524,954,239,688,1179,3.99163179916318,11076.33,0,0,0,1,0,0,1
1358,4200,470,204,476,1877,2.303921568627451,2443.49,0,0,0,1,0,1,0
2115,459,408,303,70,129,1.3465346534653466,3106.42,0,0,1,0,1,0,0
4933,3769,677,306,387,992,2.212418300653595,8555.13,0,1,0,0,0,0,1
1802,4409,460,383,166,1934,1.2010443864229765,2644.23,0,0,1,0,0,1,0
973,3577,480,456,58,1339,1.0526315789473684,1308.2,0,0,0,1,1,0,0
665,4758,653,433,451,366,1.508083140877598,1022.62,0,0,1,0,0,1,0
2118,2912,568,423,245,462,1.342789598108747,3121.24,0,0,1,0,0,0,1
1985,144,443,440,45,1185,1.0068181818181818,2752.39,0,0,1,0,0,1,0
2223,2850,965,287,684,1956,3.362369337979094,4549.05,1,0,0,0,1,0,0
4742,733,455,239,383,1655,1.903765690376569,7968.66,1,0,0,0,1,0,0
2414,1310,716,105,578,935,6.819047619047619,7813.35,0,0,1,0,0,1,0
4512,1849,112,392,701,1400,0.2857142857142857,4986.99,0,1,0,0,1,0,0
3983,3341,337,448,71,332,0.7522321428571429,5101.34,1,0,0,0,0,1,0
3292,2868,692,180,548,685,3.8444444444444446,7569.83,0,0,1,0,0,1,0
1959,693,610,326,239,1689,1.8711656441717792,3334.46,0,0,0,1,0,0,1
124,1524,255,339,580,911,0.7522123893805309,153.84,1,0,0,0,0,0,1
3603,2026,67,41,108,20,1.6341463414634145,5374.04,0,0,0,1,0,1,0
4355,956,114,397,208,546,0.2871536523929471,4808.29,0,0,1,0,1,0,0
1237,651,701,486,302,1850,1.4423868312757202,1947.6,0,0,1,0,0,0,1
1289,4238,981,54,430,572,18.166666666666668,8952.88,0,0,1,0,1,0,0
4898,2988,78,81,348,462,0.9629629629629629,6700.83,0,0,0,1,0,1,0
4196,4374,311,29,107,1182,10.724137931034482,17930.92,1,0,0,0,1,0,0
3257,1580,162,248,528,1388,0.6532258064516129,4057.33,0,0,1,0,1,0,0
2467,706,546,208,406,909,2.625,4725.17,0,1,0,0,0,1,0
4577,771,898,74,256,1742,12.135135135135135,23142.59,0,0,1,0,0,0,1
1841,3415,44,197,301,605,0.2233502538071066,2039.36,1,0,0,0,0,0,1
3788,116,966,98,145,1754,9.857142857142858,16488.16,1,0,0,0,1,0,0
3846,2973,24,419,676,323,0.057279236276849645,3966.75,0,1,0,0,0,1,0
997,2694,115,210,524,89,0.5476190476190477,1205.71,0,0,1,0,0,1,0
4123,2584,739,32,562,173,23.09375,35549.13,1,0,0,0,0,0,1
816,715,905,305,360,40,2.9672131147540983,1642.62,1,0,0,0,0,1,0
4067,3305,83,139,524,934,0.5971223021582733,5184.43,1,0,0,0,0,1,0
4121,2949,865,163,484,203,5.306748466257669,11651.42,0,0,0,1,1,0,0
3315,4507,940,87,190,1757,10.804597701149426,14773.47,1,0,0,0,1,0,0
490,3907,294,199,296,1583,1.4773869346733668,723.78,1,0,0,0,0,0,1
3984,2172,559,309,93,243,1.809061488673139,6572.56,0,0,0,1,0,0,1
1799,624,206,424,130,1530,0.4858490566037736,2177.36,0,0,1,0,1,0,0
3137,3273,289,163,484,88,1.7730061349693251,5176.88,0,1,0,0,0,1,0
332,1573,796,122,409,1693,6.524590163934426,1032.09,0,0,0,1,0,1,0
2026,2525,695,348,341,674,1.9971264367816093,3502.64,0,0,0,1,1,0,0
3231,3374,826,495,214,1931,1.6686868686868688,5285.8,0,0,0,1,1,0,0
3406,3438,565,126,330,532,4.484126984126984,8586.64,1,0,0,0,1,0,0
2824,2107,978,14,175,660,69.85714285714286,66618.15,0,0,1,0,1,0,0
4901,4657,675,386,444,713,1.7487046632124352,7910.88,0,0,1,0,0,1,0
333,2512,162,335,201,1848,0.4835820895522388,399.29,0,0,1,0,0,1,0
1491,2251,300,44,617,1175,6.818181818181818,4982.4,0,1,0,0,0,0,1
2992,3282,941,281,98,1124,3.3487544483985765,6384.77,0,0,1,0,1,0,0
1355,527,151,168,103,247,0.8988095238095238,1864.94,0,1,0,0,0,0,1
2638,4664,777,219,553,625,3.547945205479452,5721.08,1,0,0,0,0,1,0
3790,1114,321,23,151,731,13.956521739130435,20749.34,0,0,1,0,0,0,1
989,1704,655,34,268,1880,19.264705882352942,7149.29,0,1,0,0,0,1,0
4787,969,41,344,352,1896,0.11918604651162791,5319.39,1,0,0,0,0,1,0
845,2827,35,227,467,1561,0.15418502202643172,923.72,1,0,0,0,0,0,1
1819,2952,920,263,278,985,3.4980988593155895,3860.74,0,1,0,0,0,0,1
527,985,264,493,568,496,0.5354969574036511,626.31,1,0,0,0,1,0,0
831,2708,954,212,16,1313,4.5,2035.58,1,0,0,0,0,1,0
899,1373,744,110,456,415,6.763636363636364,2780.68,0,0,1,0,1,0,0
4397,4526,65,370,179,970,0.17567567567567569,4821.64,0,1,0,0,1,0,0
935,2055,302,238,134,615,1.26890756302521,1403.84,1,0,0,0,0,1,0
234,686,646,208,258,79,3.105769230769231,496.19,0,0,0,1,0,0,1
2638,300,239,411,62,1409,0.5815085158150851,3277.0,0,0,0,1,1,0,0
3818,4649,62,187,482,1462,0.3315508021390374,4259.05,1,0,0,0,1,0,0
140,3717,963,285,477,528,3.3789473684210525,293.97,0,0,1,0,0,1,0
3467,925,110,321,635,1365,0.3426791277258567,4053.62,0,0,0,1,0,0,1
2515,210,476,139,42,1083,3.4244604316546763,5287.8,0,0,1,0,0,0,1
2140,3011,855,419,373,706,2.0405727923627683,3520.83,1,0,0,0,1,0,0
4439,3999,813,288,373,637,2.8229166666666665,8384.23,0,1,0,0,0,1,0
3049,1007,878,297,299,899,2.9562289562289563,6025.72,1,0,0,0,1,0,0
4361,3815,276,150,52,911,1.84,6914.76,1,0,0,0,0,0,1
3566,3789,804,22,379,544,36.54545454545455,43726.85,0,0,0,1,1,0,0
3188,654,11,410,312,1016,0.026829268292682926,3494.24,0,1,0,0,0,1,0
4923,2003,31,226,579,690,0.13716814159292035,5524.9,0,0,1,0,1,0,0
1215,206,587,195,59,1903,3.01025641025641,2325.03,0,0,1,0,0,0,1
4678,3436,221,479,304,219,0.4613778705636743,5496.01,0,1,0,0,0,1,0
2690,2634,245,36,35,1124,6.805555555555555,8617.32,0,0,1,0,0,1,0
3673,2326,889,410,648,995,2.1682926829268294,6098.98,0,0,0,1,0,1,0
3078,3393,538,227,588,1980,2.3700440528634363,5626.29,1,0,0,0,0,1,0
2547,1493,397,431,493,103,0.9211136890951276,3375.8,0,0,1,0,0,1,0
1330,2784,23,23,491,884,1.0,1797.67,0,0,0,1,1,0,0
2766,2935,528,151,221,630,3.4966887417218544,5817.93,0,0,1,0,0,1,0
4954,266,856,405,597,755,2.11358024691358,8365.53,0,0,0,1,0,0,1
4358,2810,231,334,123,1143,0.6916167664670658,5715.66,0,0,1,0,0,1,0
2694,3724,921,494,707,1928,1.8643724696356276,4532.06,0,0,1,0,0,0,1
3530,2447,625,333,102,7,1.8768768768768769,6033.94,0,1,0,0,0,0,1
3017,1504,971,64,515,388,15.171875,17919.82,0,1,0,0,0,0,1
3052,1625,412,200,313,1502,2.06,5223.5,0,0,0,1,0,0,1
2095,4509,522,294,506,1546,1.7755102040816326,3294.15,0,1,0,0,0,0,1
3991,4938,296,98,494,828,3.020408163265306,8114.63,1,0,0,0,1,0,0
406,2874,393,54,660,1305,7.277777777777778,1409.55,0,1,0,0,0,0,1
1462,925,256,141,199,42,1.8156028368794326,2273.94,0,0,0,1,0,0,1
2202,1224,909,409,633,1583,2.2224938875305624,3832.79,0,1,0,0,0,0,1
3130,668,100,75,681,96,1.3333333333333333,4447.45,0,0,0,1,1,0,0
432,2058,835,288,513,1528,2.8993055555555554,873.23,1,0,0,0,0,1,0
2852,3839,321,333,330,246,0.963963963963964,3902.56,0,0,0,1,0,0,1
342,2209,446,157,621,1248,2.840764331210191,689.18,0,0,0,1,1,0,0
1984,4564,994,154,327,114,6.454545454545454,5862.51,1,0,0,0,1,0,0
1532,4289,735,445,10,544,1.651685393258427,2498.63,1,0,0,0,1,0,0
2650,4194,52,15,127,330,3.466666666666667,5442.33,0,0,0,1,0,1,0
402,3030,83,91,669,1527,0.9120879120879121,526.72,0,0,1,0,1,0,0
4430,863,763,477,231,1993,1.59958071278826,6658.22,0,0,1,0,0,0,1
3209,3460,570,132,15,1177,4.318181818181818,7473.21,0,0,0,1,0,0,1
2286,3550,889,176,487,1241,5.051136363636363,5848.78,0,1,0,0,0,0,1
4390,2247,885,246,442,1513,3.597560975609756,9566.33,0,0,0,1,0,1,0
1650,3495,325,114,558,1782,2.8508771929824563,3301.29,0,0,0,1,1,0,0
1892,4524,743,299,274,272,2.4849498327759196,3599.11,0,1,0,0,0,0,1
746,3819,871,497,618,1969,1.7525150905432596,1202.74,1,0,0,0,0,0,1
4756,4901,153,247,3,1424,0.6194331983805668,5728.78,0,0,0,1,0,0,1
812,320,338,319,326,1374,1.0595611285266457,1078.58,0,0,1,0,0,1,0
4608,1961,218,481,253,1446,0.45322245322245325,5493.19,1,0,0,0,0,0,1
637,2714,108,91,534,261,1.1868131868131868,929.91,1,0,0,0,1,0,0
334,1121,709,103,55,1543,6.883495145631068,1087.21,0,0,0,1,1,0,0
2496,209,123,330,448,717,0.37272727272727274,2936.83,0,0,1,0,0,1,0
1604,4344,184,352,297,264,0.5227272727272727,1864.47,0,1,0,0,0,1,0
1474,3948,280,294,622,801,0.9523809523809523,1973.14,0,1,0,0,0,1,0
4611,798,72,306,373,318,0.23529411764705882,5208.18,0,1,0,0,1,0,0
2009,207,805,370,469,1738,2.175675675675676,3518.93,0,0,1,0,0,1,0
1015,488,413,328,136,1140,1.2591463414634145,1399.08,1,0,0,0,0,1,0
4058,524,234,425,246,1236,0.5505882352941176,4822.64,1,0,0,0,1,0,0
180,2594,968,75,70,160,12.906666666666666,960.25,0,0,0,1,0,0,1
2183,3065,170,121,481,477,1.4049586776859504,3260.95,1,0,0,0,0,1,0
2788,2803,45,365,530,641,0.1232876712328767,3094.55,1,0,0,0,0,0,1
1790,2099,390,438,490,859,0.8904109589041096,2338.05,0,1,0,0,0,0,1
856,3675,662,410,503,148,1.6146341463414635,1345.02,0,1,0,0,0,0,1
2770,1627,327,180,698,1847,1.8166666666666667,4432.21,0,1,0,0,0,0,1
3851,4153,717,256,117,1471,2.80078125,7297.19,1,0,0,0,0,1,0
3652,2126,672,75,257,1102,8.96,14022.67,0,0,0,1,0,1,0
567,2468,465,77,607,975,6.038961038961039,1667.53,1,0,0,0,0,1,0
1594,2866,278,43,428,1286,6.465116279069767,4840.78,0,0,0,1,1,0,0
1119,1955,353,10,115,52,35.3,13303.8,1,0,0,0,1,0,0
1001,546,49,160,494,258,0.30625,1161.15,0,0,1,0,0,0,1
772,1697,759,399,62,1020,1.9022556390977443,1258.73,1,0,0,0,1,0,0
538,309,423,281,497,1757,1.5053380782918149,796.72,0,0,1,0,0,0,1
4322,948,389,267,636,1575,1.4569288389513109,6682.08,0,0,0,1,0,0,1
2176,1751,231,247,80,248,0.9352226720647774,2988.18,1,0,0,0,0,1,0
544,2016,290,125,659,1913,2.32,1004.44,1,0,0,0,0,1,0
1065,3629,234,85,485,288,2.7529411764705882,2052.49,0,0,0,1,1,0,0
3890,2018,466,292,22,1278,1.595890410958904,5913.15,0,1,0,0,0,1,0
563,676,163,28,595,1652,5.821428571428571,1679.79,0,1,0,0,1,0,0
2298,788,289,293,324,947,0.9863481228668942,3061.46,0,0,1,0,0,1,0
2387,889,362,44,517,1733,8.227272727272727,8821.29,1,0,0,0,0,1,0
3865,1455,48,380,261,214,0.12631578947368421,4087.84,0,1,0,0,1,0,0
3276,1787,738,333,129,1116,2.2162162162162162,5797.26,0,0,0,1,0,0,1
4108,449,765,314,626,544,2.4363057324840764,7708.39,0,0,0,1,1,0,0
3604,2817,630,250,284,1629,2.52,6670.33,1,0,0,0,0,1,0
1012,3639,984,16,47,232,61.5,20610.27,0,0,1,0,0,0,1
596,4621,582,46,188,643,12.652173913043478,3142.16,0,0,0,1,0,1,0
1563,4522,498,380,19,1854,1.3105263157894738,2182.39,1,0,0,0,0,1,0
4353,1229,954,162,599,1759,5.888888888888889,12442.81,0,0,1,0,0,1,0
4367,4450,946,254,654,13,3.7244094488188977,10095.72,0,1,0,0,0,0,1
593,4639,207,259,8,838,0.7992277992277992,782.43,1,0,0,0,0,1,0
1526,4308,285,124,37,533,2.2983870967741935,2717.97,0,0,1,0,1,0,0
1792,4884,181,50,598,1469,3.62,3976.49,0,0,0,1,1,0,0
1893,1090,793,346,72,1527,2.291907514450867,3297.42,0,1,0,0,1,0,0
2823,1973,517,71,381,1550,7.28169014084507,9053.84,0,0,0,1,0,0,1
758,4241,414,178,266,1881,2.3258426966292136,1322.31,0,0,0,1,1,0,0
4861,4952,280,151,67,839,1.8543046357615893,7819.7,0,1,0,0,0,1,0
4562,1476,944,494,653,619,1.9109311740890689,7521.71,1,0,0,0,0,0,1
649,1326,563,447,64,406,1.2595078299776286,929.45,1,0,0,0,0,1,0
742,663,710,267,30,1664,2.6591760299625467,1403.43,1,0,0,0,0,1,0
4450,2987,781,97,557,1568,8.051546391752577,15496.83,0,0,0,1,0,1,0
307,1440,673,472,646,1705,1.4258474576271187,446.39,0,0,0,1,1,0,0
2597,3837,140,57,16,288,2.456140350877193,4669.22,1,0,0,0,1,0,0
4290,1537,635,444,278,426,1.4301801801801801,6421.06,1,0,0,0,0,0,1
1983,194,394,490,277,436,0.8040816326530612,2545.46,0,1,0,0,0,0,1
2986,3396,743,320,221,990,2.321875,5358.02,0,0,0,1,1,0,0
577,1048,406,21,193,81,19.333333333333332,4045.23,0,0,1,0,1,0,0
861,4748,575,220,670,1512,2.6136363636363638,1563.32,1,0,0,0,0,1,0
289,2792,859,253,24,1206,3.3952569169960474,633.7,1,0,0,0,1,0,0
855,4261,305,248,141,358,1.2298387096774193,1193.93,0,0,0,1,0,1,0
1546,3381,392,206,26,702,1.9029126213592233,2663.33,1,0,0,0,1,0,0
1763,1597,521,266,98,255,1.9586466165413534,3075.3,1,0,0,0,0,1,0
1935,4860,404,244,276,1877,1.6557377049180328,3097.96,0,0,0,1,1,0,0
4328,2831,563,196,573,1835,2.872448979591837,8462.08,1,0,0,0,1,0,0
4250,2843,614,210,243,899,2.9238095238095236,8612.43,0,1,0,0,0,0,1
4160,4375,269,112,433,166,2.4017857142857144,7782.42,0,0,1,0,0,0,1
4705,2981,290,299,9,465,0.9698996655518395,6505.02,0,0,0,1,0,1,0
4865,301,365,230,272,256,1.5869565217391304,7254.44,0,1,0,0,0,0,1
3712,1598,429,377,32,423,1.1379310344827587,4980.69,0,0,0,1,0,0,1
1789,3186,201,311,605,198,0.6463022508038585,2176.86,0,0,0,1,1,0,0
1416,3213,646,196,479,1237,3.295918367346939,2869.2,0,0,0,1,0,1,0
4929,2690,437,459,128,557,0.9520697167755992,6452.48,0,0,1,0,0,0,1
3286,2048,817,412,17,1838,1.983009708737864,5508.02,0,1,0,0,0,0,1
4120,3704,357,421,553,883,0.8479809976247031,5436.89,0,0,1,0,1,0,0
4454,4063,438,108,473,1896,4.055555555555555,10586.88,0,0,0,1,1,0,0
1245,793,401,433,301,525,0.9260969976905312,1622.95,1,0,0,0,1,0,0
4494,1819,350,254,42,1076,1.3779527559055118,6410.61,0,0,1,0,0,1,0
660,4033,556,322,52,1289,1.7267080745341614,1068.62,1,0,0,0,1,0,0
2012,3832,949,316,188,1977,3.0031645569620253,4009.82,0,0,0,1,0,1,0
1964,2759,411,31,151,1349,13.258064516129032,10427.02,1,0,0,0,1,0,0
396,1821,56,77,244,555,0.7272727272727273,500.77,0,0,1,0,0,0,1
2509,4151,674,401,491,7,1.680798004987531,4057.5,0,1,0,0,0,1,0
2736,2391,759,325,127,1766,2.335384615384615,4970.49,1,0,0,0,1,0,0
1561,4299,434,74,717,44,5.864864864864865,4587.65,0,0,1,0,1,0,0
4392,2798,526,301,409,1196,1.7475083056478404,6712.97,0,1,0,0,0,0,1
2368,3474,969,464,612,1126,2.0883620689655173,4182.09,0,0,0,1,0,0,1
1094,1110,967,226,344,735,4.278761061946903,2592.38,0,1,0,0,0,0,1
107,1141,646,38,591,1604,17.0,661.55,0,0,0,1,1,0,0
2691,1657,888,202,695,1658,4.396039603960396,6711.4,0,0,1,0,0,0,1
2615,1307,337,65,98,589,5.184615384615385,7007.41,0,0,1,0,0,0,1
4515,1780,96,347,68,812,0.276657060518732,4905.38,0,1,0,0,0,1,0
1517,3721,524,397,28,1999,1.3198992443324937,2283.26,0,0,1,0,0,1,0
2416,3452,174,221,29,1320,0.7873303167420814,3116.59,0,0,1,0,0,1,0
4032,1778,232,247,634,1229,0.9392712550607287,5558.3,0,0,0,1,1,0,0
1387,3696,870,209,212,1963,4.162679425837321,3354.77,0,0,1,0,0,1,0
2944,2845,306,484,688,491,0.6322314049586777,3537.39,1,0,0,0,1,0,0
1218,3645,925,187,617,318,4.946524064171123,3210.99,0,0,0,1,0,0,1
652,3093,460,432,480,1195,1.0648148148148149,891.26,1,0,0,0,1,0,0
760,880,352,428,72,218,0.822429906542056,999.29,0,1,0,0,1,0,0
815,1045,945,162,491,1939,5.833333333333333,2261.1,1,0,0,0,0,0,1
3685,3528,350,471,110,501,0.7430997876857749,4771.56,0,0,1,0,0,1,0
3861,3198,470,53,113,1841,8.867924528301886,15231.59,0,1,0,0,0,1,0
2629,647,401,440,397,1217,0.9113636363636364,3678.16,0,0,1,0,0,1,0
4070,2307,910,177,232,333,5.141242937853107,10678.87,0,1,0,0,0,0,1
3507,3084,546,296,43,1177,1.8445945945945945,5532.21,0,1,0,0,1,0,0
1558,2690,560,206,265,553,2.7184466019417477,2932.1,0,0,0,1,0,0,1
3367,2274,430,346,46,1047,1.2427745664739884,4631.25,1,0,0,0,0,0,1
954,1897,390,83,570,1722,4.698795180722891,2392.76,0,0,1,0,0,0,1
4860,1980,626,180,225,216,3.477777777777778,10838.84,0,1,0,0,0,0,1
3637,3156,14,389,652,1067,0.03598971722365039,3747.72,0,0,0,1,1,0,0
1997,2357,657,192,101,1385,3.421875,4240.38,0,1,0,0,0,1,0
372,2297,13,25,281,1649,0.52,454.66,1,0,0,0,0,1,0
4187,130,690,77,238,743,8.96103896103896,15720.79,0,1,0,0,0,0,1
1372,711,325,384,601,936,0.8463541666666666,1777.15,1,0,0,0,1,0,0
4474,4497,831,334,246,414,2.4880239520958085,8525.51,0,1,0,0,0,0,1
4119,3110,927,51,691,1442,18.176470588235293,27365.7,1,0,0,0,1,0,0
915,3012,87,119,99,622,0.7310924369747899,1186.57,0,0,1,0,0,0,1
4471,3902,540,50,200,1674,10.8,19216.66,1,0,0,0,0,1,0
1022,2912,726,315,256,617,2.3047619047619046,1844.44,1,0,0,0,0,1,0
4837,782,364,477,437,316,0.7631027253668763,6110.27,0,0,1,0,0,0,1
4700,356,845,15,494,1921,56.333333333333336,86075.61,1,0,0,0,0,1,0
4967,1039,42,340,436,1676,0.12352941176470589,5215.03,0,1,0,0,0,0,1
1364,2994,671,190,707,1454,3.531578947368421,2822.28,0,1,0,0,1,0,0
3824,3285,714,282,24,767,2.5319148936170213,7379.85,0,1,0,0,1,0,0
2887,876,148,370,363,499,0.4,3367.27,0,0,1,0,1,0,0
2822,2832,281,194,270,349,1.4484536082474226,4363.06,1,0,0,0,1,0,0
4323,831,205,332,228,75,0.6174698795180723,5595.23,1,0,0,0,0,0,1
2650,2142,136,153,128,233,0.8888888888888888,3425.15,0,1,0,0,0,1,0
3049,1069,358,445,543,913,0.8044943820224719,4114.1,1,0,0,0,1,0,0
1773,202,752,109,58,724,6.89908256880734,5827.97,0,1,0,0,0,1,0
4687,1183,53,99,325,570,0.5353535353535354,5754.17,0,1,0,0,0,0,1
3192,4962,751,481,659,38,1.5613305613305613,5066.36,0,1,0,0,0,1,0
2938,3170,737,255,106,262,2.8901960784313725,5546.12,0,0,1,0,0,1,0
1766,3848,253,248,437,1470,1.0201612903225807,2367.28,0,0,0,1,0,1,0
4611,471,18,427,85,212,0.04215456674473068,4730.5,0,0,0,1,0,0,1
2295,778,771,221,2,1482,3.48868778280543,5117.8,1,0,0,0,0,0,1
1484,301,721,90,437,1674,8.011111111111111,5100.44,0,1,0,0,0,0,1
4503,188,855,124,451,991,6.895161290322581,15171.74,0,0,0,1,0,1,0
4054,2096,88,285,565,1306,0.3087719298245614,4478.21,0,0,0,1,1,0,0
2999,4594,766,89,441,1594,8.606741573033707,11453.44,1,0,0,0,1,0,0
160,287,199,65,222,785,3.0615384615384613,327.23,0,0,1,0,0,1,0
4047,4847,95,188,25,1589,0.5053191489361702,5094.52,1,0,0,0,1,0,0
2390,1654,494,318,35,206,1.5534591194968554,3617.05,1,0,0,0,1,0,0
572,4782,280,58,669,5,4.827586206896552,1446.91,0,1,0,0,0,1,0
1058,329,783,269,343,1859,2.9107806691449816,2149.61,0,0,1,0,0,0,1
632,3652,522,283,366,1643,1.8445229681978799,1077.79,1,0,0,0,1,0,0
593,154,29,301,657,1267,0.09634551495016612,611.98,0,0,0,1,0,0,1
181,4466,498,382,336,148,1.3036649214659686,267.79,0,0,0,1,1,0,0
3070,4131,941,300,433,1715,3.1366666666666667,6104.05,1,0,0,0,0,1,0
111,1223,139,39,457,1710,3.5641025641025643,246.4,0,1,0,0,0,1,0
4644,3240,847,383,479,975,2.2114882506527413,8321.97,0,1,0,0,0,0,1
861,3470,779,261,398,1347,2.9846743295019156,1756.38,1,0,0,0,0,0,1
3285,1652,652,72,343,387,9.055555555555555,12740.98,0,0,1,0,0,0,1
125,215,16,91,691,1943,0.17582417582417584,133.67,0,1,0,0,0,0,1
1906,3713,861,414,280,1417,2.079710144927536,3276.17,0,0,0,1,0,1,0
4257,4518,762,445,352,1675,1.7123595505617977,6952.3,0,0,1,0,0,1,0
4424,2710,713,489,197,1711,1.4580777096114519,6939.24,1,0,0,0,0,1,0
4802,459,946,334,225,1789,2.8323353293413174,9284.31,0,0,1,0,0,0,1
3759,127,319,390,47,1969,0.8179487179487179,4796.41,0,1,0,0,0,1,0
1625,3937,818,178,185,1274,4.595505617977528,3911.24,0,1,0,0,0,1,0
860,3633,636,319,162,428,1.993730407523511,1484.0,0,0,0,1,1,0,0
694,1518,910,352,643,369,2.585227272727273,1298.21,1,0,0,0,1,0,0
1155,4139,482,167,295,1001,2.8862275449101795,2300.37,0,0,1,0,1,0,0
1954,3016,111,484,92,1933,0.22933884297520662,2121.69,0,0,1,0,0,0,1
3183,1394,347,65,587,648,5.338461538461538,8286.14,0,0,1,0,0,0,1
4016,3729,328,344,650,1471,0.9534883720930233,5664.5,0,0,1,0,0,1,0
3775,2175,522,434,168,1046,1.2027649769585254,5553.7,0,0,0,1,0,1,0
2148,4939,34,151,258,550,0.2251655629139073,2384.83,0,0,0,1,0,0,1
1558,3777,730,158,557,539,4.620253164556962,3887.45,0,0,0,1,1,0,0
1319,3253,439,385,309,1306,1.1402597402597403,1934.66,0,1,0,0,0,1,0
4328,1878,152,235,649,1303,0.6468085106382979,5275.13,0,0,0,1,1,0,0
4281,4775,718,483,615,1144,1.4865424430641823,6687.13,0,0,0,1,0,1,0
1599,3994,666,34,129,1277,19.58823529411765,11015.19,1,0,0,0,1,0,0
1930,2598,158,187,673,1895,0.8449197860962567,2631.06,1,0,0,0,0,1,0
3495,4628,702,374,550,477,1.8770053475935828,5784.97,1,0,0,0,1,0,0
1303,473,64,104,569,1089,0.6153846153846154,1617.27,1,0,0,0,1,0,0
4370,2365,480,62,161,1610,7.741935483870968,15545.43,0,0,0,1,0,0,1
2910,1231,372,313,176,1327,1.1884984025559104,3974.26,0,0,0,1,0,1,0
3192,1942,659,79,288,1341,8.341772151898734,11398.7,0,1,0,0,1,0,0
3144,1673,218,185,405,174,1.1783783783783783,4428.64,0,0,1,0,0,0,1
4773,4544,194,141,657,1924,1.375886524822695,7159.77,0,0,1,0,0,1,0
3614,887,74,417,580,1439,0.1774580335731415,3861.42,1,0,0,0,0,0,1
1898,1645,558,499,340,1284,1.1182364729458918,2630.91,0,1,0,0,1,0,0
2675,4221,121,424,268,1309,0.28537735849056606,2979.78,0,0,0,1,0,1,0
244,469,272,348,218,73,0.7816091954022989,320.66,0,0,1,0,1,0,0
4957,4474,85,468,164,1103,0.18162393162393162,5707.61,1,0,0,0,1,0,0
4026,1802,305,422,691,1068,0.7227488151658767,4980.25,1,0,0,0,0,0,1
1477,1757,187,398,391,745,0.46984924623115576,1717.08,0,0,1,0,1,0,0
3246,2028,775,347,417,1027,2.23342939481268,5746.45,0,0,1,0,0,1,0
1925,4155,10,460,48,443,0.021739130434782608,2025.43,0,0,1,0,0,0,1
893,706,157,369,194,79,0.4254742547425474,1079.3,0,0,0,1,1,0,0
1701,2676,885,340,718,1401,2.6029411764705883,3116.49,0,0,1,0,1,0,0
4514,4224,680,222,84,1717,3.063063063063063,9133.92,0,1,0,0,1,0,0
1210,422,845,487,613,139,1.735112936344969,1911.02,0,1,0,0,0,0,1
4153,1976,995,220,667,1926,4.5227272727272725,10063.16,0,0,1,0,0,1,0
4893,683,789,446,47,815,1.7690582959641257,8036.03,0,0,0,1,0,0,1
4037,2909,671,354,234,1031,1.8954802259887005,6836.63,1,0,0,0,1,0,0
4063,755,138,73,299,883,1.8904109589041096,6576.67,0,0,1,0,0,0,1
882,4981,647,44,147,1902,14.704545454545455,5070.16,0,0,1,0,1,0,0
1216,322,522,21,196,1860,24.857142857142858,10467.55,0,0,1,0,0,0,1
1850,2222,908,440,22,725,2.0636363636363635,3232.24,0,1,0,0,1,0,0
2676,2320,638,355,194,513,1.7971830985915493,4234.62,0,1,0,0,0,0,1
4127,3650,981,320,386,696,3.065625,8057.99,1,0,0,0,1,0,0
3436,2542,511,257,364,1787,1.9883268482490273,6001.19,0,0,0,1,1,0,0
4487,4085,158,121,274,727,1.3057851239669422,6508.55,0,0,1,0,0,0,1
1587,266,278,334,384,77,0.8323353293413174,2110.9,0,0,1,0,0,0,1
3975,2116,710,476,208,1067,1.4915966386554622,6219.33,0,0,1,0,1,0,0
3731,217,662,100,275,1948,6.62,11905.18,1,0,0,0,0,1,0
4292,1909,114,303,496,1181,0.37623762376237624,5046.15,0,0,1,0,1,0,0
4058,2306,475,38,539,530,12.5,19991.8,0,1,0,0,1,0,0
3497,1350,773,21,527,1879,36.80952380952381,45982.13,0,0,0,1,0,1,0
173,4106,938,156,159,1244,6.012820512820513,491.54,0,1,0,0,1,0,0
1459,3209,911,146,460,1609,6.239726027397261,4560.5,0,0,1,0,0,0,1
1191,4658,290,347,394,1013,0.8357348703170029,1595.35,1,0,0,0,0,0,1
4953,1771,416,166,439,190,2.5060240963855422,9172.5,0,1,0,0,0,1,0
2041,2251,865,268,379,875,3.2276119402985075,4147.73,0,0,0,1,1,0,0
3248,2397,622,96,164,262,6.479166666666667,9700.94,1,0,0,0,0,0,1
4403,1136,803,167,639,144,4.808383233532934,11230.99,0,0,1,0,1,0,0
1344,2714,909,195,330,1509,4.661538461538462,3476.18,0,0,1,0,0,1,0
1385,1979,367,353,570,641,1.0396600566572238,1952.4,1,0,0,0,0,0,1
4605,696,684,318,147,278,2.150943396226415,8065.55,0,1,0,0,0,1,0
3136,720,212,366,110,814,0.5792349726775956,4046.28,0,1,0,0,1,0,0
870,170,621,238,394,1726,2.6092436974789917,1701.87,1,0,0,0,1,0,0
1943,1903,290,13,561,1687,22.307692307692307,15544.01,0,1,0,0,1,0,0
173,4633,925,66,182,1941,14.015151515151516,917.72,0,0,0,1,0,1,0
1760,1167,266,447,573,307,0.5950782997762863,2170.41,1,0,0,0,0,0,1
4449,2025,103,37,443,1920,2.7837837837837838,8854.07,0,0,0,1,0,1,0
919,1137,333,25,130,607,13.32,4801.87,1,0,0,0,0,0,1
3918,3542,800,22,403,550,36.36363636363637,48227.5,0,0,0,1,1,0,0
431,3283,748,209,505,1180,3.5789473684210527,960.01,0,0,1,0,1,0,0
1521,1502,371,193,654,300,1.922279792746114,2554.05,0,0,1,0,0,1,0
3755,2461,671,318,22,347,2.110062893081761,6725.99,0,1,0,0,0,0,1
1791,1538,360,313,17,1447,1.1501597444089458,2541.3,1,0,0,0,1,0,0
4650,3911,71,290,634,426,0.24482758620689654,5474.45,0,0,1,0,1,0,0
4508,584,650,331,282,42,1.9637462235649548,7372.19,1,0,0,0,0,1,0
327,4364,196,167,227,316,1.1736526946107784,480.37,1,0,0,0,0,1,0
2981,4998,589,369,420,638,1.5962059620596205,4563.19,0,0,0,1,0,0,1
2965,345,924,268,373,1849,3.4477611940298507,6520.16,0,0,1,0,1,0,0
2675,3471,551,416,301,77,1.3245192307692308,4084.05,0,1,0,0,0,0,1
4622,1450,906,166,286,96,5.457831325301205,12949.49,0,1,0,0,0,0,1
564,629,313,434,116,1287,0.7211981566820277,736.01,0,1,0,0,0,0,1
377,3914,796,103,149,819,7.728155339805825,1370.99,1,0,0,0,0,1,0
4214,1888,648,276,404,737,2.347826086956522,7451.56,0,1,0,0,0,0,1
165,1802,445,30,682,1647,14.833333333333334,945.25,1,0,0,0,0,0,1
4362,3725,222,136,90,750,1.6323529411764706,7081.82,0,0,1,0,0,0,1
502,3420,415,356,119,205,1.1657303370786516,723.15,1,0,0,0,0,1,0
4083,859,827,417,696,1312,1.9832134292565948,7081.14,0,1,0,0,0,1,0
4604,1503,971,360,93,1287,2.6972222222222224,8844.37,0,0,1,0,1,0,0
3578,897,143,359,629,1612,0.3983286908077994,4301.87,0,1,0,0,0,1,0
3544,631,969,458,447,936,2.1157205240174672,5801.0,1,0,0,0,0,1,0
4792,2017,926,394,312,655,2.350253807106599,8448.26,1,0,0,0,0,0,1
4519,4237,924,447,318,315,2.0671140939597317,7885.44,0,1,0,0,1,0,0
3139,3516,228,465,121,1393,0.49032258064516127,3746.21,0,0,1,0,0,1,0
1537,698,430,121,317,1621,3.553719008264463,3290.85,1,0,0,0,1,0,0
528,405,328,243,138,1932,1.3497942386831276,812.39,0,0,0,1,0,0,1
2782,3009,166,43,660,1276,3.86046511627907,6335.69,0,0,0,1,0,1,0
2877,778,197,89,284,1357,2.2134831460674156,4879.61,0,0,0,1,0,0,1
3478,3484,485,484,654,744,1.0020661157024793,4737.17,0,0,0,1,0,0,1
492,830,171,461,520,1450,0.37093275488069416,575.11,0,1,0,0,1,0,0
4641,2125,138,92,505,295,1.5,7394.81,1,0,0,0,0,1,0
441,4328,313,38,391,831,8.236842105263158,1640.67,0,0,1,0,1,0,0
232,2866,98,498,5,642,0.19678714859437751,258.46,0,0,0,1,0,0,1
364,2198,904,140,367,285,6.457142857142857,1115.3,0,1,0,0,0,1,0
4288,491,926,20,492,1341,46.3,69693.6,0,0,1,0,0,0,1
1785,2843,171,401,466,512,0.42643391521197005,2143.41,0,1,0,0,1,0,0
1534,3884,931,71,235,1008,13.112676056338028,7837.96,1,0,0,0,1,0,0
1760,3937,45,368,362,29,0.12228260869565218,1909.34,0,0,0,1,0,0,1
3917,4703,236,42,522,1764,5.619047619047619,10812.53,0,0,1,0,1,0,0
2454,1785,160,145,242,1318,1.103448275862069,3580.07,0,0,1,0,1,0,0
365,3014,602,418,442,1031,1.4401913875598087,559.39,0,1,0,0,0,0,1
4841,1518,56,97,188,542,0.5773195876288659,5902.24,0,1,0,0,0,1,0
1236,4291,725,419,404,215,1.730310262529833,1912.0,1,0,0,0,0,1,0
4649,4301,949,419,427,627,2.2649164677804294,7946.09,0,0,1,0,0,1,0
1490,4190,669,26,413,1976,25.73076923076923,13612.32,0,0,0,1,0,0,1
1212,3826,240,100,514,215,2.4,2182.11,0,0,0,1,0,0,1
2334,4873,548,422,154,1188,1.2985781990521328,3378.76,0,0,1,0,1,0,0
2966,3729,710,308,203,1194,2.3051948051948052,5444.53,0,0,1,0,0,1,0
3168,3413,174,496,217,221,0.35080645161290325,3844.26,1,0,0,0,1,0,0
2279,4985,733,262,482,1024,2.7977099236641223,4340.53,0,0,0,1,0,0,1
734,4710,829,82,315,1284,10.109756097560975,3047.38,0,0,0,1,0,1,0
3731,1184,596,215,617,1748,2.772093023255814,7360.08,0,1,0,0,0,0,1
1499,1107,613,270,1,261,2.27037037037037,2633.33,0,1,0,0,1,0,0
4886,1417,583,187,503,1838,3.1176470588235294,9661.58,0,0,0,1,1,0,0
2839,2449,75,487,278,1867,0.1540041067761807,3023.91,0,0,1,0,0,0,1
3270,2793,929,321,194,1666,2.8940809968847354,6280.49,0,0,1,0,0,0,1
1965,2378,89,456,248,1024,0.19517543859649122,2080.33,0,1,0,0,0,1,0
2055,3822,149,322,88,1641,0.46273291925465837,2560.6,0,0,1,0,0,0,1
4777,3793,409,229,434,566,1.7860262008733625,7652.21,1,0,0,0,1,0,0
2318,4492,941,182,420,1644,5.170329670329671,5962.44,0,0,1,0,1,0,0
1489,4650,139,174,253,1496,0.7988505747126436,1876.3,0,0,1,0,0,0,1
4979,4435,994,337,429,1851,2.949554896142433,9688.19,0,0,1,0,0,0,1
3230,3347,775,344,164,801,2.252906976744186,5711.7,0,1,0,0,0,1,0
4376,3234,455,229,495,1279,1.9868995633187774,7475.91,0,0,1,0,1,0,0
4214,2698,841,301,162,1302,2.7940199335548175,7984.67,0,0,0,1,1,0,0
1349,2285,38,170,507,1583,0.2235294117647059,1577.31,0,1,0,0,1,0,0
3266,4152,997,399,265,646,2.49874686716792,6148.74,0,0,1,0,0,0,1
1345,4649,211,257,110,1048,0.8210116731517509,1814.71,0,0,1,0,1,0,0
153,3924,246,380,719,989,0.6473684210526316,188.63,1,0,0,0,0,0,1
3010,3620,608,469,319,1457,1.2963752665245203,4339.89,0,0,1,0,0,1,0
2496,1349,617,80,132,992,7.7125,8716.16,0,1,0,0,0,0,1
542,2174,808,438,133,629,1.8447488584474885,879.99,0,0,1,0,0,1,0
4775,2604,348,101,394,1775,3.4455445544554455,9963.12,0,1,0,0,0,1,0
3711,4890,408,400,620,478,1.02,5329.9,0,0,0,1,0,0,1
4477,4905,448,370,684,1518,1.2108108108108109,6621.01,0,0,1,0,0,1,0
2507,2114,298,330,552,382,0.9030303030303031,3262.0,0,1,0,0,0,0,1
922,1048,261,254,35,819,1.0275590551181102,1313.87,0,0,0,1,1,0,0
3802,206,986,33,571,374,29.87878787878788,40104.97,0,1,0,0,0,0,1
3039,2591,701,54,705,553,12.981481481481481,14892.9,0,0,1,0,0,1,0
4836,4792,109,198,372,762,0.5505050505050505,5829.72,0,1,0,0,0,1,0
1131,254,925,412,31,1347,2.245145631067961,1897.65,0,0,1,0,1,0,0
2116,3340,594,382,174,1113,1.5549738219895288,3130.33,0,1,0,0,0,0,1
662,895,431,425,390,92,1.0141176470588236,878.86,0,0,0,1,1,0,0
2638,4467,652,295,710,377,2.2101694915254235,4599.64,0,0,1,0,0,1,0
440,1670,703,330,106,1999,2.1303030303030304,748.7,0,0,0,1,0,0,1
4667,1734,715,425,275,1105,1.6823529411764706,7127.09,0,0,1,0,0,1,0
3875,2038,27,450,96,1666,0.06,4100.39,0,1,0,0,0,0,1
2396,1632,480,413,682,603,1.162227602905569,3329.75,0,0,0,1,1,0,0
334,3128,647,350,30,100,1.8485714285714285,540.52,0,0,1,0,1,0,0
1216,4317,732,92,161,1614,7.956521739130435,4189.51,0,0,0,1,0,1,0
2008,1540,16,231,306,1579,0.06926406926406926,2174.7,1,0,0,0,1,0,0
1517,1498,428,379,623,1147,1.129287598944591,2039.98,0,0,0,1,1,0,0
1391,3746,389,485,196,800,0.8020618556701031,1792.64,0,0,1,0,0,1,0
3588,3497,517,361,608,1420,1.4321329639889198,5588.58,0,1,0,0,0,1,0
4827,4345,123,423,338,23,0.2907801418439716,5468.32,1,0,0,0,0,1,0
3754,4902,861,352,138,656,2.446022727272727,6795.8,1,0,0,0,0,0,1
628,3142,520,228,447,1964,2.280701754385965,1064.88,1,0,0,0,0,1,0
3424,1715,605,494,310,770,1.2246963562753037,4965.44,0,0,0,1,0,0,1
2080,1613,860,452,179,519,1.9026548672566372,3573.2,0,0,1,0,0,1,0
3039,2698,882,227,337,1301,3.8854625550660793,6773.3,0,0,0,1,0,0,1
1429,944,985,199,234,1722,4.949748743718593,3690.6,1,0,0,0,0,1,0
1333,3519,623,76,249,1119,8.197368421052632,4882.33,1,0,0,0,0,0,1
1853,3630,478,40,132,919,11.95,8575.2,1,0,0,0,1,0,0
2900,2427,102,331,249,1406,0.3081570996978852,3469.16,0,0,0,1,0,1,0
3033,3140,501,259,455,1980,1.9343629343629343,5017.2,1,0,0,0,0,1,0
2859,2076,837,63,499,377,13.285714285714286,14418.22,0,1,0,0,0,0,1
2875,1935,111,19,63,1049,5.842105263157895,8179.11,0,0,1,0,1,0,0
3587,4999,502,175,392,291,2.8685714285714288,6923.36,1,0,0,0,1,0,0
3950,454,772,348,257,1251,2.218390804597701,6806.01,0,0,1,0,0,0,1
2627,1705,545,424,248,1197,1.2853773584905661,3892.34,0,0,0,1,0,1,0
990,4573,494,294,264,1671,1.6802721088435375,1540.49,1,0,0,0,1,0,0
2165,3295,998,162,467,1477,6.160493827160494,6365.94,0,1,0,0,0,1,0
1288,2227,488,41,361,1312,11.902439024390244,6076.72,1,0,0,0,0,0,1
4397,1087,886,26,393,1845,34.07692307692308,53186.39,0,1,0,0,0,1,0
840,4428,176,380,179,1093,0.4631578947368421,986.22,0,1,0,0,1,0,0
1469,253,149,310,506,1305,0.4806451612903226,1683.17,0,0,1,0,0,0,1
1489,1006,103,314,499,863,0.32802547770700635,1695.31,0,0,1,0,1,0,0
2100,3863,190,352,677,342,0.5397727272727273,2507.95,0,0,0,1,0,1,0
1571,1720,585,155,603,870,3.774193548387097,3654.28,0,1,0,0,0,1,0
1636,3728,13,84,704,1357,0.15476190476190477,1793.77,0,1,0,0,0,0,1
418,3674,615,388,292,1767,1.5850515463917525,631.23,0,0,1,0,1,0,0
2364,4518,398,133,588,1410,2.992481203007519,4926.63,0,0,0,1,1,0,0
1994,431,281,61,99,1366,4.60655737704918,4866.84,0,0,1,0,1,0,0
3811,4438,804,413,607,317,1.9467312348668282,6497.31,0,0,1,0,0,0,1
4919,529,141,199,181,1929,0.7085427135678392,6352.03,0,0,0,1,0,1,0
2922,2523,593,150,403,1331,3.953333333333333,6682.74,0,1,0,0,0,1,0
4608,180,825,97,666,1794,8.505154639175258,17029.7,0,1,0,0,0,1,0
1375,1673,913,436,374,1197,2.0940366972477062,2434.1,0,0,0,1,1,0,0
3183,519,602,93,624,544,6.473118279569892,9809.06,0,1,0,0,0,0,1
500,566,521,252,683,1224,2.0674603174603177,840.53,0,0,0,1,1,0,0
823,3493,695,115,253,1616,6.043478260869565,2397.15,0,0,0,1,0,0,1
2429,1665,821,101,122,1889,8.128712871287128,8582.81,0,0,1,0,1,0,0
1235,1618,972,364,442,75,2.67032967032967,2315.33,0,1,0,0,0,0,1
2870,4130,996,30,717,1952,33.2,31832.4,0,1,0,0,1,0,0
4946,2135,61,15,245,776,4.066666666666666,11051.63,0,0,0,1,1,0,0
367,903,299,464,639,1621,0.6443965517241379,461.66,0,0,1,0,0,0,1
669,1177,455,230,491,217,1.9782608695652173,1114.46,0,0,1,0,0,1,0
2656,1732,246,318,46,633,0.7735849056603774,3329.13,0,1,0,0,0,1,0
2073,2084,798,96,452,532,8.3125,7319.89,1,0,0,0,0,0,1
645,103,500,189,296,449,2.6455026455026456,1173.48,0,0,0,1,0,0,1
2922,702,289,462,141,1685,0.6255411255411255,3579.75,0,1,0,0,0,1,0
4560,2467,53,351,633,1031,0.150997150997151,4981.77,0,1,0,0,1,0,0
4742,3775,891,402,521,889,2.216417910447761,8047.73,1,0,0,0,0,1,0
370,600,775,361,66,1914,2.146814404432133,654.26,1,0,0,0,0,0,1
838,284,946,255,483,393,3.7098039215686276,1804.88,0,0,1,0,1,0,0
1357,3609,934,467,309,1622,2.0,2198.15,0,0,1,0,0,0,1
158,3351,368,183,460,1410,2.010928961748634,278.51,0,0,1,0,0,1,0
4281,3247,655,122,593,1525,5.368852459016393,11676.59,0,0,1,0,1,0,0
4958,3040,577,485,398,1171,1.1896907216494845,6841.92,0,0,0,1,0,1,0
489,1395,535,468,469,316,1.143162393162393,715.45,1,0,0,0,0,1,0
818,154,699,80,617,454,8.7375,3030.64,0,1,0,0,0,1,0
4344,1824,471,167,392,1211,2.820359281437126,8761.76,0,0,1,0,1,0,0
4778,3010,110,308,97,1349,0.35714285714285715,5352.86,0,1,0,0,0,1,0
220,1970,701,246,190,813,2.8495934959349594,442.43,0,0,0,1,1,0,0
2752,4272,993,196,195,318,5.066326530612245,7062.54,0,0,1,0,0,1,0
2403,2443,470,252,334,394,1.8650793650793651,4099.18,0,0,0,1,0,1,0
4961,3390,778,175,83,379,4.445714285714286,12242.39,0,0,1,0,0,0,1
3011,3448,277,43,251,705,6.441860465116279,8997.63,0,1,0,0,0,1,0
899,1701,892,264,70,794,3.378787878787879,1963.19,0,0,0,1,1,0,0
3480,2893,371,311,292,1498,1.1929260450160772,4909.98,0,0,1,0,0,0,1
2206,3437,417,229,340,1724,1.8209606986899562,3661.08,0,1,0,0,1,0,0
1209,2190,46,41,385,1042,1.1219512195121952,1719.91,0,1,0,0,0,1,0
1350,1351,477,409,700,827,1.1662591687041566,1952.5,0,1,0,0,0,0,1
2740,270,975,432,458,149,2.2569444444444446,4753.15,0,0,1,0,0,0,1
1749,2909,725,266,141,558,2.725563909774436,3477.57,0,1,0,0,0,0,1
1445,2454,990,491,140,1036,2.016293279022403,2448.89,0,1,0,0,1,0,0
3056,1873,268,242,75,742,1.1074380165289257,4102.88,0,0,1,0,0,0,1
2546,3854,518,450,100,462,1.1511111111111112,3448.08,0,0,0,1,0,0,1
3464,4091,676,224,657,1649,3.017857142857143,7087.4,0,1,0,0,1,0,0
584,2181,759,251,175,1184,3.0239043824701195,1208.46,0,0,1,0,1,0,0
902,926,318,254,323,1959,1.2519685039370079,1327.05,0,0,0,1,1,0,0
1815,1765,621,29,477,1763,21.413793103448278,13848.73,0,1,0,0,0,1,0
2015,229,282,219,10,977,1.2876712328767124,2856.5,0,0,1,0,1,0,0
3583,1517,634,219,46,695,2.894977168949772,7073.36,1,0,0,0,1,0,0
1857,3887,119,435,629,567,0.2735632183908046,2048.94,0,0,1,0,0,0,1
1909,1507,664,497,516,266,1.336016096579477,2775.51,0,1,0,0,0,1,0
3107,693,688,478,313,547,1.4393305439330544,4728.28,0,0,0,1,0,0,1
3325,1137,269,81,238,80,3.3209876543209877,6826.8,0,0,0,1,1,0,0
3595,2228,666,171,31,518,3.8947368421052633,8088.15,0,0,0,1,1,0,0
2420,3378,751,187,510,1663,4.016042780748663,5528.01,0,1,0,0,0,0,1
1770,4399,916,20,130,1092,45.8,27291.3,0,1,0,0,0,1,0
4715,122,277,372,385,702,0.7446236559139785,6157.26,0,0,0,1,0,1,0
1251,1733,41,308,593,244,0.1331168831168831,1402.74,0,0,0,1,0,0,1
4847,4101,932,275,25,9,3.389090909090909,10425.2,0,0,0,1,1,0,0
2323,4299,949,17,261,1181,55.8235294117647,41334.3,0,0,0,1,0,1,0
2767,1505,820,465,560,1607,1.7634408602150538,4610.27,0,0,1,0,0,1,0
310,1578,740,284,398,464,2.6056338028169015,584.42,0,1,0,0,0,0,1
2594,1294,186,202,564,646,0.9207920792079208,3615.21,1,0,0,0,0,1,0
4781,675,113,320,330,1324,0.353125,5797.13,0,0,0,1,1,0,0
4362,1706,245,445,149,1344,0.550561797752809,5320.25,0,0,1,0,0,0,1
2607,4469,102,268,409,249,0.3805970149253731,3170.84,1,0,0,0,0,1,0
3063,551,210,62,611,323,3.3870967741935485,6401.04,1,0,0,0,1,0,0
3528,224,820,309,579,556,2.6537216828478964,6501.69,0,0,0,1,1,0,0
3475,3554,908,105,119,1652,8.647619047619047,12582.11,0,0,0,1,0,0,1
4055,2464,752,313,434,1486,2.402555910543131,7292.98,0,0,1,0,0,0,1
3805,1966,934,319,228,1422,2.927899686520376,7639.42,0,0,0,1,1,0,0
3505,1783,776,409,615,393,1.8973105134474328,6037.28,1,0,0,0,1,0,0
4138,1006,606,423,240,1252,1.4326241134751774,6224.89,0,0,0,1,0,1,0
1152,3634,44,101,232,919,0.43564356435643564,1398.23,0,0,1,0,0,1,0
813,529,126,421,290,569,0.2992874109263658,965.39,0,0,1,0,0,1,0
2988,2851,697,153,154,244,4.555555555555555,7455.72,0,0,1,0,0,1,0
787,3925,467,498,682,1081,0.9377510040160643,1025.22,0,0,1,0,0,1,0
429,461,480,316,159,1167,1.518987341772152,677.46,0,0,1,0,0,0,1
1846,4991,944,426,625,192,2.215962441314554,3249.66,0,0,0,1,0,1,0
1307,531,994,418,563,519,2.3779904306220097,2409.27,0,1,0,0,0,1,0
2242,2822,929,27,476,1428,34.407407407407405,27055.93,0,0,1,0,0,1,0
884,3161,797,135,548,960,5.9037037037037035,2464.61,0,1,0,0,1,0,0
2796,3323,408,163,13,1299,2.503067484662577,4978.36,0,0,0,1,0,1,0
3920,1730,606,15,507,1670,40.4,52902.59,0,0,1,0,0,0,1
3818,4771,126,431,218,1971,0.2923433874709977,4271.09,0,1,0,0,1,0,0
